{
    "authors": [
        {
            "family": "Liu",
            "given": "Yun"
        },
        {
            "family": "Chen",
            "given": "Po-Hsuan Cameron"
        },
        {
            "family": "Krause",
            "given": "Jonathan"
        },
        {
            "family": "Peng",
            "given": "Lily"
        }
    ],
    "ctr": 0.1,
    "custom_score": 1.0,
    "id": {
        "dois": [
            "10.1001/jama.2019.16489"
        ]
    },
    "issued_at": 1573516800,
    "languages": [
        "en"
    ],
    "metadata": {
        "container_title": "JAMA",
        "issns": [
            "0098-7484"
        ],
        "issue": "18",
        "publisher": "American Medical Association (AMA)",
        "volume": "322"
    },
    "page_rank": 0.32634676,
    "referenced_by_count": 264,
    "references": [
        {
            "doi": "10.1001/jamaophthalmol.2015.5083",
            "type": "reference"
        },
        {
            "doi": "10.1001/jama.2016.17216",
            "type": "reference"
        },
        {
            "doi": "10.1001/jama.2017.18152",
            "type": "reference"
        },
        {
            "doi": "10.1001/jamanetworkopen.2018.2665",
            "type": "reference"
        },
        {
            "doi": "10.1001/jama.1994.03510290071040",
            "type": "reference"
        },
        {
            "doi": "10.1001/jama.1994.03510330081039",
            "type": "reference"
        },
        {
            "doi": "10.1001/jama.284.1.79",
            "type": "reference"
        },
        {
            "doi": "10.1001/jama.2017.18391",
            "type": "reference"
        },
        {
            "doi": "10.1016/s0196-0644(05)82656-3",
            "type": "reference"
        },
        {
            "doi": "10.1016/s0196-0644(95)70229-6",
            "type": "reference"
        },
        {
            "doi": "10.1136/bmj.311.7005.594",
            "type": "reference"
        },
        {
            "doi": "10.1016/s0196-0644(98)70093-9",
            "type": "reference"
        },
        {
            "doi": "10.1136/bjsm.35.6.445",
            "type": "reference"
        },
        {
            "doi": "10.1001/jama.1997.03540480035035",
            "type": "reference"
        },
        {
            "doi": "10.1001/jama.2017.12126",
            "type": "reference"
        },
        {
            "doi": "10.7326/m14-0697",
            "type": "reference"
        },
        {
            "doi": "10.1148/radiology.143.1.7063747",
            "type": "reference"
        },
        {
            "doi": "10.7326/m14-0698",
            "type": "reference"
        },
        {
            "doi": "10.1001/jama.2017.14585",
            "type": "reference"
        },
        {
            "doi": "10.1001/jama.284.7.835",
            "type": "reference"
        },
        {
            "doi": "10.1038/nature14539",
            "type": "reference"
        },
        {
            "doi": "10.1007/s11263-015-0816-y",
            "type": "reference"
        },
        {
            "doi": "10.1093/aje/kwk052",
            "type": "reference"
        },
        {
            "doi": "10.1016/j.ophtha.2018.01.034",
            "type": "reference"
        },
        {
            "doi": "10.1038/s41551-018-0195-0",
            "type": "reference"
        },
        {
            "doi": "10.1038/s41551-018-0210-5",
            "type": "reference"
        },
        {
            "doi": "10.1038/srep26286",
            "type": "reference"
        },
        {
            "doi": "10.1038/s41746-019-0099-8",
            "type": "reference"
        },
        {
            "doi": "10.1097/pas.0000000000001151",
            "type": "reference"
        },
        {
            "doi": "10.1097/00004424-199010000-00006",
            "type": "reference"
        },
        {
            "doi": "10.1148/radiol.10100354",
            "type": "reference"
        },
        {
            "doi": "10.1016/j.acra.2007.09.027",
            "type": "reference"
        },
        {
            "doi": "10.1001/jama.2018.11100",
            "type": "reference"
        }
    ],
    "tags": [
        "General Medicine"
    ],
    "title": "How to Read Articles That Use Machine Learning: Users’ Guides to the Medical Literature",
    "type": "journal-article",
    "updated_at": 1693666458
}