{
    "authors": [
        {
            "family": "Sandal",
            "given": "Louise Fleng",
            "sequence": "first"
        },
        {
            "family": "Bach",
            "given": "Kerstin",
            "sequence": "additional"
        },
        {
            "family": "Øverås",
            "given": "Cecilie K.",
            "sequence": "additional"
        },
        {
            "family": "Svendsen",
            "given": "Malene Jagd",
            "sequence": "additional"
        },
        {
            "family": "Dalager",
            "given": "Tina",
            "sequence": "additional"
        },
        {
            "family": "Stejnicher Drongstrup Jensen",
            "given": "Jesper",
            "sequence": "additional"
        },
        {
            "family": "Kongsvold",
            "given": "Atle",
            "sequence": "additional"
        },
        {
            "family": "Nordstoga",
            "given": "Anne Lovise",
            "sequence": "additional"
        },
        {
            "family": "Bardal",
            "given": "Ellen Marie",
            "sequence": "additional"
        },
        {
            "family": "Ashikhmin",
            "given": "Ilya",
            "sequence": "additional"
        },
        {
            "family": "Wood",
            "given": "Karen",
            "sequence": "additional"
        },
        {
            "family": "Rasmussen",
            "given": "Charlotte Diana Nørregaard",
            "sequence": "additional"
        },
        {
            "family": "Stochkendahl",
            "given": "Mette Jensen",
            "sequence": "additional"
        },
        {
            "family": "Nicholl",
            "given": "Barbara I.",
            "sequence": "additional"
        },
        {
            "family": "Wiratunga",
            "given": "Nirmalie",
            "sequence": "additional"
        },
        {
            "family": "Cooper",
            "given": "Kay",
            "sequence": "additional"
        },
        {
            "family": "Hartvigsen",
            "given": "Jan",
            "sequence": "additional"
        },
        {
            "family": "Kjær",
            "given": "Per",
            "sequence": "additional"
        },
        {
            "family": "Sjøgaard",
            "given": "Gisela",
            "sequence": "additional"
        },
        {
            "family": "Nilsen",
            "given": "Tom I. L.",
            "sequence": "additional"
        },
        {
            "family": "Mair",
            "given": "Frances S.",
            "sequence": "additional"
        },
        {
            "family": "Søgaard",
            "given": "Karen",
            "sequence": "additional"
        },
        {
            "family": "Mork",
            "given": "Paul Jarle",
            "sequence": "additional"
        }
    ],
    "ctr": 0.1,
    "custom_score": 1.0,
    "id": {
        "dois": [
            "10.1001/jamainternmed.2021.4097"
        ]
    },
    "issued_at": 1633046400,
    "languages": [
        "en"
    ],
    "metadata": {
        "container_title": "JAMA Internal Medicine",
        "first_page": 1288,
        "issns": [
            "2168-6106"
        ],
        "issue": "10",
        "publisher": "American Medical Association (AMA)",
        "volume": "181"
    },
    "page_rank": 0.15615362,
    "referenced_by_count": 42,
    "references": [
        {
            "doi": "10.1016/j.berh.2020.101549",
            "type": "reference"
        },
        {
            "doi": "10.1007/s00586-017-5432-9",
            "type": "reference"
        },
        {
            "doi": "10.1016/s0140-6736(18)32335-3",
            "type": "reference"
        },
        {
            "doi": "10.1016/s0140-6736(18)30480-x",
            "type": "reference"
        },
        {
            "doi": "10.1001/jama.2020.0734",
            "type": "reference"
        },
        {
            "doi": "10.1016/j.mayocp.2012.08.020",
            "type": "reference"
        },
        {
            "doi": "10.1016/s0140-6736(16)30970-9",
            "type": "reference"
        },
        {
            "doi": "10.2519/jospt.2019.0605",
            "type": "reference"
        },
        {
            "doi": "10.1136/bjsports-2018-100488",
            "type": "reference"
        },
        {
            "doi": "10.1002/ejp.v25.2",
            "type": "reference"
        },
        {
            "doi": "10.7326/m16-2367",
            "type": "reference"
        },
        {
            "doi": "10.1007/s00586-018-5673-2",
            "type": "reference"
        },
        {
            "doi": "10.1097/j.pain.0000000000001751",
            "type": "reference"
        },
        {
            "doi": "10.1371/journal.pone.0211768",
            "type": "reference"
        },
        {
            "doi": "10.2196/mhealth.4160",
            "type": "reference"
        },
        {
            "doi": "10.1016/j.ijnurstu.2019.103507",
            "type": "reference"
        },
        {
            "doi": "10.2196/resprot.9379",
            "type": "reference"
        },
        {
            "doi": "10.2196/14720",
            "type": "reference"
        },
        {
            "doi": "10.2196/18729",
            "type": "reference"
        },
        {
            "doi": "10.3233/aic-1994-7104",
            "type": "reference"
        },
        {
            "doi": "10.1097/00007632-200012150-00006",
            "type": "reference"
        },
        {
            "doi": "10.1016/j.jclinepi.2005.03.018",
            "type": "reference"
        },
        {
            "doi": "10.1097/brs.0b013e31815e3a10",
            "type": "reference"
        },
        {
            "doi": "10.1093/ptj/78.11.1186",
            "type": "reference"
        },
        {
            "doi": "10.1016/j.berh.2005.03.003",
            "type": "reference"
        },
        {
            "doi": "10.1002/acr.v63.11s",
            "type": "reference"
        },
        {
            "doi": "10.1016/j.ejpain.2005.12.008",
            "type": "reference"
        },
        {
            "doi": "10.1016/0304-3959(93)90127-b",
            "type": "reference"
        },
        {
            "doi": "10.1186/1471-2474-14-53",
            "type": "reference"
        },
        {
            "doi": "10.1016/j.jval.2012.02.008",
            "type": "reference"
        },
        {
            "doi": "10.1007/s11136-011-9903-x",
            "type": "reference"
        },
        {
            "doi": "10.1111/sms.12611",
            "type": "reference"
        },
        {
            "doi": "10.1179/jmt.2009.17.3.163",
            "type": "reference"
        },
        {
            "doi": "10.1002/sim.3639",
            "type": "reference"
        },
        {
            "doi": "10.1136/bmj.e5840",
            "type": "reference"
        },
        {
            "doi": "10.1186/1745-6215-15-139",
            "type": "reference"
        },
        {
            "doi": "10.1038/s41746-020-0303-x",
            "type": "reference"
        },
        {
            "doi": "10.7326/m16-2459",
            "type": "reference"
        },
        {
            "doi": "10.2196/20308",
            "type": "reference"
        },
        {
            "doi": "10.1016/b0-08-043076-7/00545-3",
            "type": "reference"
        }
    ],
    "tags": [
        "Internal Medicine"
    ],
    "title": "Effectiveness of App-Delivered, Tailored Self-management Support for Adults With Lower Back Pain–Related Disability: A <scp>self</scp>BACK Randomized Clinical Trial",
    "type": "journal-article",
    "updated_at": 1694294025
}