{
    "authors": [
        {
            "family": "Pursnani",
            "given": "Amit"
        },
        {
            "family": "Massaro",
            "given": "Joseph M."
        },
        {
            "family": "D’Agostino",
            "given": "Ralph B."
        },
        {
            "family": "O’Donnell",
            "given": "Christopher J."
        },
        {
            "family": "Hoffmann",
            "given": "Udo"
        }
    ],
    "ctr": 0.1,
    "custom_score": 1.0,
    "id": {
        "dois": [
            "10.1001/jama.2015.7515"
        ]
    },
    "issued_at": 1436832000,
    "languages": [
        "en"
    ],
    "metadata": {
        "container_title": "JAMA",
        "first_page": 134,
        "issns": [
            "0098-7484"
        ],
        "issue": "2",
        "volume": "314"
    },
    "page_rank": 0.29922515,
    "referenced_by_count": 100,
    "tags": [
        "General Medicine"
    ],
    "title": "Guideline-Based Statin Eligibility, Coronary Artery Calcification, and Cardiovascular Events",
    "type": "journal-article",
    "updated_at": 1693677864
}