{
    "authors": [
        {
            "family": "Mazur",
            "given": "Lukasz M."
        },
        {
            "family": "Mosaly",
            "given": "Prithima R."
        },
        {
            "family": "Moore",
            "given": "Carlton"
        },
        {
            "family": "Marks",
            "given": "Lawrence"
        }
    ],
    "ctr": 0.1,
    "custom_score": 1.0,
    "id": {
        "dois": [
            "10.1001/jamanetworkopen.2019.1709"
        ]
    },
    "issued_at": 1554422400,
    "languages": [
        "en"
    ],
    "metadata": {
        "container_title": "JAMA Network Open",
        "first_page": 191709,
        "issns": [
            "2574-3805"
        ],
        "issue": "4",
        "volume": "2"
    },
    "page_rank": 0.23811147,
    "referenced_by_count": 55,
    "references": [
        {
            "doi": "10.1097/01.ccm.0000190619.42013.94",
            "type": "reference"
        },
        {
            "doi": "10.1056/nejmsa1001025",
            "type": "reference"
        },
        {
            "doi": "10.1016/s0166-4115(08)62386-9",
            "type": "reference"
        },
        {
            "doi": "10.1136/bmjqs-2015-004411",
            "type": "reference"
        },
        {
            "doi": "10.1136/amiajnl-2012-001458",
            "type": "reference"
        },
        {
            "doi": "10.1370/afm.2121",
            "type": "reference"
        },
        {
            "doi": "10.1201/9781420064506",
            "type": "reference"
        },
        {
            "doi": "10.1080/07370024.2014.892428",
            "type": "reference"
        },
        {
            "doi": "10.1007/s10552-005-2905-7",
            "type": "reference"
        },
        {
            "doi": "10.1007/s00426-015-0665-x",
            "type": "reference"
        },
        {
            "doi": "10.1186/1472-6963-9-118",
            "type": "reference"
        },
        {
            "doi": "10.4338/aci-2013-04-ra-0019",
            "type": "reference"
        },
        {
            "doi": "10.1001/archinte.164.20.2223",
            "type": "reference"
        },
        {
            "doi": "10.1001/archinternmed.2009.263",
            "type": "reference"
        },
        {
            "doi": "10.1001/jama.2015.8372",
            "type": "reference"
        },
        {
            "doi": "10.1136/bmjqs-2011-000188",
            "type": "reference"
        },
        {
            "doi": "10.1136/jamia.1999.0060512",
            "type": "reference"
        },
        {
            "doi": "10.1097/sih.0b013e3181e3f329",
            "type": "reference"
        },
        {
            "doi": "10.1016/j.jopan.2008.01.008",
            "type": "reference"
        },
        {
            "doi": "10.1016/s0749-3797(18)30326-x",
            "type": "reference"
        },
        {
            "doi": "10.1016/j.amjmed.2009.07.027",
            "type": "reference"
        },
        {
            "doi": "10.1093/intqhc/mzs011",
            "type": "reference"
        },
        {
            "doi": "10.1001/jama.2017.0076",
            "type": "reference"
        },
        {
            "doi": "10.1001/jama.2018.1171",
            "type": "reference"
        },
        {
            "doi": "10.1007/s11606-011-1949-5",
            "type": "reference"
        },
        {
            "doi": "10.2466/pms.1994.79.3f.1599",
            "type": "reference"
        },
        {
            "doi": "10.1136/amiajnl-2012-001267",
            "type": "reference"
        },
        {
            "doi": "10.1001/archinternmed.2009.130",
            "type": "reference"
        },
        {
            "doi": "10.1093/jncimonographs/lgq009",
            "type": "reference"
        },
        {
            "doi": "10.1097/acm.0000000000000149",
            "type": "reference"
        },
        {
            "doi": "10.1197/jamia.m2280",
            "type": "reference"
        },
        {
            "doi": "10.1016/j.ijrobp.2012.01.063",
            "type": "reference"
        },
        {
            "doi": "10.1177/1077558703254698",
            "type": "reference"
        },
        {
            "doi": "10.1186/1472-6947-11-22",
            "type": "reference"
        },
        {
            "doi": "10.1197/jamia.m3200",
            "type": "reference"
        },
        {
            "doi": "10.1370/afm.961",
            "type": "reference"
        },
        {
            "doi": "10.2196/humanfactors.4062",
            "type": "reference"
        },
        {
            "doi": "10.1080/10447318.2017.1365459",
            "type": "reference"
        },
        {
            "doi": "10.1016/j.jcjq.2017.01.001",
            "type": "reference"
        },
        {
            "doi": "10.1148/radiol.11101396",
            "type": "reference"
        },
        {
            "doi": "10.1097/mlr.0b013e31825f6619",
            "type": "reference"
        },
        {
            "doi": "10.1016/j.prro.2017.02.005",
            "type": "reference"
        },
        {
            "doi": "10.1016/j.ophtha.2017.11.033",
            "type": "reference"
        },
        {
            "doi": "10.14236/jhi.v22i4.85",
            "type": "reference"
        },
        {
            "doi": "10.1377/hlthaff.2018.0699",
            "type": "reference"
        },
        {
            "doi": "10.1186/1472-6920-14-224",
            "type": "reference"
        },
        {
            "doi": "10.1097/pts.0b013e31818d1ca4",
            "type": "reference"
        },
        {
            "doi": "10.1177/1062860610385333",
            "type": "reference"
        },
        {
            "doi": "10.1016/j.jacr.2017.10.001",
            "type": "reference"
        },
        {
            "doi": "10.1093/jamia/ocw016",
            "type": "reference"
        },
        {
            "doi": "10.1093/jamia/ocw185",
            "type": "reference"
        }
    ],
    "tags": [
        "General Medicine"
    ],
    "title": "Association of the Usability of Electronic Health Records With Cognitive Workload and Performance Levels Among Physicians",
    "type": "journal-article",
    "updated_at": 1693667954
}