{
    "authors": [
        {
            "family": "Berry",
            "given": "Scott M."
        },
        {
            "family": "Connor",
            "given": "Jason T."
        },
        {
            "family": "Lewis",
            "given": "Roger J."
        }
    ],
    "ctr": 0.1,
    "custom_score": 1.0,
    "id": {
        "dois": [
            "10.1001/jama.2015.2316"
        ]
    },
    "issued_at": 1430179200,
    "languages": [
        "en"
    ],
    "metadata": {
        "container_title": "JAMA",
        "first_page": 1619,
        "issns": [
            "0098-7484"
        ],
        "issue": "16",
        "volume": "313"
    },
    "page_rank": 0.24739145,
    "referenced_by_count": 231,
    "tags": [
        "General Medicine"
    ],
    "title": "The Platform Trial: An Efficient Strategy for Evaluating Multiple Treatments",
    "type": "journal-article",
    "updated_at": 1693678301
}