{
    "abstract": "<abstract><section><header>Group</header>\n<p>Objectives.\\p=m-\\To assess incidence and preventability of adverse drug events (ADEs) and potential ADEs. To analyze preventable events to develop prevention strategies.</p>\n<p>Design.\\p=m-\\Prospective cohort study. Participants.\\p=m-\\All 4031 adult admissions to a stratified random sample of 11 medical and surgical units in two tertiary care hospitals over a 6-month period. Units included two medical and three surgical intensive care units and four medical and two surgical general care units.</p>\n<p>Main Outcome Measures.\\p=m-\\Adverse drug events and potential ADEs. Methods.\\p=m-\\Incidentswere detected by stimulated self-report by nurses and pharmacists and by daily review of all charts by nurse investigators. Incidents were subsequently classified by two independent reviewers as to whether they repre- sented ADEs or potential ADEs and as to severity and preventability.</p>\n<p>Results.\\p=m-\\Over6 months, 247 ADEs and 194 potential ADEs were identified. Extrapolated event rates were 6.5 ADEs and 5.5 potential ADEs per 100 nonob- stetrical admissions, for mean numbers per hospital per year of approximately 1900 ADEs and 1600 potential ADEs. Of all ADEs, 1% were fatal (none preventable), 12% life-threatening, 30% serious, and 57% significant. Twenty-eight percent were judged preventable. Of the life-threatening and serious ADEs, 42% were prevent- able, compared with 18% of significant ADEs. Errors resulting in preventable ADEs occurred most often at the stages of ordering (56%) and administration (34%); transcription (6%) and dispensing errors (4%) were less common. Errors were much more likely to be intercepted if the error occurred earlier in the process: 48% at the ordering stage vs 0% at the administration stage.</p>\n<p>Conclusion.\\p=m-\\Adverse drug events were common and often preventable; seri- ous ADEs were more likely to be preventable. Most resulted from errors at the or- dering stage, but many also occurred at the administration stage. Prevention strat- egies should target both stages of the drug delivery process.</p></section></abstract>",
    "authors": [
        {
            "family": "Bates",
            "given": "David W."
        }
    ],
    "content": "<content><section><p>IN THE Medical Practice Study (MPS), almost 4% of patients hospitalized in New York State in 1984 suffered an adverse event, defined as an injury due to medical treatment.1 If the numbers from New York are extrapolated to the country as a whole, over a million patients are in¬ jured in hospitals each year, and approxi¬ mately 180 000 die annually as a result of these injuries. Therefore, the iatrogenic injury rate dwarfs the annual automobile accident mortality of45 000 and accounts for more deaths than all other accidents combined.2 However, little attention has been focused on understanding causes of iatrogenic injuries or on developing meth¬ ods to prevent them. In part, this is be¬ cause medical injuries seem to have few common causes, but it also reflects the general lack ofawareness ofthe problem. A critical question is how many of these medical injuries are preventable. In the MPS, 69% ofadverse events were judged by physician reviewers to be due, at least in part, to an error in management; pre¬ sumably most of these adverse events are preventable.3</p>\n<p>See also pp <ref type=\"bibr\">35 and 75.</ref> The leading cause of medical injury in the MPS was use of drugs, accounting for 19.4% of these injuries.4 Other studies, most of which used the adverse drug re¬ action (ADR) as the outcome, have also shown that injuries due to drugs are com¬ mon in hospitalized patients,5\"16 although the true incidence is controversial and var¬ ied widely <ref type=\"bibr\">(1.</ref>5% to 35%) depending on the rigor with which the events were sought. 16   While the ADR is often used as the outcome in studies of injuries caused by medications, its definition by the World Health Organization (WHO) is an effect that is \"noxious and unintended, and which occurs at doses used in man for prophylaxis, diagnosis or therapy.\"17 This includes only appropriate use of drugs, when in fact most preventable drug-re¬ lated injuries suffered by patients occur as a result of errors in their use.5 For these reasons, we prefer the term ad¬ verse drug event (ADE), defined as an injury resulting from medical interven¬ tion related to a drug, because it is more comprehensive and clinically significant than the ADR. For example, overseda- tion and aspiration pneumonia resulting from a 10-fold overdose of a drug would not be considered an ADR according to the WHO definition, but would be an ADE. Few data are available about what percentage of ADEs are potentially pre¬ ventable,18 and what strategies may be used to prevent them. <ref type=\"bibr\">19•20</ref> Traditional medical quality assessment of ADEs has focused on identifying and castigatingproviders who make many er¬ rors-the \"bad apple\" approach.21 The to¬ tal quality improvement perspective, on the other hand, assumes that most pro¬ viders are doing the best they can in the current system and that major improve¬ ments in system performance require re¬ design of systems rather than pushing people harder within the current system.</p>\n<p>Better systems should promote fewer er¬ rors and include effective mechanisms for catching those that do occur.</p>\n<p>Another issue is that ADEs are costly: one study estimated that additional costs associated with an ADE for hospitalized patients were about $2000,22 not includ¬ ing malpractice costs or the cost of in¬ jury to the patient. Drug injuries fre¬ quently result in malpractice claims and accounted for the highest total expen¬ diture of any type of procedure-related injury in a large study of closed claims.28 To justify quality improvement efforts, their economic impact must be consid¬ ered; injuries due to drugs may repre¬ sent an area in which efforts to improve the quality of care may be cost-neutral or even reduce costs.</p>\n<p>Most previous studies of adverse oc¬ currences due to drugs have not evalu¬ ated their preventability, have not ex¬ plicitly taken a systems approach, and many (such as the MPS) have used a retrospective design,1 which severely limits the ability to obtain detailed in¬ formation about individual events. In addition, most have not evaluated po¬ tential ADEs, or near misses, although systems failures associated with these events may be similar to those that re¬ sult in ADEs. Because our eventual aim was to design strategies to prevent ADEs, we undertook a prospective study with these goals: <ref target=\"#b0\" type=\"bibr\">(1)</ref> to evaluate the in¬ cidence and preventability ofADEs and potential ADEs; <ref target=\"#b1\" type=\"bibr\">(2)</ref> to categorize them by drug class and type of unit in which they occurred; <ref target=\"#b2\" type=\"bibr\">(3)</ref> to classify the pre¬ ventable events according to the stage of the process at which the error oc¬ curred; and (4) to classify errors by stage.</p></section>\n<section><header>Methods</header></section>\n<section><header>Patient Population</header>\n<p>Subj ects included all adults at two large tertiary care hospitals, Brigham and Women's Hospital (726 beds) and Mas¬ sachusetts General Hospital (846 beds), admitted to any of 11 units over a 6-month period from February through July 1993, with the exception that at one hospital, patients from two surgical intensive care units (ICUs) were studied for the first 3 months of the study, and then patients from a medical ICU were studied for the final 3 months. This exception was made because we wanted information about both medical and surgical ICUs from that hospital. We previously found18 that ADEs were more common on ICUs vs general care units and that obstetric units had almost no ADEs. To identify as many events as possible for designing preven¬ tion strategies, we oversampled ICUs and omitted obstetric units. Overall, there were 61 adult, nonobstetric units between the two hospitals. These units were stra¬ tified according to hospital, whether medical or surgical, and whether inten¬ sive or general care, and then study units were selected randomly from all units within a stratum using a random number generator. The study units included five ICUs (three surgical and two medical), and six general care units (four medical and two surgical). The primary unit of evaluation was the patient-day, although we also recorded the number of admis¬ sions.</p>\n<p>This study was approved by the insti¬ tutional review boards of both hospitals and the Harvard School of Public Health.</p>\n<p>Because of potential liability concerns, details of individual cases are not pro¬ vided, and results are blinded by insti¬ tution. The major risk to patients was from continuing hazardous treatment; in¬ vestigators and review boards agreed that if patterns of care that could be harmful to a patient or future patients were de¬ tected that the information would be brought immediately to caregivers and appropriate authorities for correction.</p></section>\n<section><header>Case Finding and Definitions</header>\n<p>We used three mechanisms for iden¬ tifying incidents: <ref target=\"#b0\" type=\"bibr\">(1)</ref> nurses and phar¬ macists were asked to report incidents to nurse investigators; <ref target=\"#b1\" type=\"bibr\">(2)</ref> a nurse in¬ vestigator visited each unit at least twice daily on weekdays and solicited infor¬ mation from nurses, pharmacists, and clerical personnel concerning all actual or potential drug-related incidents; <ref type=\"bibr\">and</ref> (3) the nurse investigator reviewed all charts at least daily on weekdays.</p>\n<p>The primary outcome of the study was the ADE. An example would be a patient with first-degree atrioventricular block who received a ß-blocker and developed complete heart block requiringtemporary pacing. We also identified potential ADEs, defined as incidents with potential for in¬ jury related to a drug. An example is a patient who received penicillin despite a known allergy to penicillin, but did not react. Included in this category were drug errors that were intercepted before the order was actually carried out. Incidents were excluded if an error was made but was judged to have minimal potential for injury (for example, a patient receiving a maintenance dose of carbamazepine with no recent seizures who missed one dose), as were incidents in which an injury oc¬ curred that was not clearly drug-related. We chose to include potential ADEs as an outcome because our goal is to reduce the number and severity of drug-related in¬ juries. Based on our pilot study,18 our hy¬ pothesis was that the causes of many po¬ tential ADEs are similar to the causes of actual adverse events.</p>\n<p>To discover the causes of preventable events, the involved persons were in¬ terviewed, and the results of the inves¬ tigation were analyzed by a multidisci- plinary team of physicians, pharmacists, nurses, and systems analysts (see ac¬ companying article by Leape et al24).</p></section>\n<section><header>Classification of Incidents</header>\n<p>All incidents were evaluated indepen¬ dently by two physician reviewers, who classified them according to the following criteria: whether or not an ADE or po¬ tential ADE was present, severity, pre¬ ventability, and if an error was present, the type of error and the stage in the process at which the error occurred. Re¬ viewers were asked to consider ADEs as preventable if they were due to an error or were preventable by any means cur¬ rently available. In the long term it is likely that many ADEs currently judged nonpreventable may become preventable with new approaches. Categories of pre¬ ventability were as follows: definitely pre¬ ventable, probably preventable, probably not preventable, and definitely not pre¬ ventable26; results were collapsed into pre¬ ventable and not preventable in the analy¬ ses. Categories of severity were fatal, life- threatening, serious, and significant.26 The stages of process considered were: order¬ ing (essentially all by physicians), tran¬ scribing (performed by a secretary or nurse depending on the unit and time of day), dispensing (by pharmacy), and ad¬ ministration (by nursing). When there were disagreements that affected classi¬ fication of an event (eg, one reviewer scored it as preventable, but the other did not) or about presence of an event, se¬ verity, or preventability, reviewers met and reached consensus. Ifconsensus could not be reached, a third reviewer evalu¬ ated the incident.</p></section>\n<section><header>Analysis</header>\n<p>Interrater reliabilities for key judg¬ ments were calculated using percentage of agreement and the statistic. The per¬ centage of agreement and the mean scores between reviewers at the two hos¬ pitals (Table <ref target=\"#tab_0\" type=\"table\">1</ref>) were better for judgments regarding presence of an ADE ( = 0.98 and 0.81) and preventability ( = 0.92) than for judgments regarding severity ( = 0.32 and 0.37). All \"wrong choice\" errors-ordering errors in which the re¬ viewers felt an inappropriate judgment was made regarding a medication selec¬ tion or dose given the chnical circum¬ stances-were blindly reviewed by two additional reviewers along with an as¬ sortment of other cases; the additional reviewers agreed with the initial review¬ ers in all but one of these instances. Crude rates of events were calculated by unit type (medical vs surgical) and level of care (intensive vs general) within the hospitals, and these rates were then used to extrapolate to hospital-wide annual rates. To perform the extrapolations, we first obtained hospital-wide census data for all units in the hospitals; obstetric and pediatrie admissions were excluded. The observed rate for each unit type within the hospital was applied to all the units of that type. To determine a hypothetical hospital's annual average number of events, we took the mean between the two hospitals. The extrapolations make the following assumptions: <ref target=\"#b0\" type=\"bibr\">(1)</ref> that units studied are representative of other units included in the same category; (2) that the rate during the 6-month study period was representative of the rate during the re¬ mainder of the year; (3) because no sur¬ gical general care unit was studied at one of the hospitals, that the rate of events on surgical general care units was equal to that of surgical general care units at the other hospital, after adjusting for hospital effect (this assumes that hospital effect was multiplicative across units); and <ref target=\"#b3\" type=\"bibr\">(4)</ref> that the percentage preventable for ADEs and the percentage intercepted for po¬ tential ADEs were constant across unit types. Because more drugs are used in ICUs and on medical than surgical ser¬ vices, we also calculated rates that were adjusted for the number of drugs given within 24 hours of the event.</p>\n<p>Comparisons between categorical variables were made using the 2 test, all with 1 d/unless noted otherwise, and two-sided trend tests for trend for com¬ parison were used for variables with multiple ordered categories. Analyses were performed using SAS27 except for \"Crude rates are those actually observed In the study. Adjusted rates are hospital-wide rates, after adjusting for the sampling scheme, which did not equally represent all unit types (see \"Methods\" section). CI indicates confidence interval.</p>\n<p>tMean number per hospital per year. *ICU indicates intensive care unit, and CI, confidence interval. tMean number of drugs ordered for patients within 24 hours of the adverse drug event (includes as-needed drugs). tRates are adjusted by multiplying them by the unit-specific mean number of drugs and then dividing by overall mean number of drugs.</p>\n<p>trend tests, which were performed us¬ ing <ref type=\"bibr\">StatXact.28</ref> </p></section>\n<section><header>Results</header>\n<p>During the study period, there were 214 486 patient-days in the two hospitals combined in adult, nonobstetric units, and 21412 patient-days on the study units, so that 10% of all patient-days fell within the study sample. These 21412 patientdays included 4031 admissions to study units. We found 247 ADEs, of which 70 (28%) were preventable, and 194 poten¬ tial ADEs, of which 83 (43%) were inter¬ cepted before the drug was given (Table <ref target=\"#tab_1\" type=\"table\">2</ref>). Thus, the crude rates of ADEs were 11.5 per 1000 patient-days and 6.1 per 100 admissions. When these figures were ex¬ trapolated to determine hospital-wide rates, the results were approximately 3800 ADEs between the hospitals, or an average of 1900 ADEs per hospital per year. The adjusted rates per 100 admis¬ sions were 6.5 for ADEs and 5.5 for po¬ tential ADEs. Also, in every 100 admis¬ sions there were 7.3 preventable occur¬ rences (preventable ADEs and potential ADEs combined).</p>\n<p>The rate of ADEs was highest in medi¬ cal ICUs (19.4 per 1000 patient-days), and relatively similar among surgical ICUs, and medical and surgical general care units (8.9 to 10.6 per 1000 patientdays, Table <ref target=\"#tab_2\" type=\"table\">3</ref>). Because the number of drugs used differed substantially by unit type, we also adjusted these figures for the number of drugs ordered within 24 hours by unit. After this adjustment, the rate was still highest in the medical ICUs (15.3 per 1000 patient-days), but was now lowest in surgical ICUs.</p>\n<p>Three patients suffered a fatal ADE during the study (Table <ref target=\"#tab_3\" type=\"table\">4</ref>), represent¬ ing 1% of all ADEs: none was prevent¬ able. An example is a patient who died of Stevens-Johnson syndrome second¬ ary to a chemotherapeutic agent. How¬ ever, of life-threatening and serious ADEs, 42% were preventable, vs 18% of the significant ADEs. Overall, more se¬ vere ADEs were more often prevent¬ able (P&lt;.001, trend test, 2 df). Many of the significant nonpreventable ADEs were allergic reactions such as rashes. The potential ADEs were similar to the preventable ADEs in severity.</p>\n<p>To facilitate comparisons with other studies, we also determined the number of ADEs that met the MPS definition of an adverse event, which required both injury and either measurable disability at discharge or increased length of stay due to the event. Of the 247 ADEs, <ref target=\"#b18\" type=\"bibr\">19</ref> (7.7%) met this definition, of which seven (37%) were preventable. Many serious and life-threatening ADEs did not result in clearly defined disability at discharge or delay in discharge; for example, in the case of a patient who received too much sedation and required intubation and transfer to the ICU, but the event did not clearly prolong hospitalization.</p></section>\n<section><header>Drugs and ADEs and Potential ADEs</header>\n<p>The 247 ADEs were associated with 101 different drugs. Morphine sulfate accounted for 23 (9%) of all ADEs, me- peridine for 13 (5%), and oxycodone for associated with more than 10 ADEs.</p>\n<p>Correspondingly, for all ADEs (Table <ref target=\"#tab_4\" type=\"table\">5</ref>), analgesics was the drug class most often associated with ADEs (30%), fol¬ lowed closely by antibiotics (24%).</p>\n<p>Analgesics was also the leading drug class associated with preventable ADEs, with sedatives (10%) representing the next highest category. However, anti¬ biotics caused only 9% of preventable ADEs vs 30% of nonpreventable ADEs (P&lt;.005). Central nervous system depres¬ sants, including sedatives and antipsychotics in particular, were associated with preventable ADEs more often than non- preventable ADEs. Combined, analgesics, sedatives, and antipsychotics accounted for 46% of preventable ADEs. Overmedi- cation accounted for eight of 20 ADEs due to analgesics, while undermedication accounted for six of 20. In nine of the 20 ADEs due to analgesics, misuse or mal¬ function of infusion pumps or devices (in¬ volving either epidural catheters or pa¬ tient-controlled analgesia) was involved. Concurrent use of multiple psychoactive drugs (including opiates, benzodiazapines, tricyclics, and antipsychotics) was the rule: the 20 patients with analgesic-related pre¬ ventable ADEs had orders for an aver¬ age of two other psychoactive drugs (range, zero to five). Use ofdiabetes medi¬ cations caused four preventable ADEs; all were instances in which the patient had NPO (nothing by mouth) orders, but their insulin dose was not reduced and they suffered significant reactions.</p>\n<p>Drug classes associated with poten¬ tial ADEs were somewhat different (Table <ref target=\"#tab_4\" type=\"table\">5</ref>), most notably in that concen¬ trated electrolyte solutions (primarily potassium chloride, P&lt;.001), anticoagu¬ lants (P&lt;.03), and cardiovascular drugs (P&lt;.009) were more often associated with potential ADEs, while centrally acting agents-primarily analgesics (P&lt;.001), but also sedatives (P=.006)- were less often associated with poten¬ tial ADEs. Five of 20 potential ADEs associated with anticoagulants were in¬ stances in which heparin infusions were turned off (eg, to perform a phlebotomy) during an important period such as im¬ mediately after coronary angioplasty, but were inadvertently not restarted. Preventable Events by Stage Among preventable events (264 pre¬ ventable ADEs and potential ADEs), the primary error occurred in the ordering stage in 49%; only 11% occurred in the transcription, and 14% in the dispensing stage, and 26% occurred in the adminis¬ tration stage (Table <ref target=\"#tab_5\" type=\"table\">6</ref>). Errors were much more likely to be intercepted if they oc¬ curred early in the process (P&lt; .001, trend test): 62 (48%) of 128 ordering errors were intercepted, 23% of transcription, and 37% of dispensing errors, but 0% of the ad¬ ministration errors.</p>\n<p>Among ordering errors, wrong dose was the most common, followed by wrong choice, known allergy, wrong frequency, </p>\n<p>'Potential ADEs could not by definition be fatal.</p>\n<p>and drug-drug interaction. Wrong choice errors were cases in which reviewingphy¬ sicians attributed the ADE or potential ADE to an error in judgment in choosing a medication, eg, giving heparin to a pa¬ tient with occult gastrointestinal bleed¬ ing, or giving amitriptyline to an elderly patient (amitriptyline is strongly anti- cholinergic and more appropriate alter¬ natives exist). The most common tran¬ scription errors were wrong frequency and missed dose, while the most common dispensing errors were wrong time, wrong drug, and wrong dose. Among administra¬ tion errors, wrong dose, wrong technique, wrong drug, missed dose, and wrong time of administration were most frequent.</p></section>\n<section><header>COMMENT</header>\n<p>We found that ADEs were common and that almost a third of ADEs were preventable. Serious and life-threatening ADEs were more likely than significant ADEs to be preventable. For each pre¬ ventable ADE, there were nearly three times as many potential ADEs, or near misses. Errors resulting in ADEs were most frequent at the ordering stage, and a large group occurred at the adminis¬ tration stage.</p>\n<p>We sought to estimate ADE rates in hospitalized patients, using an intensive detection methodology, including both multiple concurrent chart reviews by nurses and self-reporting. We found an adjusted rate of 6.5 ADEs per 100 admis¬ sions, similar to a rate of 6.4 per 100 ad¬ missions we found in a pilot study.18 The MPS,4 a population-based study that sampled patients from all types of acute care hospitals randomly, used one-time retrospective chart review by medical rec¬ ord reviewers to identify events and iden¬ tified 0.7 ADE per 100 admissions. Clas¬ sen et al5 found a rate of2.0 ADEs per 100 admissions using a computerized detec¬ tion strategy in one tertiary care hospital.</p>\n<p>However, these studies used more re¬ strictive definitions of ADEs. The MPS required that the event either prolong hospital stay or result in disability at dis¬ charge, and Classen et al included only   <ref type=\"formula\">4</ref>) 0(0) 27( <ref type=\"formula\">14</ref>) 10( <ref type=\"formula\">9</ref>) 17 (20)   Other 46(19) 16( <ref type=\"formula\">23</ref>) 30( <ref type=\"formula\">17</ref>) 49 ( <ref type=\"formula\">25</ref>) <ref target=\"#b32\" type=\"bibr\">32</ref> (29) 17 (20)   \"Percentages may not add to 100% because of rounding. </p>\n<p>\"severe\" adverse events. Of our patients with an ADE, 8% met the MPS definition of an adverse event, resulting in a rate of 0.5, close to that found in the MPS. As¬ suming that our \"serious\" and \"life-threat¬ ening\" categories can be equated with the \"severe\" category in the study by Classen et al, restricting our analysis to the 43% of events that were serious or life-threatening would result in a rate of 2.8, similar to that found by Classen et al.</p>\n<p>Unlike most other studies of adverse occurrences due to drugs, this study em¬ phasized preventable ADEs and poten¬ tial ADEs. We found that 42% of serious and life-threatening ADEs were prevent¬ able; in the MPS, this figure was 45%.3</p>\n<p>Preventable ADEs have received rela¬ tively little attention, in part because hos¬ pitals are only required to report ADRs to the Food and Drug Administration (FDA), while ADEs due to errors are supposed to be collected by incident re¬ port systems. However, these systems are often ineffective for a variety of rea¬ sons,29,30 including that they are often cum¬ bersome and are sometimes used punitively. The FDA has as part ofits mission the identification of new ADRs, which is appropriate, because only a large data¬ base would have sufficient power to iden¬ tify rare adverse reactions; moreover, this approach has resulted in success stories such as associating aplastic anemia and chloramphenicol.7 The new MEDWATCH program31 promises to be even more ef¬ fective than previous efforts. However, MEDWatch does not target ADEs that are associated with errors. The net result is that the problem of preventable ADEs has been given short shrift despite its importance. Hospitals and other groups such as managed care organizations must take the lead in this area.</p>\n<p>With respect to identification of which drugs caused the events, perhaps the most important finding was that no single drug accounted for more than 9%. Thus, inter¬ ventions for preventing ADEs must tar¬ get many drugs to have a major impact on the overall number ofADEs. The drug classes most often associated with pre¬ ventable ADEs were those that depress the central nervous system, primarily an¬ algesics, but also sedatives and anti- psychotics. Use of these agents is often discretionary,32 and in this study inap¬ propriately high initial doses were often chosen. Occasionally, a medical disorder such as hypoxemia was not recognized and was treated with sedation, with pre¬ dictable adverse consequences.</p>\n<p>Data on the stage at which errors oc¬ cur are critical for structuring preven¬ tion efforts. Most studies of errors in medication use included errors from only one stage.26,33•84 Our data show that pre¬ ventive efforts must be directed at both ordering and administration stages.</p>\n<p>In terms of prevention, another im¬ portant finding was that leading types of ordering errors-wrong dose, known allergy, wrong frequency, and drug-drug interactions-are potentially prevent¬ able by computerized order checking.</p>\n<p>While computerized systems that per¬ form many of these checks are commer¬ cially available,35 the efficacy of a com¬ prehensive system for reducing the rate of ADEs has yet to be proved.36</p>\n<p>Many errors also occurred in the ad¬ ministration stage. The most frequent cat¬ egories of errors were wrong dose and wrong technique. Many of the mistakes involved use of nonstandard doses or un¬ usual administration frequencies. In one hospital, nurses prepare a substantial number ofintravenous (IV) drugs for use. However, since they are under time pres¬ sure and prepare such solutions much less frequently than pharmacists in the \"IV room,\" not surprisingly they make many more mistakes. Some hospitals have all IV packages prepared by the pharmacy, and others have standardized the dosing for many medications, so, for example, only two concentrations of dopamine are used. Another issue stems from variation in physical setup and drug delivery pro¬ cess from unit to unit, eg, the medication administration record is in different loca¬ tions in different units. This variation makes it difficult for providers who work on multiple units to perform efficiently and sets them up to make errors. These problems are familiar in the context ofthe managerialparadigm known as \"total qual¬ ity management,\" which is based on the premise that centralization, standardiza¬ tion, and simplification in processes can reduce variation and help provide more consistent results, with fewer defects. <ref target=\"#b37\" type=\"bibr\">37</ref> </p></section>\n<section><header>Policy Implications</header>\n<p>Our data on ADE rates confirm that ADEs are a major cause of injury in hos- pitalized patients. Serious ADEs were particularly likely to be preventable. Also, if ADEs indeed increase patient costs $2000 per ADE as has been reported,22 the annual cost to a 700-bed hospital is $3.8 million, of which about $1 million is due to events that are preventable today. These figures do not include the costs of injuries to patients, which are clearly sub¬ stantial, or malpractice costs. In a study by the National Association of Insurance Commissioners, which used data from 1975 through 1978,23 drug injuries ac¬ counted for the largest total awards of any procedure-related claim: $102 million compared with $72 million for anesthetic injuries. Also, medication errors-defined as any error in the process of ordering, dispensing, or administering a drug- were 100 times as frequent as prevent¬ able ADE s in a recent study38; while most are minor, even those errors carry sub¬ stantial costs because of the additional work they create for hospital staff.</p>\n<p>Given the above, it is clear that errors associated with drug use are costly from a variety of perspectives. Thus, although this remains to be demonstrated, efforts to improve quality by reducing the num¬ bers and consequences of these errors may reduce the costs of care.</p>\n<p>Although not all errors can be elimi¬ nated, for many categories of errors, the goal should be no errors that reach the patient21; eg, we should strive for perfec¬ tion in preventing patients from receiv¬ ing drugs to which they have known al¬ lergies, in preventing important over¬ doses, and in preventing one patient from receiving medicationintendedforanother. Computerized approaches are ideal for this because reliability can approach 100%, while methods that rely on human in¬ spection will always miss some errors.</p>\n<p>How should a hospital improve the qual¬ ity of its drug-delivery process? First, an effective mechanism for systematically col¬ lecting and feeding back data about ADEs is vital. Although ADR reporting is man¬ dated by the Joint Commission on Ac¬ creditation of Healthcare Organizations, most hospitals still use self-reporting, which typically identifies only about 5% of events.6•9 The case identification strat¬ egy used in this study was too expensive to be used except in research. However, computerized detection programs that search for events likely to be associated with an ADE (eg, use of naloxone, an opiate antagonist), supplemented by spon¬ taneous reportingusing the computerized information system and a dedicated per¬ son or group with responsibility for evalu¬ ating these events,8,39 have been found to represent an effective, relatively inexpen¬ sive method for identifying ADEs and will probably be the strategy of the fu¬ ture. <ref target=\"#b40\" type=\"bibr\">40</ref> Second, the organization must look for preventable ADEs, and not just ADRs, because the preventable ADEs are more likely to cause serious injuries and rep¬ resent the area in which improvement is possible. While this may seem obvious, many hospitals, responding to the FDA mandate, have focused on finding ADRs, which are primarily rare and idiosyncratic. Third, systems changes directed at spe¬ cific parts of the process may be helpful, eg, one systems change that has great potential for preventing ordering errors is computerized order checking. For im¬ proving the systems of dispensing and administering medications, quality im¬ provement efforts that focus on the pro¬ cesses involved may be effective.</p>\n<p>This study has a number of limita¬ tions. It included only two tertiary care hospitals, so results may not be gener¬ alizaba. The extrapolations are based on the assumptions described in the \"Methods\" section; most important, that units and patients studied were repre¬ sentative of the remainder of units and patients in the hospitals. Sampling was required because our case identification strategy was too intensive and thus ex¬ pensive to implement on a larger frac¬ tion of units. A bias that may have de¬ creased the number of e ents identified is a Hawthorne effect, p;• ticularly since the units were aware o : he study and actively involved in it Because we needed to interview providers to deter¬ mine the systems problen s responsible for events, we could not blind them to the purpose of the study. Another limi¬ tation is that categorization of events required implicit judgments. The per¬ centage agreement and between re¬ viewers were good for judgmer, s of presence of an ADE and prevental lity, but were lower for the judgment re¬ garding severity. Finally, we relied on record review and provider reporting to find events. Thus, events that either were not recorded in the chart41 or were not reported to us could not be identi¬ fied. Because of these factors, our rates probably represent lower bounds.</p>\n<p>We conclude that ADEs are a major cause of iatrogenic injury, that many are preventable, and that for every pre¬ ventable ADE there are almost three potential ADEs. Improvement of sys¬ tems by which drugs are ordered and administered could prevent many of these events and might even reduce costs. Future studies should assess ef¬ fectiveness and costs of new ways to find and prevent injuries due to drugs.</p></section>\n<section><p>This study was supported by research grant R01-HS07107-01 from the Agency for Health Care Policy and Research, and a grant from the Risk Management Foundation.   We would like to thank the nurses, pharmacists, physicians, and other personnel on the study units, and George Baker, MD, William Churchill, PharmD, Allan Goldblatt, MD, Sheridan Kassirer, Richard J. Kitz, MD, and Warren Zapol, MD, for their support in carrying out the study. We are especially grateful to Priscilla Dasse and the Risk Management Foun¬ dation for the support and encouragement they have given us since the inception of the study.</p>\n<p>The ADE Prevention Study Group includes the following: Lucian L. Leape, MD (chairman), and Deborah Servi, MS, Department of Health Policy and Management, and Nan Laird, PhD, Department of Biostatistics, Harvard School of Public Health, Boston, Mass; David Bates, MD, MSc, Pa- tricia Hojnowski-Diaz, RN, Laura A. Petersen, MD, MPH, Stephen Petrycki, RN, Martha Vander Vliet, RN, Department of Medicine, Michael Co- tugno, PharmD, Heather Patterson, PharmD, Brian F. Shea, PharmD, Department of Pharmacy, Mairead Hickey, RN, PhD, Department of Nurs- ing, and Sharon Kleefield, PhD, Department of Quality Management, Brigham and Women's Hos- pital, Boston, Mass; Jeffrey Cooper, PhD, David J. Cullen, MD, Ellen Kinneally, RN, Roberta Nem- eskal, RN, Bobbie J. Sweitzer, MD, Stephen D. Small, MD, Department of Anesthesia, Harold J. Demonaco, MS, RPh, Margaret Dempsey Clapp, MS, RPh, Robert Hallisey, MS, RPh, Pharmacy Department, Theresa Gallivan, RN, Jeanette Ives, RN, MSN, Kathy Porter, RN, MSN, Department of Nursing, and B. Taylor Thompson, MD, Department of Medicine, Massachusetts General Hospital, Boston; Glenn Laffel, MD, PhD, APM Inc, New York, NY; and J. Richard Hackman, PhD, and Amy Edmondson, Department of Psychology, Harvard University, Boston, Mass.   </p></section></content>",
    "ctr": 0.1,
    "custom_score": 1.0,
    "id": {
        "dois": [
            "10.1001/jama.1995.03530010043033"
        ]
    },
    "issued_at": 804902400,
    "languages": [
        "en"
    ],
    "links": [
        {
            "cid": "bafyb4ieu664iqfgakl43kvcgmqwkxurtwts64cxt74jyrgtvthlptfm6fu",
            "extension": "pdf",
            "filesize": 1135905,
            "md5": "d9babcd9df12b5576b63442bf67d2481",
            "type": "primary"
        }
    ],
    "metadata": {
        "container_title": "JAMA",
        "first_page": 29,
        "issns": [
            "0098-7484"
        ],
        "issue": "1",
        "volume": "274"
    },
    "page_rank": 0.54606867,
    "referenced_by_count": 1710,
    "tags": [
        "General Medicine"
    ],
    "title": "Incidence of Adverse Drug Events and Potential Adverse Drug Events: Implications for Prevention",
    "type": "journal-article",
    "updated_at": 1693700590
}