{
    "authors": [
        {
            "family": "Pollack",
            "given": "Ari H.",
            "sequence": "first"
        },
        {
            "family": "Pratt",
            "given": "Wanda",
            "sequence": "additional"
        }
    ],
    "ctr": 0.1,
    "custom_score": 1.0,
    "id": {
        "dois": [
            "10.1001/jamanetworkopen.2019.19301"
        ]
    },
    "issued_at": 1579046400,
    "languages": [
        "en"
    ],
    "metadata": {
        "container_title": "JAMA Network Open",
        "first_page": 1919301,
        "issns": [
            "2574-3805"
        ],
        "issue": "1",
        "publisher": "American Medical Association (AMA)",
        "volume": "3"
    },
    "page_rank": 0.16513333,
    "referenced_by_count": 26,
    "references": [
        {
            "doi": "10.1016/j.jcrc.2007.06.003",
            "type": "reference"
        },
        {
            "doi": "10.1207/s15516709cog1202_4",
            "type": "reference"
        },
        {
            "doi": "10.1136/jamia.2000.0070569",
            "type": "reference"
        },
        {
            "doi": "10.1001/2013.jamainternmed.61",
            "type": "reference"
        },
        {
            "doi": "10.1097/ccm.0b013e318287f0c0",
            "type": "reference"
        },
        {
            "doi": "10.1016/j.ijmedinf.2015.09.004",
            "type": "reference"
        },
        {
            "doi": "10.1097/ccm.0b013e31821858a0",
            "type": "reference"
        },
        {
            "doi": "10.1001/jamanetworkopen.2019.1709",
            "type": "reference"
        },
        {
            "doi": "10.1016/j.jclinepi.2007.11.008",
            "type": "reference"
        },
        {
            "doi": "10.1016/j.jbi.2019.103201",
            "type": "reference"
        },
        {
            "doi": "10.1097/00003246-197403000-00001",
            "type": "reference"
        },
        {
            "doi": "10.1016/s0166-4115(08)62386-9",
            "type": "reference"
        },
        {
            "doi": "10.1097/sih.0b013e3181e3f329",
            "type": "reference"
        },
        {
            "doi": "10.1080/19488300.2011.609524",
            "type": "reference"
        },
        {
            "doi": "10.1016/j.jopan.2008.01.008",
            "type": "reference"
        },
        {
            "doi": "10.1197/jamia.m2123",
            "type": "reference"
        },
        {
            "doi": "10.1080/24725579.2017.1418765",
            "type": "reference"
        },
        {
            "doi": "10.1177/154193128803200232",
            "type": "reference"
        },
        {
            "doi": "10.1111/apps.2004.53.issue-1",
            "type": "reference"
        },
        {
            "doi": "10.1177/001872089203400405",
            "type": "reference"
        },
        {
            "doi": "10.4338/aci-2014-02-ra-0015",
            "type": "reference"
        },
        {
            "doi": "10.1016/j.ijmedinf.2015.01.017",
            "type": "reference"
        },
        {
            "doi": "10.1006/jbin.2001.1013",
            "type": "reference"
        },
        {
            "doi": "10.3109/17538157.2013.812649",
            "type": "reference"
        },
        {
            "doi": "10.1186/s12911-017-0520-7",
            "type": "reference"
        },
        {
            "doi": "10.1109/cbms.2011.5999024",
            "type": "reference"
        }
    ],
    "tags": [
        "General Medicine"
    ],
    "title": "Association of Health Record Visualizations With Physicians’ Cognitive Load When Prioritizing Hospitalized Patients",
    "type": "journal-article",
    "updated_at": 1693956409
}