{
    "authors": [
        {
            "family": "Klein",
            "given": "Ronald",
            "sequence": "first"
        }
    ],
    "ctr": 0.1,
    "custom_score": 1.0,
    "id": {
        "dois": [
            "10.1001/archopht.119.4.547"
        ]
    },
    "issued_at": 986083200,
    "languages": [
        "en"
    ],
    "metadata": {
        "container_title": "Archives of Ophthalmology",
        "first_page": 547,
        "issns": [
            "0003-9950"
        ],
        "issue": "4",
        "publisher": "American Medical Association (AMA)",
        "volume": "119"
    },
    "page_rank": 0.23219605,
    "referenced_by_count": 47,
    "tags": [
        "Ophthalmology"
    ],
    "title": "How Many Steps of Progression of Diabetic Retinopathy Are Meaningful?: The Wisconsin Epidemiologic Study of Diabetic Retinopathy",
    "type": "journal-article",
    "updated_at": 1694718692
}