{
    "authors": [
        {
            "family": "The Tobacco Use and Dependence Clinical Practice Guideline Panel, Staff, and Consortium Representatives",
            "sequence": "first"
        }
    ],
    "ctr": 0.1,
    "custom_score": 1.0,
    "id": {
        "dois": [
            "10.1001/jama.283.24.3244"
        ]
    },
    "issued_at": 962150400,
    "languages": [
        "en"
    ],
    "metadata": {
        "container_title": "JAMA: The Journal of the American Medical Association",
        "first_page": 3244,
        "issns": [
            "0098-7484",
            "1538-3598"
        ],
        "issue": "24",
        "last_page": 3254,
        "publisher": "American Medical Association (AMA)",
        "volume": "283"
    },
    "page_rank": 0.24969903,
    "referenced_by_count": 597,
    "tags": [
        "General Medicine"
    ],
    "title": "A Clinical Practice Guideline for Treating Tobacco Use and Dependence: A US Public Health Service Report",
    "type": "journal-article",
    "updated_at": 1694697711
}