{
    "abstract": "<abstract><section><header>Context:</header><p>Nonpharmacologic interventions are frequently recommended for treatment of hypertension in the elderly, but there is a paucity of evidence from randomized controlled trials in support of this recommendation.<p></section><section><header>Objective:</header><p>To determine whether weight loss or reduced sodium intake is effective in the treatment of older persons with hypertension.<p></section><section><header>Design:</header><p>Randomized controlled trial.<p></section><section><header>Participants:</header><p>A total of 975 [corrected] men and women aged 60 to 80 years with systolic blood pressure lower than 145 mm hg and diastolic blood pressure lower than 85 mm hg while receiving treatment with a single antihypertensive medication.<p></section><section><header>Setting:</header><p>Four academic health centers.<p></section><section><header>Intervention:</header><p>The 585 obese participants were randomized to reduced sodium intake, weight loss, both, or usual care, and the 390 nonobese participants were randomized to reduced sodium intake or usual care. withdrawal of antihypertensive medication was attempted after 3 months of intervention.<p></section><section><header>Main outcome measure:</header><p>Diagnosis of high blood pressure at 1 or more follow-up visits, or treatment with antihypertensive medication, or a cardiovascular event during follow-up (range, 15-36 months; median, 29 months).<p></section><section><header>Results:</header><p>The combined outcome measure was less frequent among those assigned vs not assigned to reduced sodium intake (relative hazard ratio, 0.69; 95% confidence interval [ci], 0.59-0.81; p<.001) and, in obese participants, among those assigned vs not assigned to weight loss (relative hazard ratio, 0.70; 95% ci, 0.57-0.87; p<.001). relative to usual care, hazard ratios among the obese participants were 0.60 (95% ci, 0.45-0.80; p<.001) for reduced sodium intake alone, 0.64 (95% ci, 0.49-0.85; p=.002) for weight loss alone, and 0.47 (95% ci, 0.35-0.64; p<.001) for reduced sodium intake and weight loss combined. the frequency of cardiovascular events during follow-up was similar in each of the 6 treatment groups.<p></section><section><header>Conclusion:</header><p>Reduced sodium intake and weight loss constitute a feasible, effective, and safe nonpharmacologic therapy of hypertension in older persons.<p></section></abstract>",
    "authors": [
        {
            "family": "Whelton",
            "given": "Paul K."
        },
        {
            "family": "Appel",
            "given": "Lawrence J."
        },
        {
            "family": "Espeland",
            "given": "Mark A."
        },
        {
            "family": "Applegate",
            "given": "William B."
        },
        {
            "family": "Ettinger",
            "given": "Jr, Walter H."
        },
        {
            "family": "Kostis",
            "given": "John B."
        },
        {
            "family": "Kumanyika",
            "given": "Shiriki"
        },
        {
            "family": "Lacy",
            "given": "Clifton R."
        },
        {
            "family": "Johnson",
            "given": "Karen C."
        },
        {
            "family": "Folmar",
            "given": "Steven"
        },
        {
            "family": "Cutler",
            "given": "Jeffrey A."
        }
    ],
    "ctr": 0.1,
    "custom_score": 1.0,
    "id": {
        "dois": [
            "10.1001/jama.279.11.839"
        ],
        "pubmed_id": 9515998
    },
    "issued_at": 890953200,
    "languages": [
        "en"
    ],
    "metadata": {
        "container_title": "JAMA",
        "first_page": 839,
        "issns": [
            "0098-7484"
        ],
        "issue": "11",
        "last_page": 846,
        "volume": "279"
    },
    "page_rank": 0.22068891,
    "referenced_by_count": 788,
    "tags": [
        "Aged",
        "Algorithms",
        "Analysis of Variance",
        "Antihypertensive Agents",
        "Diet, Sodium-Restricted",
        "Female",
        "Follow-Up Studies",
        "Humans",
        "Hypertension",
        "Likelihood Functions",
        "Male",
        "Middle Aged",
        "Obesity",
        "Proportional Hazards Models",
        "Sodium, Dietary",
        "Substance Withdrawal Syndrome",
        "Survival Analysis",
        "Weight Loss"
    ],
    "title": "Sodium Reduction and Weight Loss in the Treatment of Hypertension in Older Persons: A Randomized Controlled Trial of Nonpharmacologic Interventions in the Elderly (TONE)",
    "type": "journal-article",
    "updated_at": 1695848378
}