{
    "abstract": "<abstract></abstract>",
    "authors": [
        {
            "family": "Williams",
            "given": "Janet B. W."
        }
    ],
    "content": "<content><section><p>\\s=b\\ A test-retest reliability study of the Structured Clinical In- terview for DSM-III-R was conducted on 592 subjects in four patient and two nonpatient sites in this country as well as one patient site in Germany. For most of the major categories, ks for current and lifetime diagnoses in the patient samples were above .60, with an overall weighted k of .61 for current and .68 for lifetime diagnoses. For the nonpatients, however, agreement was considerably lower, with a mean k of .37 for current and .51 for lifetime diagnoses. These values for the patient and nonpatient samples are roughly comparable to those obtained with other structured diagnostic instruments. Sources of diagnostic disagreement, such as inadequate train- ing of interviewers, information variance, and low base rates for many disorders, are discussed.</p>\n<p>(Arch Gen <ref type=\"bibr\">Psychiatry. 1992;</ref><ref type=\"bibr\">49:630-636)</ref> The development of the Structured Clinical Interview for DSM-III-R (SCID) is described in an accompany¬ ing report.1 The widespread use of the SCID is attested to by the more than 100 published studies that have used the instrument to select or describe their study samples. In this report, we will describe the method and results of a mul- tisite test-retest reliability study of the <ref type=\"bibr\">SCID.</ref> In planning this study, a decision was made to include sev¬ eral sites that would represent a range of settings and include adult psychiatric patients and community subjects. In addi¬ tion to selecting a wide range of sites and subjects to increase See also <ref type=\"bibr\">624.</ref> the generalizability of the results of this study, the rigor¬ ous test-retest method for testing reliability was chosen. Researchers regard this method as \"state-of-the-art\" re¬ liability assessment. In this procedure, two clinicians independently interview and rate the same subject. The advantage of this method is that it approximates actual practice, in which different clinicians are likely, even with a semistructured interview, to elicit different responses from the same subject (information variance). Results ob¬ tained with this method are usually lower but more gen- eralizable to the real world than those obtained using the \"joint\" method of reliability testing in which two raters in¬ dependently observe and rate the same interview.2</p></section>\n<section><header>SUBJECTS AND METHODS</header></section>\n<section><header>Description of Sites</header>\n<p>Six sites in the United States were chosen to participate, including four psychiatric facilities, a health maintenance organization, and a site evaluating nonpatient subjects from the community. In addi¬ tion, a seventh site in Germany participated. Each is described briefly <ref type=\"bibr\">below.</ref> New York State Psychiatric Institute (NYSPI), in New York City, is a state-funded research and teaching hospital connected with the Department of Psychiatry at Columbia University. This institution provided inpatients and outpatients from a variety of clinical services, including a community-catchment area-based inpatient service, an outpatient depression evaluation service, specialized inpatient research units for eating disorders and de¬ pression, and a general outpatient psychiatric clinic.</p>\n<p>Long Island Jewish-Hillside Medical Center, in an outer bor¬ ough of New York City, is a private, nonprofit clinical training and research facility affiliated with the State University of New York at Stonybrook. This institution also provided patients from general inpatient units and outpatients from a mood disorder clinic and a clinic specializing in anxiety disorders.</p>\n<p>McLean Hospital, outside of Boston, Mass, is a teaching and research hospital affiliated with Harvard Medical School. Inpa¬ tients came from general clinic evaluation units, and outpatients were recruited through an eating disorders research program and a general outpatient clinic.</p>\n<p>The Substance Abuse Treatment Unit (SATU) in New Haven is part of the Connecticut Mental Health Center and is affiliated with the Yale University Department of Psychiatry. This facility pro¬ vided inpatients and outpatients who were seeking treatment for abuse of alcohol and a variety of other drugs.</p>\n<p>There were two nonpsychiatric-patient evaluation sites. One was the Harvard Community Health Plan, a health maintenance organization in suburban Boston that is associated with Harvard Medical School, and the other was the community surrounding the New York State Psychiatric Institute.</p>\n<p>The Max Planck Institute for Psychiatry in Munich, Federal Republic of Germany, is a research institution. It has a 50-bed in- patient department treating mostly patients with mood and psy¬ chotic disorders.</p></section>\n<section><header>Patient Selection</header>\n<p>In the initial phase of the reliability study, research assistants at the patient sites recruited subjects from the most recent admis¬ sions to all participating services. From the beginning, an effort was also made to include any patient admitted with a \"rare\" di¬ agnosis, for example, delusional disorder or a somatoform disor¬ der. Toward the end of the study, only patients with rare diagnoses were included to obtain large enough numbers in those diagnostic cells to assess reliability. Even with this effort, there were insufficient numbers for data analysis in several categories, such as Somatization Disorder and Delusional Disorder</p>\n<p>In ordinary clinical practice, prior to evaluating a patient, a cli¬ nician reads accompanying chart material, and then, before for¬ mulating a final diagnosis, often interviews informants. In this study, a decision had to be made about how much of this kind of information would be available to the interviewers. In many previ¬ ous test-retest reliability studies of diagnostic instruments, all of these materials were made available to the raters.2 A disadvantage of this method, however, is that the final diagnostic assessments are based not only on the results of the structured interview, but also on prior evaluations of variable thoroughness and the care with which each of the raters reviewed the chart material. We chose to conduct the most rigorous test of the SCID by limiting the informa¬ tion available to the interviewers to a brief summary of the hospital admission evaluation, prepared by a research assistant.</p>\n<p>Accordingly, after determining that a patient met the eligibil¬ ity requirements for the study (ie, age 18 years and older, fluent in English [for United States sites], and unlikely to have an organic mental disorder), research assistants obtained informed consent and, for inpatients, completed a SCID Inpatient Admission Sum¬ mary. This single-page form was intended to summarize the cir¬ cumstances of hospital admission, the number of previous hospi¬ tal admissions, the presenting problem, the history of present illness, and previous treatments. Research assistants were specif¬ ically instructed not to include diagnostic terms on this form. The SCID Inpatient Admission Summary was made available to both reliability interviewers prior to their evaluations of the patient. Its purpose was to provide interviewers with evidence of psychopa¬ thology that might not be reported by the patient during the in¬ terview. For example, a patient who was brought in by the police in handcuffs after shouting at passersby in the street might tell the interviewer only that he came into the hospital because he was very \"nervous.\" The information on the SCID Inpatient Admis¬ sion Summary, however, would enable the interviewer to con¬ front the patient with the actual circumstances to probe for evi¬ dence of psychotic symptoms.</p>\n<p>Nonpatient Selection-Harvard Community, Health Plan Site Medical patients at Harvard Community Health Plan repre¬ sented recent users of nonmental health medical services. Within a few days of a routine medical visit, patients who met study eligi¬ bility requirements (specified above) were sent a letter requesting their participation in the study and asking them to complete a 28- item version of the General Health Questionnaire.3 This screen was used to stratify the sample selected for the reliability study into three groups: patients with high General Health Questionnaire scores who would be likely to have a mental disorder, patients with low General Health Questionnaire scores and presumably no mental disorder, and an intermediate group.</p></section>\n<section><header>Nonpatient Selection-NYSPI Site</header>\n<p>This sample was recruited from people who responded to notices posted in the community and advertisements placed in community newspapers. The notices solicited volunteers who were \"worried, depressed, nervous\" or had \" unexplained physical symptoms,\" but who had not received any kind of mental health treatment in the past 2 years. Potential volunteers were screened by the telephone to make sure they met the eligibility requirements for the study, prior to being scheduled for the first interview.</p>\n<p>At both nonpatient sites, subjects were paid a nominal amount for their time after the second interview was completed. At all sites, patient and nonpatient, the second reliability interviews were to be administered at least 24 hours after the first interview, but no longer than 2 weeks later.</p></section>\n<section><header>PROJECT PHASES</header>\n<p>The project was designed in four phases. Phase 1 began in May 1985, before the criteria for DSM-III-R were finalized. For this reason, the first 3 months of the project were devoted to updat¬ ing the SCID questions (which had originally been developed for DSM-III) to correspond to the evolving DSM-III-R criteria. Dur¬ ing this time, the SCID was continually tested in joint interviews by the senior project staff at NYSPI. Although the original time¬ table for DSM-III-R called for the criteria to be finalized by <ref type=\"bibr\">1985,</ref> revisions of the criteria continued, in fact, until December 1986. Therefore, by necessity, revisions of the SCID were being made throughout the first 6 months of the reliability study.</p>\n<p>The second phase of the project began in July 1985 with a train¬ ing session for the senior staff from all of the sites in preparation for broader testing and refining of the SCID in these settings. Dur¬ ing this additional pilot work, joint interviews conducted by the investigators were audiotaped, and feedback was given to the NYSPI staff about needed revisions. These were discussed in monthly conference calls among the collaborating sites.</p>\n<p>Phase 3 began with the selection and training of interviewers. All participating interviewers were recruited from within each site. All were mental health professionals, with a master's degree (n=5), PhDs (n=6), or MDs (n=14). Their backgrounds ranged from a 1-year internship in a PhD program to many years of re¬ search experience and clinical practice. A few had had extensive prior experience with structured diagnostic interviews, but most had not. Some initial training was done at each site by the senior staff prior to a 2-day plenary training session of interviewers from all of the sites. During this 2-day session, much time was spent discussing possible revisions in the SCID questions and details of the reliability protocol. Unfortunately, although these discussions were necessary, they took away from the time available for observation and supervision of the trainees' interviewing tech¬ niques. Following this training session, interviewers returned to their home sites to conduct a series of pilot interviews that were audiotaped and sent to NYSPI for feedback.</p>\n<p>For the Munich site, the SCID was translated into German by one of us (H.U.W.) and his team and back-translated by two ex¬ perienced bilingual research assistants, according to guidelines for translation of documents by the World Health Organization. Following the back-translation, inconsistencies and problems were resolved by the entire research team. Subsequent revisions of the SCID were not back-translated.</p>\n<p>Phase 4 began in August 1986, when the actual test-retest inter¬ views were underway in all of the sites. Except in those cases in which the subjects refused, all interviews were audiotaped for sub¬ sequent monitoring and post hoc review. Within 3 days after com¬ pletion of the second of each pair of independent assessments, the interviewers conferred to determine reasons for diagnostic dis¬ agreement and to arrive at consensus diagnoses. To document the reasons for diagnostic disagreements, a Reliability Assessment Re¬ port Form was completed by the interviewers for each case. The entire case, includingthe Reliability Assessment Report Form, was then sent to NYSPI for data editing. If the reasons for disagreement were unclear, the audiotapes were reviewed by NYSPI staff. This monitoring resulted in <ref target=\"#b0\" type=\"bibr\">(1)</ref> feedback to the interviewers about er¬ rors in their use of the SCID and (2) identification of problems and inconsistencies in the SCID that led to changes in questions and format. In all, six different versions of the SCID were used in the test-retest interviews.</p>\n<p>One of the criticisms of the DSM-III field trials was that colleagues working together in the same facilities were more likely to agree because they were more likely to have shared sim¬ ilar training, experience, and theoretical orientation toward diag¬ nosis. To test this hypothesis, all of the sites, except for S ATU, sent raters to other sites in the United States where they were paired with interviewers from the host site.</p></section>\n<section><header>Results</header>\n<p>Five hundred ninety-two subjects were interviewed; of these, 390 were patients and 202 were nonpatients. Sixteen of the 25 rat¬ ers participated in the cross-site study, evaluating 98 cases that included both patients and nonpatients. Twenty-five of these cases were evaluated by the two German raters, paired with four raters at McLean. Demographic characteristics of the sites are presented in Table <ref type=\"table\">1</ref>. (In all of the tables, cases with missing data are excluded from the calculations. Missing data never exceed 6% of the cases.) The gender ratios reflect the often-observed fact that more women than men seek mental health and primary care ser¬ vices. The exception to this is the SATU site, where there is an ex¬ pected predominance of men, given the admission requirement of a substance use disorder. Most subjects across sites were white; *LIJH indicates Long Island Jewish-Hillside Medical Center; NYSPI, New York State Psychiatric Institute; SATU, Substance Abuse Treatment Unit; NP, nonpatient, and HCHP, Harvard Community Health Plan; tHollingshead-Redlich classes. SES indicates socioeconomic status. nonwhite subjects were primarily black, except for a substantial number of Hispanics at the NYSPI sites. Classes 1 and 2 in all of the sites, except for SATU, are overrepresented, as is often the case in patients recruited at research and teaching facilities.</p>\n<p>Table <ref type=\"table\">2</ref> presents the levels of agreement for each current and life¬ time diagnosis in the patient samples. Table <ref type=\"table\">3</ref> presents the same in¬ formation for the nonpatient samples. Current disorders are those that were present at any time during the month prior to the inter¬ view. Lifetime diagnoses are those that were present at any time in the subject's life and therefore include current disorders.</p>\n<p>Agreement between interviewers is expressed in terms of , a sta¬ tistic that corrects for chance agreement.4 To avoid presenting ks that are likely to be unstable, it is calculated for only those categories that were diagnosed a minimum of 10 times altogether by either rater (regardless of their agreement on individual cases). Therefore, some SCID categories that were rarely diagnosed are not presented in either table. Subjects may be counted in more than one diagnostic category, if multiple diagnoses were given.</p>\n<p>The overall weighted summarizes the for all diagnoses (in¬ cluding those categories that were diagnosed less than 10 times altogether by either rater) by weighing each diagnostic category by the total number of cases given a diagnosis by either rater. The numerator is the sum of the product of the diagnostic weight and for each diagnosis; the denominator is the sum of the weights.</p>\n<p>For individual diagnoses, diagnostic classes, or overall weighted for the entire set of diagnoses, a high value (generally .7 and above) indicates good agreement; ks ranging from .5 to .7 generally indicate fair agreement, and below .5 is poor.</p>\n<p>For most of the major categories (bipolar disorder, major depression, schizophrenia, alcohol abuse/dependence), ks for current and lifetime diagnoses in the patient samples were above .60, with a mean of .61 for current, and .68 for lifetime diagnoses for the combined samples. For the nonpatients, however, agree¬ ment was often considerably lower, with a mean of .37 for cur¬ rent and .51 for lifetime diagnoses for the combined samples. These tables illustrate large differences in diagnostic agreement for individual diagnoses across the patient and the nonpatient sites. There are also considerable differences in some of the over¬ all weighted ks for the different patient sites.</p>\n<p>The SATU site, specializing in treatment of alcohol and drug dependence, provided enough patients to assess reliability of specific drug dependence diagnoses (Table <ref type=\"table\">4</ref>). The only two drug categories for which the ks were below .60 were cannabis depen¬ dence and polydrug dependence.</p>\n<p>The results of the cross-site substudy (Table <ref type=\"table\">5</ref>) indicated that when the American raters were paired with raters from another site, the diagnostic agreement was not lower than when they were paired with raters from their site. As might be expected, the for the German interviewers paired with American raters evaluating the conditions of American patients at the McLean site was lower than that between the German raters at their site evaluating the con- ditions of German patients. However, with these sample sizes, this difference was not statistically significant.</p>\n<p>The Global Assessment of Functioning Scale, summarizing the subject's functioning for the worst week during the month prior to the interview, was also completed by each interviewer. Agree¬ ment (intraclass correlation coefficients) on the Global Assess¬ ment of Functioning Scale is presented in Table <ref type=\"table\">6</ref>. With the exception of the Munich site, the agreement is high, even in the two nonpatient samples.</p>\n<p>As mentioned above, we had intended to oversample for rare diagnoses. Although we were successful for some of these cate¬ gories, for others, such as Somatization Disorder in both the pa¬ tient and community samples and Hypochondriasis and Gener¬ alized Anxiety Disorder in the community samples, there were insufficient cases given the diagnosis to calculate ks.</p></section>\n<section><header>COMMENT</header>\n<p>It is typically assumed that the reliability associated with a structured interview is an intrinsic property of the instru¬ ment itself (eg, \"How reliable is the SClD?\"). In fact, the re¬ liability of any interviewer-administered instrument is a function of many factors, including the reliability of the di¬ agnostic criteria themselves, the characteristics of the inter¬ viewers (eg, their training, motivation, experience, interper¬ sonal style), the study method (eg, test-retest or joint inter¬ views, sources of information available, live or videotaped interviews), and the characteristics of the subject sample (eg, base rates of diagnoses, frequency of subthreshold cases). For this reason, comparisons of ks from different reliability studies may be misleading and should be made with caution. With this caveat, Tables <ref type=\"table\">7</ref> and<ref type=\"table\">8</ref> provide the ks obtained in several major reliability studies, including the present study of the SCID.</p>\n<p>In Table <ref type=\"table\">7</ref>, the SCID-Patient Version reliability is given, as well as that of the Schedule for Affective Disorders and Schizophrenia / Research Diagnostic Criteria (SADS / RDC),2 Diagnostic Interview Schedule (DIS)5 patient sample, the DSM-III field trial,6 and the Composite International Diag¬ nostic Interview,7 a modification of the DIS. Although the re¬ liability studies reported in Table <ref type=\"table\">7</ref> differed greatly in many respects (diagnostic criteria, thoroughness of training of in¬ terviewers, timing of retest interviews, stability of instru¬ ment, etc), investigators may find these reliability data useful in helping them evaluate published reports of research al¬ ready done. As can be seen, the SCID-P ks are similar to those obtained with the SADS/RDC, with the exception of current major depressive disorder and alcohol abuse/dependence.  We suspect that two factors contributed heavily to the better agreement obtained for current major depressive disorder in the study with the SADS. First, the SADS/RDC was devel¬ oped for use in the Collaborative Study of the Psychobiology of Depression, and the test/retest interviewers were partic¬ ularly focused on mood disorders and were well-trained in the diagnosis of Major Depression. It is not surprising that they agreed on the diagnosis of current major depressive dis¬ order more frequently than the generalist clinicians who par¬ ticipated in the SCID study. In addition, the RDC and DSM- III-R criteria for this category are different: while the RDC criteria for definite major depressive disorder require 2 weeks' duration, as do the DSM-III-R criteria, they do not require that each symptom be present \"nearly every day,\" as is required in DSM-III-R. Therefore, to agree on a diagnosis of major depression using the SCID /DSM, the pair of raters must both determine that each of the five required symptoms were present nearly every day for at least 2 weeks, a more stringent and complex criterion than in the SADS / RDC. The two studies also differed in their definition of \"agreement,\" the SADS/RDC study including cases that met either \"prob¬ able\" or \"definite\" criteria. With the SCID/DSM, there is only one diagnostic threshold, corresponding to definite di¬ agnoses.</p>\n<p>In addition, the SADS/RDC study was conducted in 1975, when the clinical picture was not complicated by the use of illicit drugs for as many psychiatric patients as was true in 1986, when the SClD reliability study was ducted. The subject selection procedure for the SADS/RDC study also allowed research assistants to exclude patients who used drugs heavily. In the SCID study, many of the sub¬ jects included had histories of heavy drug use; only those for whom the most likely current diagnosis was a psychoactive- substance-induced organic mental disorder (eg, cocaine- induced delusional disorder) were excluded. The higher in Table <ref type=\"table\">7</ref> for SADS/RDC alcohol abuse and dependence may be due to differences between the RDC and DSM-III-R criteria. The RDC diagnoses are made by choosing any two of a list of 20 symptoms (eg, \"others complain of his drinking,\" \"frequent blackouts\"). In con¬ trast, the DSM-III-R criteria themselves are much more complex (eg, \"continued substance use despite knowledge of having a persistent or recurrent social, psychological, or physical problem that is caused or exacerbated by the use of the substance\") and require the rater to judge one of only two symptoms as present for abuse, and three of nine symptoms for dependence.</p>\n<p>In the SADS/RDC reliability study, raters were encour¬ aged to consult all sources of information, including talking to the patient's therapist, before making their final diagnostic decisions. Two of us (M.G. and J.B.W.W.) were interviewers in the SADS/RDC study and have vivid memories of time spent reading carefully through voluminous charts describ¬ ing past hospitalizations. In contrast, the SCID interviews were at most supplemented only by the brief hospital admis¬ sion summaries prepared from the admission notes by a re¬ search assistant. Occasionally, these notes included informa¬ tion about past episodes, but usually not. Therefore, the di¬ agnostic decisions of the SCID interviewers were much more vulnerable to the subjects telling different stories to each in¬ terviewer (information variance). In fact, information vari¬ ance was cited most frequently on the Reliability Assessment Report Form as the source of disagreement between raters in the SCID study.</p>\n<p>The DIS reliability figures were obtained by comparing two interviews done by lay interviewers, one using the standard DIS and the other using a computer-prompted version of the DIS. This study was chosen for comparison purposes because it is the only test-retest reliability study of the DIS using lay interviewers for both interviews. As can be seen in Table <ref type=\"table\">7</ref>, the reliability figures are compara¬ ble to those obtained in our SCID study, except for the cat¬ egories of Bipolar Disorder and Schizophrenia, in which the DIS ks are considerably lower. It is surprising, in fact, that the reliability for the DIS is not higher. The DIS is a fully structured interview in which the major source of unreliability in test-retest interviews is information vari¬ ance in which a subject answers \"yes\" to one interviewer's question and \"no\" to the same question when asked by the other interviewer.8 In contrast, the SCID is a semistruc- tured interview that allows for considerable variation in interviewing style, depth of probing, and clinical judgment as to whether a patient's description of a particular behav¬ ior meets the relevant diagnostic criterion.</p>\n<p>Table <ref type=\"table\">8</ref> presents the levels of diagnostic agreement ob¬ tained in samples of subjects who are not identified as psy¬ chiatric patients. In the case of the SCID-Nonpatient Version, this includes community subjects who volunteered in re¬ sponse to an advertisement for people who had symptoms but no recent treatment and primary care patients at a health maintenance organization. The DIS sample consisted of community subjects who were selected for the retest inter¬ view because they had been given a diagnosis by the first (\"test\") interviewer, as well as a subsample with no diagno¬ sis. The retest interviews were all administered by physi¬ cians using the DIS. The values are considerably higher for the SCID than for the DIS for all of the diagnoses noted in Table <ref type=\"table\">8</ref>.</p>\n<p>In our study, as might be expected, agreement for every prompted; §DSM-III Field Trial; phase 1 only; phase 2 data not available; | | Probable plus definite are roughly equivalent to abuse and dependence in the RDC.</p>\n<p>diagnosis in nonpatients was lower than that for patients. This is in part due to the fact that the base rate for all of the diagnoses in the nonpatients was considerably lower than for the patients. For example, the base rate for current major depression in the patients was 31 %; for the nonpatients it was 4%. As noted by Shrout et al,9 if the error of measurement for a diagnostic instrument is constant, reliability varies directly with the base rate (ie, it is harder to obtain good reliability for a rare diagnosis than for a common diagnosis).</p>\n<p>Prior to the study, we had expected higher reliability val¬ ues. In particular, we had expected that they would be con¬ siderably higher than those obtained in the DSM-III field tri¬ als that did not employ structured interviews. We are at a loss to explain why this was not the case. We doubt that the DSM-III criteria were clearer than the DSM-III-R criteria.</p>\n<p>Critics of the DSM-III field trial methodology have sug¬ gested that many of the test-retest ratings may not have been arrived at completely independently.1\" As we have dis¬ cussed elsewhere, we think this is unlikely.11 It is of interest that the International Classification of Diseases (10th revision) (JCD-20) field trials of draft criteria for ICD-10, which em- ployed a similar methodology, yielded results comparable to the DSM-III field trial (Darrel A. Regier, MD, oral and written communication, May 22, 1991). Perhaps clinicians with an already-high level of expertise and commitment to using di¬ agnostic criteria do not improve their reliability by using a structured interview that has the flexibility of the SCID. In fact, we know of no study that, across a large sample of pa¬ tients, directly compared the reliability of diagnostic criteria with and without a structured interview.</p>\n<p>Several features of this study may have compromised the diagnostic reliability that was obtained. These included in¬ sufficient training of raters and changes made in the instru¬ ment as the study progressed. We therefore suspected that the reliability would be better with the later versions that in¬ cluded some revisions in questions and items. However, the ks for the first half of the interviews did not differ from those for the second half.</p>\n<p>Perhaps the most important feature of this study that may have lowered diagnostic reliability is the absence of a focus on a particular diagnostic group. In most research studies, subjects are prescreened for likely diagnoses so that the base rates in the study sample are high for the diagnoses of in¬ terest, and the interviewers are very familiar with those di¬ agnostic categories. For example, in a study of anxiety dis¬ orders using a version of the SADS that focuses on anxiety disorders (SADS-LA), high ks were obtained12 for some of the anxiety disorders. Subjects in this study had been screened for likely anxiety disorder diagnoses by a research assistant in a telephone interview. A reliability study con¬ ducted in such a setting is likely to yield higher levels of agreement than a reliability study conducted in an unse- lected diagnostically heterogeneous sample because of the higher base rates for individual diagnoses and the special¬ ized training of the interviewers in evaluating these disor¬ ders. In the one site in our study, SATU, in which the subjects were enrolled because of a likely diagnosis of substance de¬ pendence, the ks on individual drug use disorders were higher (Table <ref type=\"table\">4</ref>). In contrast, in the other sites in our study, there was no prescreening and the interviewers did not focus on a small number of diagnoses. Two studies illustrate that reliability is likely to be con¬ siderably higher with the SCID when the focus is on one or two disorders, rather than on all of the SCID diagnosable disorders as was the case in this field trial. Riskind et al,13 using videotapes of 75 SCID interviews, obtained ks of .72 and .79 for generalized anxiety disorder and current major depression. Williams et al,14 in test-retest interviews on 72 patients at 13 international sites of the Upjohn Cross-National Collaborative Panic Study, obtained a of .87 for the diagnosis of current panic disorder.</p>\n<p>A feature of the study that may have artificially raised di¬ agnostic reliability is discussion of each case after the retest. However, the fact that diagnostic reliability did not improve over the course of the study makes this unlikely. (This tech¬ nique of discussing sources of disagreement after a case is competed was also used in the SADS/RDC study.2)</p>\n<p>We had hoped that the structure of the SCID would en¬ able experienced clinicians with minimal training to use it reliably. It may be, however, that the flexible nature of the SCID and its heavy reliance on clinical judgment, features that make the instrument so user friendly, set an upper limit on its reliability. Maximizing reliability with the SCID clearly requires extensive training in the intent of the var¬ ious diagnostic criteria and insistence that interviewers elicit descriptions of behavior to justify each criterion coded as \"present.\" Specifically, a crucial component of training is to teach interviewers not to take shortcuts and rate cri- feria on the basis of clinical hunches without adequate data. In fact, a review of a sample of more than 50 of the audiotapes revealed that the information variance cited as the reason for diagnostic disagreement was almost always the result of one interviewer's acceptance of a yes response, while the other interviewer asked enough follow-up ques¬ tions to determine that an initial yes did not meet the cri¬ terion. This kind of unreliability can presumably be improved with training.</p></section>\n<section><header>CONCLUSION</header>\n<p>The SCID was designed to be an efficient, user-friendly, and reliable clinical interview guide for making DSM-III-R diagnoses. That it is efficient and user friendly appears to be affirmed by the large number of studies that have used and are using the SCID, even before it has been formally intro¬ duced in the literature. The reliability of the versions of the SCID that were used in this study is roughly similar, across categories, to that obtained with other major diagnostic in¬ struments, particularly when allowance is made for differing methodologies in different studies of the reliability of the various instruments. Because the SCID relies on clinical judgment, its reliability is highly dependent on the training and skills of the interviewer, as well as the base rates of the disorders in the samples that are being studied. Therefore, investigators using the SCID should pay careful attention to adequate training of their interviewers and should conduct studies to determine the reliability of their interviewers in their particular setting.</p>\n<p>The following colleagues assisted in this study: Robert Aranow, MD; Ronald Winchel, MD; Janet Lavelle, MSW; lames I. Hudson, MD (site co-director); Thomas Kosten, MD (site co-director); Delbert Robinson, MD; Susan Insali, MSW; Michael Zaudig, MD (site co-director); Paul E. Keck, MD; Susan L. McElroy, MD; Richard Rumler, MD; Steven Wager, MD; Cynthia Berry-Morgan, MA; Ronnie Barnes, MA; Ruth Rosenberg, PhD; Niel Devin, PhD; and Cheryl <ref type=\"bibr\">Cohen.</ref> </p></section></content>",
    "ctr": 0.1,
    "custom_score": 1.0,
    "id": {
        "dois": [
            "10.1001/archpsyc.1992.01820080038006"
        ]
    },
    "issued_at": 712627200,
    "languages": [
        "en"
    ],
    "links": [
        {
            "cid": "bafyb4iekxrh4xvxueh5mvug6ulqf2ssmwyj7apmw3btw7xyxyotao7cvu4",
            "extension": "pdf",
            "filesize": 2439326,
            "md5": "e68b5d3da72c3ab043cdfb8515fbc929",
            "type": "primary"
        }
    ],
    "metadata": {
        "container_title": "Archives of General Psychiatry",
        "first_page": 630,
        "issns": [
            "0003-990X"
        ],
        "issue": "8",
        "volume": "49"
    },
    "page_rank": 0.378248,
    "referenced_by_count": 945,
    "tags": [
        "Psychiatry and Mental health",
        "Arts and Humanities (miscellaneous)"
    ],
    "title": "The Structured Clinical Interview for DSM-III-R (SCID): II. Multisite Test-Retest Reliability",
    "type": "journal-article",
    "updated_at": 1693701942
}