{
    "authors": [
        {
            "family": "Challener",
            "given": "Douglas W."
        },
        {
            "family": "Prokop",
            "given": "Larry J."
        },
        {
            "family": "Abu-Saleh",
            "given": "Omar"
        }
    ],
    "ctr": 0.1,
    "custom_score": 1.0,
    "id": {
        "dois": [
            "10.1001/jama.2019.5284"
        ]
    },
    "issued_at": 1561420800,
    "languages": [
        "en"
    ],
    "metadata": {
        "container_title": "JAMA",
        "first_page": 2405,
        "issns": [
            "0098-7484"
        ],
        "issue": "24",
        "volume": "321"
    },
    "page_rank": 0.19352524,
    "referenced_by_count": 29,
    "references": [
        {
            "doi": "10.1001/jama.2016.0287",
            "type": "reference"
        },
        {
            "doi": "10.1056/nejm199902113400621",
            "type": "reference"
        },
        {
            "doi": "10.1001/jama.2018.5602",
            "type": "reference"
        },
        {
            "doi": "10.1016/j.jocd.2017.06.022",
            "type": "reference"
        },
        {
            "doi": "10.1186/1741-7015-9-67",
            "type": "reference"
        }
    ],
    "tags": [
        "General Medicine"
    ],
    "title": "The Proliferation of Reports on Clinical Scoring Systems: Issues About Uptake and Clinical Utility",
    "type": "journal-article",
    "updated_at": 1693667356
}