{
    "authors": [
        {
            "family": "Church",
            "given": "Timothy S.",
            "sequence": "first"
        },
        {
            "family": "Blair",
            "given": "Steven N.",
            "sequence": "additional"
        },
        {
            "family": "Cocreham",
            "given": "Shannon",
            "sequence": "additional"
        },
        {
            "family": "Johannsen",
            "given": "Neil",
            "sequence": "additional"
        },
        {
            "family": "Johnson",
            "given": "William",
            "sequence": "additional"
        },
        {
            "family": "Kramer",
            "given": "Kimberly",
            "sequence": "additional"
        },
        {
            "family": "Mikus",
            "given": "Catherine R.",
            "sequence": "additional"
        },
        {
            "family": "Myers",
            "given": "Valerie",
            "sequence": "additional"
        },
        {
            "family": "Nauta",
            "given": "Melissa",
            "sequence": "additional"
        },
        {
            "family": "Rodarte",
            "given": "Ruben Q.",
            "sequence": "additional"
        },
        {
            "family": "Sparks",
            "given": "Lauren",
            "sequence": "additional"
        },
        {
            "family": "Thompson",
            "given": "Angela",
            "sequence": "additional"
        },
        {
            "family": "Earnest",
            "given": "Conrad P.",
            "sequence": "additional"
        }
    ],
    "ctr": 0.1,
    "custom_score": 1.0,
    "id": {
        "dois": [
            "10.1001/jama.2010.1710"
        ]
    },
    "issued_at": 1290556800,
    "languages": [
        "en"
    ],
    "metadata": {
        "container_title": "JAMA",
        "first_page": 2253,
        "issns": [
            "0098-7484"
        ],
        "issue": "20",
        "publisher": "American Medical Association (AMA)",
        "volume": "304"
    },
    "page_rank": 0.30554658,
    "referenced_by_count": 610,
    "tags": [
        "General Medicine"
    ],
    "title": "Effects of Aerobic and Resistance Training on Hemoglobin A<sub>1c</sub>Levels in Patients With Type 2 Diabetes: A Randomized Controlled Trial",
    "type": "journal-article",
    "updated_at": 1695492617
}