{
    "authors": [
        {
            "family": "Wilkins",
            "given": "John T.",
            "sequence": "first"
        },
        {
            "family": "Ning",
            "given": "Hongyan",
            "sequence": "additional"
        },
        {
            "family": "Berry",
            "given": "Jarett",
            "sequence": "additional"
        },
        {
            "family": "Zhao",
            "given": "Lihui",
            "sequence": "additional"
        },
        {
            "family": "Dyer",
            "given": "Alan R.",
            "sequence": "additional"
        },
        {
            "family": "Lloyd-Jones",
            "given": "Donald M.",
            "sequence": "additional"
        }
    ],
    "ctr": 0.1,
    "custom_score": 1.0,
    "id": {
        "dois": [
            "10.1001/jama.2012.14312"
        ]
    },
    "issued_at": 1352246400,
    "languages": [
        "en"
    ],
    "metadata": {
        "container_title": "JAMA",
        "first_page": 1795,
        "issns": [
            "0098-7484"
        ],
        "issue": "17",
        "publisher": "American Medical Association (AMA)",
        "volume": "308"
    },
    "page_rank": 0.30358368,
    "referenced_by_count": 205,
    "tags": [
        "General Medicine"
    ],
    "title": "Lifetime Risk and Years Lived Free of Total Cardiovascular Disease",
    "type": "journal-article",
    "updated_at": 1695771206
}