{
    "authors": [
        {
            "family": "Chopra",
            "given": "Vineet"
        },
        {
            "family": "McMahon",
            "given": "Laurence F."
        }
    ],
    "ctr": 0.1,
    "custom_score": 1.0,
    "id": {
        "dois": [
            "10.1001/jama.2014.710"
        ]
    },
    "issued_at": 1395792000,
    "languages": [
        "en"
    ],
    "metadata": {
        "container_title": "JAMA",
        "first_page": 1199,
        "issns": [
            "0098-7484"
        ],
        "issue": "12",
        "volume": "311"
    },
    "page_rank": 0.17966604,
    "referenced_by_count": 28,
    "tags": [
        "General Medicine"
    ],
    "title": "Redesigning Hospital Alarms for Patient Safety: Alarmed and Potentially Dangerous",
    "type": "journal-article",
    "updated_at": 1693680645
}