{
    "abstract": "<abstract><section><header>Objective:</header><p>To apply meta-analysis to compare the utility of lymphangiography (lag), computed tomography (ct), and magnetic resonance (mr) imaging for the diagnosis of lymph node metastasis in patients with cervical cancer.<p></section><section><header>Data sources:</header><p>Medline literature search and manual reviews of article bibliographies.<p></section><section><header>Study selection:</header><p>Studies selected included at least 20 patients with imaging-histologic correlation, described diagnostic criteria for lymph node metastasis, and presented data to allow calculation of contingency tables.<p></section><section><header>Data extraction:</header><p>Independently by 2 investigators, stratified for stage of disease (early vs late) and for lymph node location (pelvic vs para-aortic).<p></section><section><header>Data synthesis:</header><p>Seventeen studies met the inclusion criteria for lag, 17 for ct, and 10 for mr imaging. summary receiver operator characteristic analysis showed no significant differences in the overall performance of lag, ct, and mr imaging. there was, however, a trend toward better performance for mr imaging than for lag or ct, both globally and when stratified for stage of disease or for lymph node location. bayesian analysis of clinical utility showed only moderate increases in positive posttest probability of lymph node metastasis for all methods. negative test results had a greater impact and, depending on the clinical setting, decreased the probability of lymph node metastasis from 15% to 44% (pretest) to 3% to 18% (posttest).<p></section><section><header>Conclusions:</header><p>The lag, ct, and mr imaging perform similarly in the detection of lymph node metastasis from cervical cancer. as ct and mr imaging are less invasive than lag and also assess local tumor extent, they should be considered the preferred adjuncts to clinical evaluation of invasive cervical cancer.<p></section></abstract>",
    "authors": [
        {
            "family": "Scheidler",
            "given": "J."
        }
    ],
    "ctr": 0.1,
    "custom_score": 1.0,
    "id": {
        "dois": [
            "10.1001/jama.278.13.1096"
        ],
        "pubmed_id": 9315770
    },
    "issued_at": 876178800,
    "languages": [
        "en"
    ],
    "metadata": {
        "container_title": "JAMA: The Journal of the American Medical Association",
        "first_page": 1096,
        "issns": [
            "0098-7484",
            "1538-3598"
        ],
        "issue": "13",
        "last_page": 1101,
        "volume": "278"
    },
    "page_rank": 0.2324127,
    "referenced_by_count": 55,
    "tags": [
        "Female",
        "Humans",
        "Likelihood Functions",
        "Lymphatic Metastasis",
        "Lymphography",
        "Magnetic Resonance Imaging",
        "Neoplasm Staging",
        "ROC Curve",
        "Sensitivity and Specificity",
        "Tomography, X-Ray Computed",
        "Uterine Cervical Neoplasms"
    ],
    "title": "Radiological evaluation of lymph node metastases in patients with cervical cancer. A meta-analysis",
    "type": "journal-article",
    "updated_at": 1695783567
}