{
    "authors": [
        {
            "family": "Naylor",
            "given": "C. David"
        }
    ],
    "ctr": 0.1,
    "custom_score": 1.0,
    "id": {
        "dois": [
            "10.1001/jama.2018.11103"
        ]
    },
    "issued_at": 1537228800,
    "languages": [
        "en"
    ],
    "metadata": {
        "container_title": "JAMA",
        "first_page": 1099,
        "issns": [
            "0098-7484"
        ],
        "issue": "11",
        "volume": "320"
    },
    "page_rank": 0.17518444,
    "referenced_by_count": 148,
    "references": [
        {
            "doi": "10.1016/j.artmed.2008.07.017",
            "type": "reference"
        },
        {
            "doi": "10.1038/s41746-017-0012-2",
            "type": "reference"
        },
        {
            "doi": "10.1016/j.artmed.2017.01.003",
            "type": "reference"
        }
    ],
    "tags": [
        "General Medicine"
    ],
    "title": "On the Prospects for a (Deep) Learning Health Care System",
    "type": "journal-article",
    "updated_at": 1693669841
}