{
    "authors": [
        {
            "family": "Grumbach",
            "given": "Kevin"
        },
        {
            "family": "Lucey",
            "given": "Catherine R."
        },
        {
            "family": "Johnston",
            "given": "S. Claiborne"
        }
    ],
    "ctr": 0.1,
    "custom_score": 1.0,
    "id": {
        "dois": [
            "10.1001/jama.2014.705"
        ]
    },
    "issued_at": 1395187200,
    "languages": [
        "en"
    ],
    "metadata": {
        "container_title": "JAMA",
        "first_page": 1109,
        "issns": [
            "0098-7484"
        ],
        "issue": "11",
        "volume": "311"
    },
    "page_rank": 0.4033173,
    "referenced_by_count": 73,
    "tags": [
        "General Medicine"
    ],
    "title": "Transforming From Centers of Learning to Learning Health Systems: The Challenge for Academic Health Centers",
    "type": "journal-article",
    "updated_at": 1693680663
}