{
    "authors": [
        {
            "family": "D’Andrea",
            "given": "Elvira"
        },
        {
            "family": "Hey",
            "given": "Spencer P."
        },
        {
            "family": "Ramirez",
            "given": "Cherie L."
        },
        {
            "family": "Kesselheim",
            "given": "Aaron S."
        }
    ],
    "ctr": 0.1,
    "custom_score": 1.0,
    "id": {
        "dois": [
            "10.1001/jamanetworkopen.2019.2224"
        ]
    },
    "issued_at": 1555027200,
    "languages": [
        "en"
    ],
    "metadata": {
        "container_title": "JAMA Network Open",
        "first_page": 192224,
        "issns": [
            "2574-3805"
        ],
        "issue": "4",
        "volume": "2"
    },
    "page_rank": 0.15344593,
    "referenced_by_count": 38,
    "references": [
        {
            "doi": "10.1016/0197-2456(86)90046-2",
            "type": "reference"
        },
        {
            "doi": "10.1136/bmj.323.7303.42",
            "type": "reference"
        },
        {
            "doi": "10.1136/bmj.b2700",
            "type": "reference"
        },
        {
            "doi": "10.1177/1536867x0800800403",
            "type": "reference"
        },
        {
            "doi": "10.1056/nejm199908053410604",
            "type": "reference"
        },
        {
            "doi": "10.1016/s0140-6736(10)61350-5",
            "type": "reference"
        },
        {
            "doi": "10.1056/nejm199011083231901",
            "type": "reference"
        },
        {
            "doi": "10.1056/nejmoa1107579",
            "type": "reference"
        },
        {
            "doi": "10.1161/01.cir.0000148955.19792.8d",
            "type": "reference"
        },
        {
            "doi": "10.1016/0002-9343(77)90874-9",
            "type": "reference"
        },
        {
            "doi": "10.1016/s0140-6736(13)62229-1",
            "type": "reference"
        },
        {
            "doi": "10.1161/01.cir.79.1.8",
            "type": "reference"
        },
        {
            "doi": "10.1007/978-1-4615-6866-7_34",
            "type": "reference"
        },
        {
            "doi": "10.1111/j.0954-6820.1988.tb15891.x",
            "type": "reference"
        },
        {
            "doi": "10.1001/jama.2016.13985",
            "type": "reference"
        },
        {
            "doi": "10.1001/jama.1990.03450230043027",
            "type": "reference"
        },
        {
            "doi": "10.1136/bmj.g4379",
            "type": "reference"
        },
        {
            "doi": "10.1056/nejmoa1300955",
            "type": "reference"
        },
        {
            "doi": "10.2337/dc08-0025",
            "type": "reference"
        },
        {
            "doi": "10.1002/(issn)1097-0258",
            "type": "reference"
        },
        {
            "doi": "10.1001/jama.1987.03390230069027",
            "type": "reference"
        },
        {
            "doi": "10.1016/s0140-6736(94)90506-1",
            "type": "reference"
        },
        {
            "doi": "10.1001/jama.1975.03240160024021",
            "type": "reference"
        },
        {
            "doi": "10.1016/j.amjcard.2006.11.018",
            "type": "reference"
        },
        {
            "doi": "10.1161/circoutcomes.116.003121",
            "type": "reference"
        },
        {
            "doi": "10.1001/jama.2016.16437",
            "type": "reference"
        },
        {
            "doi": "10.1016/j.jacc.2016.03.519",
            "type": "reference"
        },
        {
            "doi": "10.1016/s0002-9149(99)80761-9",
            "type": "reference"
        },
        {
            "doi": "10.1056/nejmoa0907569",
            "type": "reference"
        },
        {
            "doi": "10.1016/j.jacc.2004.10.031",
            "type": "reference"
        },
        {
            "doi": "10.1136/bmj.b92",
            "type": "reference"
        },
        {
            "doi": "10.7326/0003-4819-142-2-200501180-00008",
            "type": "reference"
        },
        {
            "doi": "10.1016/s0140-6736(11)61125-2",
            "type": "reference"
        },
        {
            "doi": "10.1136/heartjnl-2013-303926",
            "type": "reference"
        },
        {
            "doi": "10.1016/s0140-6736(13)62227-8",
            "type": "reference"
        },
        {
            "doi": "10.1016/j.jacc.2012.10.030",
            "type": "reference"
        },
        {
            "doi": "10.1038/nrcardio.2014.167",
            "type": "reference"
        },
        {
            "doi": "10.1056/nejmc1311039",
            "type": "reference"
        },
        {
            "doi": "10.1016/j.jacc.2008.03.003",
            "type": "reference"
        },
        {
            "doi": "10.1185/030079907x199682",
            "type": "reference"
        },
        {
            "doi": "10.1126/science.aaf5101",
            "type": "reference"
        },
        {
            "doi": "10.1016/j.amjmed.2016.07.038",
            "type": "reference"
        },
        {
            "doi": "10.1002/cpt.v103.1",
            "type": "reference"
        },
        {
            "doi": "10.1111/ijcp.2009.63.issue-9",
            "type": "reference"
        },
        {
            "doi": "10.1136/bmj.i6286",
            "type": "reference"
        },
        {
            "doi": "10.1001/jamainternmed.2013.6489",
            "type": "reference"
        },
        {
            "doi": "10.1056/nejmp1506964",
            "type": "reference"
        },
        {
            "doi": "10.1177/000331979504600401",
            "type": "reference"
        },
        {
            "doi": "10.1016/j.atherosclerosis.2013.09.034",
            "type": "reference"
        }
    ],
    "tags": [
        "General Medicine"
    ],
    "title": "Assessment of the Role of Niacin in Managing Cardiovascular Disease Outcomes: A Systematic Review and Meta-analysis",
    "type": "journal-article",
    "updated_at": 1693667917
}