{
    "authors": [
        {
            "family": "Walensky",
            "given": "Rochelle P.",
            "sequence": "first"
        },
        {
            "family": "Walke",
            "given": "Henry T.",
            "sequence": "additional"
        },
        {
            "family": "Fauci",
            "given": "Anthony S.",
            "sequence": "additional"
        }
    ],
    "ctr": 0.1,
    "custom_score": 1.0,
    "id": {
        "dois": [
            "10.1001/jama.2021.2294"
        ]
    },
    "issued_at": 1615852800,
    "languages": [
        "en"
    ],
    "metadata": {
        "container_title": "JAMA",
        "first_page": 1037,
        "issns": [
            "0098-7484"
        ],
        "issue": "11",
        "publisher": "American Medical Association (AMA)",
        "volume": "325"
    },
    "page_rank": 0.22271231,
    "referenced_by_count": 264,
    "references": [
        {
            "doi": "10.15585/mmwr.mm7003e2",
            "type": "reference"
        },
        {
            "doi": "10.15585/mmwr.mm7008e1",
            "type": "reference"
        },
        {
            "doi": "10.15585/mmwr.mm7008e2",
            "type": "reference"
        },
        {
            "doi": "10.1101/2021.01.18.427166",
            "type": "reference"
        },
        {
            "doi": "10.1101/2021.01.25.428137",
            "type": "reference"
        },
        {
            "doi": "10.1101/2021.02.06.21251159",
            "type": "reference"
        }
    ],
    "tags": [
        "General Medicine"
    ],
    "title": "SARS-CoV-2 Variants of Concern in the United States—Challenges and Opportunities",
    "type": "journal-article",
    "updated_at": 1694223175
}