{
    "authors": [
        {
            "family": "Cleary",
            "given": "Paul D."
        }
    ],
    "ctr": 0.1,
    "custom_score": 1.0,
    "id": {
        "dois": [
            "10.1001/jama.1991.03470010077034"
        ]
    },
    "issued_at": 678499200,
    "languages": [
        "en"
    ],
    "metadata": {
        "container_title": "JAMA: The Journal of the American Medical Association",
        "first_page": 73,
        "issns": [
            "0098-7484"
        ],
        "issue": "1",
        "volume": "266"
    },
    "page_rank": 0.36298466,
    "referenced_by_count": 118,
    "tags": [
        "General Medicine"
    ],
    "title": "Variations in Length of Stay and Outcomes for Six Medical and Surgical Conditions in Massachusetts and California",
    "type": "journal-article",
    "updated_at": 1693702289
}