{
    "authors": [
        {
            "family": "Thom",
            "given": "Simon"
        }
    ],
    "ctr": 0.1,
    "custom_score": 1.0,
    "id": {
        "dois": [
            "10.1001/jama.2013.277064"
        ]
    },
    "issued_at": 1378252800,
    "languages": [
        "en"
    ],
    "links": [
        {
            "cid": "bafkr4icujzclaverihumawzlfnmrdd7ptlb5tpnv6ll4myepwtoktgcf3q",
            "extension": "pdf",
            "type": "primary"
        }
    ],
    "metadata": {
        "container_title": "JAMA",
        "first_page": 918,
        "issns": [
            "0098-7484"
        ],
        "issue": "9",
        "volume": "310"
    },
    "page_rank": 0.2249665,
    "referenced_by_count": 279,
    "tags": [
        "General Medicine"
    ],
    "title": "Effects of a Fixed-Dose Combination Strategy on Adherence and Risk Factors in Patients With or at High Risk of CVD: The UMPIRE Randomized Clinical Trial",
    "type": "journal-article",
    "updated_at": 1693681795
}