{
    "authors": [
        {
            "family": "Quinn",
            "given": "Graham E."
        },
        {
            "family": "Ying",
            "given": "Gui-shuang"
        },
        {
            "family": "Daniel",
            "given": "Ebenezer"
        },
        {
            "family": "Hildebrand",
            "given": "P. Lloyd"
        },
        {
            "family": "Ells",
            "given": "Anna"
        },
        {
            "family": "Baumritter",
            "given": "Agnieshka"
        },
        {
            "family": "Kemper",
            "given": "Alex R."
        },
        {
            "family": "Schron",
            "given": "Eleanor B."
        },
        {
            "family": "Wade",
            "given": "Kelly"
        }
    ],
    "ctr": 0.1,
    "custom_score": 1.0,
    "id": {
        "dois": [
            "10.1001/jamaophthalmol.2014.1604"
        ]
    },
    "issued_at": 1412121600,
    "languages": [
        "en"
    ],
    "metadata": {
        "container_title": "JAMA Ophthalmology",
        "first_page": 1178,
        "issns": [
            "2168-6165"
        ],
        "issue": "10",
        "volume": "132"
    },
    "page_rank": 0.3109594,
    "referenced_by_count": 138,
    "tags": [
        "Ophthalmology"
    ],
    "title": "Validity of a Telemedicine System for the Evaluation of Acute-Phase Retinopathy of Prematurity",
    "type": "journal-article",
    "updated_at": 1693679720
}