{
    "authors": [
        {
            "family": "Lee",
            "given": "Lisa M."
        },
        {
            "family": "Gostin",
            "given": "Lawrence O."
        }
    ],
    "ctr": 0.1,
    "custom_score": 1.0,
    "id": {
        "dois": [
            "10.1001/jama.2009.958"
        ]
    },
    "issued_at": 1246406400,
    "languages": [
        "en"
    ],
    "metadata": {
        "container_title": "JAMA",
        "first_page": 82,
        "issns": [
            "0098-7484"
        ],
        "issue": "1",
        "volume": "302"
    },
    "page_rank": 0.45639852,
    "referenced_by_count": 62,
    "tags": [
        "General Medicine"
    ],
    "title": "Ethical Collection, Storage, and Use of Public Health Data: A Proposal for a National Privacy Protection",
    "type": "journal-article",
    "updated_at": 1693689288
}