{
    "abstract": "interaction.7 Consequently, they do not embody minimum ethical or legal stan¬ dards, but rather constitute regulative ideals that are \"higher than the law\" but not \"above the law.\"8",
    "authors": [
        {
            "family": "Emanuel",
            "given": "Ezekiel J."
        }
    ],
    "content": "DURING the last two decades or so, there has been a struggle over the patient's role in medical decision making that is often characterized as a conflict between autonomy and health, between the values of the patient and the values of the physician. Seeking to curtail physician dominance, many have advocated an ideal of greater patient control.1,2Others question this ideal because it fails to acknowledge the potentially imbalanced nature ofthis interaction when one party is sick and searching for security, and when judgments entail the interpretation of technical information.3,4 Still others are trying to delineate a more mutual relationship. 5,6 This struggle shapes the expectations of physicians and patients as well as the ethical and legal standards for the physician's duties, informed consent, and medical malpractice. This struggle forces us to ask, What should be the ideal physician-patient relationship?We shall outline four models of the physician-patient interaction, emphasizing the different understandings of the goals of the physician-patient inter¬ action, (2) the physician's obligations, (3) the role of patient values, and the conception of patient autonomy. To elab¬ orate the abstract description of these four models, we shall indicate the types of response the models might suggest in a clinical situation. Third, we shall also indicate how these models inform the current debate about the ideal physicianpatient relationship. Finally, we shall evaluate these models and recommend one as the preferred model.As outlined, the models are Weberian ideal types. They may not describe any particular physician-patient interactions but highlight, free from complicating de¬ tails, different visions of the essential characteristics of the physician-patient\n\nPATERNALISTIC MODEL\nFirst is the paternalistic model, some¬ times called the parental9 or priestly10 model. In this model, the physician-pa¬ tient interaction ensures that patients receive the interventions that best pro¬ mote their health and well-being. To this end, physicians use their skills to determine the patient's medical condi¬ tion and his or her stage in the disease process and to identify the medical tests and treatments most likely to restore the patient's health or ameliorate pain. Then the physician presents the patient with selected information that will en¬ courage the patient to consent to the intervention the physician considers best. At the extreme, the physician au¬ thoritatively informs the patient when the intervention will be initiated.The paternalistic model assumes that there are shared objective criteria for determining what is best. Hence the physician can discern what is in the pa¬ tient's best interest with limited patient participation. Ultimately, it is assumed that the patient will be thankful for de¬ cisions made by the physician even if he or she would not agree to them at the time.11 In the tension between the pa¬ tient's autonomy and well-being, be¬ tween choice and health, the paternal¬ istic physician's main emphasis is to¬ ward the latter.In the paternalistic model, the physi¬ cian acts as the patient's guardian, artic¬ ulating and implementing what is best for the patient. As such, the physician has ob¬ ligations, including that of placing the pa¬ tient's interest above his or her own and soliciting the views ofothers when lacking adequate knowledge. The conception of patient autonomy is patient assent, either at the time or later, to the physician's de¬ terminations of what is best.\n\nTHE INFORMATIVE MODEL\nSecond is the informative model, sometimes called the scientific,9 engi-neering,10 or consumer model. In this model, the objective of the physicianpatient interaction is for the physician to provide the patient with all relevant information, for the patient to select the medical interventions he or she wants, and for the physician to execute the se¬ lected interventions. To this end, the physician informs the patient of his or her disease state, the nature of possible diagnostic and therapeutic interven¬ tions, the nature and probability ofrisks and benefits associated with the inter¬ ventions, and any uncertainties ofknowl¬ edge. At the extreme, patients could come to know all medical information relevant to their disease and available interventions and select the interven¬ tions that best realize their values.The informative model assumes a fairly clear distinction between facts and values. The patient's values are well de¬ fined and known; what the patient lacks is facts. It is the physician's obligation to provide all the available facts, and the patient's values then determine what treatments are to be given. There is no role for the physician's values, the phy¬ sician's understanding of the patient's values, or his or her judgment of the worth of the patient's values. In the informative model, the physician is a purveyor of technical expertise, provid¬ ing the patient with the means to ex¬ ercise control. As technical experts, phy¬ sicians have important obligations to pro¬ vide truthful information, to maintain competence in their area of expertise, and to consult others when their knowl¬ edge or skills are lacking. The concep¬ tion of patient autonomy is patient con¬ trol over medical decision making.\n\nTHE INTERPRETIVE MODEL\nThe third model is the interpretive model. The aim of the physician-patient interaction is to elucidate the patient's values and what he or she actually wants, and to help the patient select the avail¬ able medical interventions that realize these values. Like the informative phy¬ sician, the interpretive physician pro¬ vides the patient with information on the nature of the condition and the risks and benefits of possible   According to the interpretive model, the patient's values are not necessarily fixed and known to the patient. They are often inchoate, and the patient may only partially understand them; they may conflict when applied to specific situations. Consequently, the physician working with the patient must elucidate and make coherent these values. To do this, the physician works with the pa¬ tient to reconstruct the patient's goals and aspirations, commitments and char¬ acter. At the extreme, the physician must conceive the patient's life as a nar¬ rative whole, and from this specify the patient's values and their priority.12•13Then the physician determines which tests and treatments best realize these values. Importantly, the physician does not dictate to the patient; it is the pa¬ tient who ultimately decides which val¬ ues and course of action best fit who he or she is. Neither is the physician judg¬ ing the patient's values; he or she helps the patient to understand and use them in the medical situation.In the interpretive model, the physi¬ cian is a counselor, analogous to a cab¬ inet minister's advisory role to a head of state, supplying relevant information, helping to elucidate values and suggest¬ ing what medical interventions realize these values. Thus the physician's ob¬ ligations include those enumerated in the informative model but also require engaging the patient in a joint process of understanding. Accordingly, the con¬ ception of patient autonomy is self-un¬ derstanding; the patient comes to know more clearly who he or she is and how the various medical options bear on his or her identity.\n\nTHE DELIBERATIVE MODEL\nFourth is the deliberative model. The aim of the physician-patient interaction is to help the patient determine and choose the best health-related values that can be realized in the clinical situ¬ ation. To this end, the physician must delineate information on the patient's clinical situation and then help elucidate the types of values embodied in the avail¬ able options. The physician's objectives include suggesting why certain healthrelated values are more worthy and should be aspired to. At the extreme, the physician and patient engage in de¬ liberation about what kind of healthrelated values the patient could and ul¬ timately should pursue. The physician discusses only health-related values, that is, values that affect or are affected by the patient's disease and treatments; he or she recognizes that many elements of morality are unrelated to the patient's disease or treatment and beyond the scope of their professional relationship. Further, the physician aims at no more than moral persuasion; ultimately, co¬ ercion is avoided, and the patient must define his or her life and select the or¬ dering of values to be espoused. By en¬ gaging in moral deliberation, the phy¬ sician and patient judge the worthiness and importance ofthe health-related val¬ ues.In the deliberative model, the physi¬ cian acts as a teacher or friend,14 apy would be admirable. The concep¬ tion of patient autonomy is moral selfdevelopment; the patient is empowered not simply to follow unexamined pref¬ erences or examined values, but to con¬ sider, through dialogue, alternative health-related values, their worthiness, and their implications for treatment.\n\nCOMPARING THE FOUR MODELS\nThe Table compares the four models on essential points. Importantly, all mod¬ els have a role for patient autonomy; a main factor that differentiates the mod¬ els is their particular conceptions of pa-tient autonomy. Therefore, no single model can be endorsed because it alone promotes patient autonomy. Instead the models must be compared and evalu¬ ated, at least in part, by evaluating the adequacy of their particular conceptions of patient autonomy.The four models are not exhaustive.At a minimum there might be added a fifth: the instrumental model. In this model, the patient's values are irrele¬ vant; the physician aims for some goal independent of the patient, such as the good of society or furtherance of scien¬ tific knowledge. The Tuskegee syphilis experiment15\"17 and the Willowbrook hep¬ atitis study18•19 are examples of this model. As the moral condemnation of these cases reveals, this model is not an ideal but an aberration. Thus we have not elaborated it herein.\n\nA CLINICAL CASE\nTo make tangible these abstract de¬ scriptions and to crystallize essential dif¬ ferences among the models, we will il¬ lustrate the responses they suggest in a clinical situation, that of a 43-year-old premenopausal woman who has recently discovered a breast mass. Surgery re¬ veals a 3.5-cm ductal carcinoma with no lymph node involvement that is estro¬ gen receptor positive. Chest roentgenogram, bone scan, and liver function tests reveal no evidence of metastatic disease. The patient was recently di¬ vorced and has gone back to work as a legal aide to support herself. What should the physician say to this patient?In the paternalistic model a physician might say, \"There are two alternative therapies to protect against recurrence of cancer in your breast: mastectomy or radiation. We now know that the sur¬ vival with lumpectomy combined with radiation therapy is equal to that with mastectomy. Because lumpectomy and radiation offers the best survival and the best cosmetic result, it is to be pre¬ ferred. I have asked the radiation ther¬ apist to come and discuss radiation treat¬ ment with you. We also need to protect you against the spread of the cancer to other parts of your body. Even though the chance of recurrence is low, you are young, and we should not leave any ther¬ apeutic possibilities untried. Recent studies involving chemotherapy suggest improvements in survival without re¬ currence of breast cancer. Indeed, the National Cancer Institute recommends chemotherapy for women with your type of breast cancer. Chemotherapy has side effects. Nevertheless, a few months of hardship now are worth the potential added years of life without cancer.\"In the informative model a physician might say, \"With node-negative breast cancer there are two issues before you: local control and systemic control. For local control, the options are mastec¬ tomy or lumpectomy with or without radiation. From many studies we know that mastectomy and lumpectomy with radiation result in identical overall sur¬ vival, about 80% 10-year survival. Lumpectomy without radiation results in a 30% to 40% chance of tumor recur¬ rence in the breast. The second issue relates to systemic control. We know that chemotherapy prolongs survival for premenopausal women who have axil¬ lary nodes involved with tumor. The role for women with node-negative breast cancer is less clear. Individual studies suggest that chemotherapy is of no benefit in terms of improving overall survival, but a comprehensive review of all studies suggests that there is a sur¬ vival benefit. Several years ago, the NCI suggested that for women like yourself, chemotherapy can have a positive ther¬ apeutic impact. Finally, let me inform you that there are clinical trials, for which you are eligible, to evaluate the benefits of chemotherapy for patients with node-negative breast cancer. I can enroll you in a study if you want. I will be happy to give you any further infor¬ mation you feel you need.\"The interpretive physician might out¬ line much of the same information as the informative physician, then engage in discussion to elucidate the patient's wishes, and conclude, \"It sounds to me as if you have conflicting wishes. Un¬ derstandably, you seem uncertain how to balance the demands required for re¬ ceiving additional treatment, rejuvenat¬ ing your personal affairs, and maintain¬ ing your psychological equilibrium. Let me try to express a perspective that fits your position. Fighting your cancer is important, but it must leave you with a healthy self-image and quality time out¬ side the hospital. This view seems com¬ patible with undergoing radiation ther¬ apy but not chemotherapy. A lumpec¬ tomy with radiation maximizes your chance of surviving while preserving your breast. Radiotherapy fights your breast cancer without disfigurement.Conversely, chemotherapy would pro¬ long the duration of therapy by many months. Further, the benefits of che¬ motherapy in terms of survival are smaller and more controversial. Given the recent changes in your life, you have too many new preoccupations to undergo months of chemotherapy for a question¬ able benefit. Do I understand you? We can talk again in a few days.\"The deliberative physician might be¬ gin by outlining the same factual infor¬ mation, engage in a conversation to elu¬ cidate the patient's values, but continue, \"It seems clear that you should undergo radiation therapy. It offers maximal sur¬ vival with minimal risk, disfigurement, and disruption of your life. The issue of chemotherapy is different, fraught with conflicting data. Balancing all the op¬ tions, I think the best one for you is to enter a trial that is investigating the potential benefit of chemotherapy for women with node-negative breast can¬ cer. First, it ensures that you receive excellent medical care. At this point, we do not know which therapy maximizes survival. In a clinical study the schedule of follow-up visits, tests, and decisions is specified by leading breast cancer ex¬ perts to ensure that all the women re¬ ceive care that is the best available any¬ where. A second reason to participate in a trial is altruistic; it allows you to contribute something to women with breast cancer in the future who will face difficult choices. Over decades, thou¬ sands of women have participated in studies that inform our current treat¬ ment practices. Without those women, and the knowledge they made possible, we would probably still be giving you and all other women with breast cancer mastectomies. By enrolling in a trial you participate in a tradition in which women of one generation receive the highest standard of care available but also en¬ hance the care of women in future gen¬ erations because medicine has learned something about which interventions are better. I must tell yoti that I am not involved in the study; if you elect to enroll in this trial, you will initially see another breast cancer expert to plan your therapy. I have sought to explain our current knowledge and offer my rec¬ ommendation so you can make the best possible decision.\"Lacking the normal interchange with patients, these statements may seem contrived, even caricatures. Neverthe¬ less, they highlight the essence of each model and suggest how the objectives and assumptions of each inform a phy¬ sician's approach to his or her patients. Similar statements can be imagined for other clinical situations such as an ob¬ stetrician discussing prenatal testing or a cardiologist discussing cholesterolreducing interventions.\n\nTHE CURRENT DEBATE AND THE FOUR MODELS\nIn recent decades there has been a call for greater patient autonomy or, as some have called it, \"patient sover¬ eignty,\"20 conceived as patient choice and control over medical decisions. This shift toward the informative model is embodied in the adoption of business terms for medicine, as when physicians are described as health care providers and patients as consumers. It can also be found in the propagation of patient rights statements,21 in the promotion of living will laws, and in rules regarding human experimentation. For instance, the opening sentences of one law state: \"The Rights of the Terminally 111 Act authorizes an adult person to control decisions regarding administration of life-sustaining treatment. . . . The Act merely provides one way by which a terminally-ill patient's desires regard¬ ing the use of life-sustaining procedures can be legally implemented\" (emphasis added).22 Indeed, living will laws do not require or encourage patients to discuss the issue of terminating care with their physicians before signing such docu¬ ments. Similarly, decisions in \"right-todie\" cases emphasize patient control over medical decisions. As one court put it23:The right to refuse medical treatment is ba¬ sic and fundamental. ... Its exercise re¬ quires no one's approval. . . . [T]he control¬ ling decision belongs to a competent informed patient. ... It is not a medical decision for her physicians to make.. . .\n\nIt is\na moral and philosophical decision that, be¬ ing a competent adult, is [the patient's] alone, (emphasis added)Probably the most forceful endorse¬ ment ofthe informative model as the ideal inheres in informed consent standards.Prior to the 1970s, the standard for in¬ formed consent was \"physician based.\"2426 Since 1972 and the Canter¬ bury case, however, the emphasis has been on a \"patient-oriented\" standard of informed consent in which the physician has a \"duty\" to provide appropriate med¬ ical facts to empower the patient to use his or her values to determine what interven¬ tions should be implemented. 25-27   True consent to what happens to one's self is the informed exercise of a choice, and that entails an opportunity to evaluate knowledgeably the options available and the risks attendant upon each. . . . [I]t is the prerog¬ ative of the patient, not the physician, to de¬ terminefor himselfthe direction in which his interests seem to lie. To enable the patient to chart his course understandably, some fa¬ miliarity with the therapeutic alternatives and their hazards becomes essential.27 (em¬ phasis added) SHARED DECISION MAKING Despite its dominance, many have found the informative model \"arid.\"20 The President's Commission and others contend that the ideal relationship does not vest moral authority and medical decision-making power exclusively in the patient but must be a process of shared decision making constructed around \"mutual participation and respect.\"20•28The President's Commission argues that the physician's role is \"to help the pa¬ tient understand the medical situation and available courses of action, and the patient conveys his or her concerns and wishes.\"20 Wartman29 stress this fact-value \"division of labor\"-hav¬ ing the physician provide information while the patient makes value deci¬ sions-by describing \"shared decision making\" as a collaborative process in which both physicians and patients make active and essential contributions. Physi¬ cians bring their medical training, knowl¬ edge, and expertise-including an under¬ standing of the available treatment alternatives-to the diagnosis and manage¬ ment of patients' condition. Patients bring knowledge of their own subjective aims and values, through which risks and benefits of various treatment options can be evaluated. With this approach, selecting the best treat¬ ment for a particular patient requires the contribution of both parties.Similarly, in discussing ideal medical decision making, Eddy30 argues for this fact-value division of labor between the physician and patient as the ideal:It is important to separate the decision pro¬ cess into these two steps. . . . The first step is a question of facts. The anchor is empiri¬ cal evidence. .. .[T]he second step is a question not of facts but ofpersonal values or preferences. The thought process is not an¬ alytic but personal and subjective. . . .[I]t is the patient's preferences that should de¬ termine the decision. . . . Ideally, you and I[the physicians] are not in the picture. What matters is what Mrs. Smith thinks.This view of shared decision making seems to vest the medical decisionmaking authority with the patient while relegating physicians to technicians \"transmitting medical information and using their technical skills as the patient directs.\"20 Thus, while the advocates of \"shared decision making\" may aspire to¬ ward a mutual dialogue between physi¬ cian and patient, the substantive view in¬ forming their ideal reembodies the infor¬ mative model under a different label.Other commentators have articu¬ lated more mutual models of the phy¬ sician-patient interaction. Relying on a Freudian view in which self-knowledge and self-determination are inherently limited because of un¬ conscious influences, Katz views dia¬ logue as a mechanism for greater selfunderstanding of one's values and objectives. According to Katz, this view places a duty on physicians and patients to reflect and communicate so that patients can gain a greater selfunderstanding and self-determination.Katz' insight is also available on grounds other than Freudian psycho¬ logical theory and is consistent with the interpretive model.13\n\nOBJECTIONS TO THE PATERNALISTIC MODEL\nIt is widely recognized that the pater¬ nalistic model is justified during emer¬ gencies when the time taken to obtain in¬ formed consent might irreversibly harm the patient.1•2•20 Beyond such limited cir¬ cumstances, however, it is no longer ten¬ able to assume that the physician and pa¬ tient espouse similar values and views of what constitutes a benefit. Consequently, even physicians rarely advocate the pa¬ ternalistic model as an ideal for routine physician-patient interactions.32\n\nOBJECTIONS TO THE\n\n\nINFORMATIVE MODEL\nThe informative model seems both de¬ scriptively and prescriptively inaccu¬ rate. First, this model seems to have no place for essential qualities of the ideal physician-patient relationship. The in¬ formative physician cares for the pa¬ tient in the sense of competently imple¬ menting the patient's selected interven¬ tions. However, the informative physi¬ cian lacks a caringapproach that requires understanding what the patient values or should value and how his or her ill¬ ness impinges on these values. Patients seem to expect their physician to have a caring approach; they deem a techni¬ cally proficient but detached physician as deficient, and properly condemned. Further, the informative physician is proscribed from giving a recommenda¬ tion for fear of imposing his or her will on the patient and thereby competing for the decision-making control that has been given to the patient.25 Yet, if one ofthe essential qualities of the ideal phy¬ sician is the ability to assimilate medical facts, prior experience of similar situa¬ tions, and intimate knowledge of the patient's view into a recommendation designed for the patient's specific med¬ ical and personal condition,35•25 then the informative physician cannot be ideal.Second, in the informative model the ideal physician is a highly trained subspecialist who provides detailed factual infor¬ mation and competently implements the patient's preferred medical intervention.Hence, the informative model perpetu-ates and accentuates the trend toward specialization and impersonalization within the medical profession.Most importantly, the informative model's conception of patient autonomy seems philosophically untenable. The in¬ formative model presupposes that per¬ sons possess known and fixed values, but this is inaccurate. People are often uncertain about what they actually want. Further, unlike animals, people have what philosophers call \"second order de¬ sires,\"3335 that is, the capacity to reflect on their wishes and to revise their own desires and preferences. In fact, free¬ dom of the will and autonomy inhere in having \"second order desires\" and be¬ ing able to change our preferences and modify our identity. Self-reflection and the capacity to change what we want often require a \"process\" of moral de¬ liberation in which we assess the value of what we want. And this is a process that occurs with other people who know us well and can articulate a vision of who we ought to be that we can assent to.13 Even though changes in health or im¬ plementation of alternative interven¬ tions can have profound effects on what we desire and how we realize our de¬ sires, self-reflection and deliberation play no essential role in the informative physician-patient interaction. The infor¬ mative model's conception of autonomy is incompatible with a vision of autonomy that incorporates second-order desires.\n\nOBJECTIONS TO THE INTERPRETIVE MODEL\nThe interpretive model rectifies this deficiency by recognizing that persons have second-order desires and dynamic value structures and placing the eluci¬ dation of values in the context of the patient's medical condition at the center of the physician-patient interaction. Nevertheless, there are objections to the interpretive model.Technical specialization militates against physicians cultivating the skills necessary to the interpretive model.With limited interpretive talents and limited time, physicians may unwittingly impose their own values under the guise of articulating the patient's values. And patients, overwhelmed by their medical condition and uncertain of their own views, may too easily accept this impo¬ sition. Such circumstances may push the interpretive model toward the pater¬ nalistic model in actual practice.Further, autonomy viewed as self-un¬ derstanding excludes evaluative judg¬ ment of the patient's values or attempts to persuade the patient to adopt other values. This constrains the guidance and recommendations the physician can of¬ fer. Yet in practice, especially in pre-ventive medicine and risk-reduction in¬ terventions, physicians often attempt to persuade patients to adopt particular health-related values. Physicians fre¬ quently urge patients with high choles¬ terol levels who smoke to change their dietary habits, quit smoking, and begin exercise programs before initiating drug therapy. The justification given for these changes is that patients should value their health more than they do. Simi¬ larly, physicians are encouraged to per¬ suade their human immunodeficiency vi¬ rus (HlV)-infected patients who might be engaging in unsafe sexual practices either to abstain or, realistically, to adopt \"safer sex\" practices. Such appeals are not made to promote the HIV-infected patient's own health, but are grounded on an appeal for the patient to assume responsibility for the good of others. Consequently, by excluding evaluative judgments, the interpretive model seems to characterize inaccurately ideal physician-patient interactions.\n\nOBJECTIONS TO THE DELIBERATIVE MODEL\nThe fundamental objections to the de¬ liberative model focus on whether it is proper for physicians to judge patients' values and promote particular healthrelated values. First, physicians do not possess privileged knowledge of the pri¬ ority of health-related values relative to other values. Indeed, since ours is a pluralistic society in which people es¬ pouse incommensurable values, it is likely that a physician's values and view of which values are higher will conflict with those of other physicians and those of his or her patients.Second, the nature of the moral de¬ liberation between physician and pa¬ tient, the physician's recommended in¬ terventions, and the actual treatments used will depend on the values of the particular physician treating the patient. However, recommendations and care provided to patients should not depend on the physician's judgment of the wor¬ thiness of the patient's values or on the physician's particular values. As one bioethicist put it36: The hand is broken; the physician can repair the hand; therefore the physician must re¬ pair the hand-as well as possible-without regard to personal values that might lead the physician to think ill of the patient or of the patient's values. . . . [A]t the level of clinical practice, medicine should be value-free in the sense that the personal values of the physician should not distort the making of medical decisions.Third, it may be argued that the de¬ liberative model misconstrues the pur¬ pose of the physician-patient interac¬ tion. Patients see their physicians to receive health care, not to engage in moral deliberation or to revise their values. Finally, like the interpretive model, the deliberative model may eas¬ ily metamorphose into unintended pa¬ ternalism, the very practice that gen¬ erated the public debate over the proper physician-patient interaction.\n\nTHE PREFERRED MODEL AND THE PRACTICAL IMPLICATIONS\nClearly, under different clinical cir¬ cumstances different models may be ap¬ propriate. Indeed, at different times all four models may justifiably guide phy¬ sicians and patients. Nevertheless, it is important to specify one model as the shared, paradigmatic reference; excep¬ tions to use other models would not be automatically condemned, but would re¬ quire justification based on the circum¬ stances of a particular situation. Thus, it is widely agreed that in an emergency where delays in treatment to obtain in¬ formed consent might irreversibly harm the patient, the paternalistic model cor¬ rectly guides physician-patient interac¬ tions. Conversely, for patients who have clear but conflicting values, the interpre¬ tive model is probably justified. For in¬ stance, a 65-year-old woman who has been treated for acute leukemia may have clearly decided against reinduction che¬ motherapy if she relapses. Several months before the anticipated birth ofher first grandchild, the patient relapses. The patient becomes torn about whether to endure the risks of reinduction chemo¬ therapy in order to live to see her first grandchild or whether to refuse therapy, resigning herselfto not seeing her grand¬ child. In such cases, the physician may justifiably adopt the interpretive ap¬ proach. In other circumstances, where there is only a one-time physician-patient interaction without an ongoing relation¬ ship in which the patient's values can be elucidated and compared with ideals, such as in a walk-in center, the informa¬ tive model may be justified.Descriptively and prescriptively, we claim that the ideal physician-patient relationship is the deliberative model. We will adduce six points to justify this claim. First, the deliberative model more nearly embodies our ideal of autonomy. It is an oversimplification and distortion ofthe Western tradition to view respect¬ ing autonomy as simply permitting a person to select, unrestricted by coer¬ cion, ignorance, physical interference, and the like, his or her preferred course of action from a comprehensive list of available options.34•35 Freedom and con¬ trol over medical decisions alone do not constitute patient autonomy. Autonomy requires that individuals critically as¬ sess their own values and preferences; determine whether they are desirable; affirm, upon reflection, these values as ones that should justify their actions; and then be free to initiate action to realize the values. The process of de¬ liberation integral to the deliberative model is essential for realizing patient autonomy understood in this way.Second, our society's image of an ideal physician is not limited to one who knows and communicates to the patient rele¬ vant factual information and compe¬ tently implements medical interven¬ tions. The ideal physician-often em¬ bodied in literature, art, and popular culture-is a caring physician who in¬ tegrates the information and relevant values to make a recommendation and, through discussion, attempts to per¬ suade the patient to accept this recom¬ mendation as the intervention that best promotes his or her overall well-being. Thus, we expect the best physicians to engage their patients in evaluative dis¬ cussions ofhealth issues and related val¬ ues. The physician's discussion does not invoke values that are unrelated or tangentially related to the patient's illness and potential therapies. Importantly, these efforts are not restricted to situ¬ ations in which patients might make \"ir¬ rational and harmful\" choices29 but ex¬ tend to all health care decisions.Third, the deliberative model is not a disguised form of paternalism. Previ¬ ously there may have been category mis¬ takes in which instances of the deliber¬ ative model have been erroneously iden¬ tified as physician paternalism. And no doubt, in practice, the deliberative phy¬ sician may occasionally lapse into pa¬ ternalism. However, like the ideal teacher, the deliberative physician at¬ tempts to persuade the patient ofthe wor¬ thiness of certain values, not to impose those values paternalistically; the physi¬ cian's aim is not to subject the patient to his or her will, but to persuade the patient of a course of action as desirable. In the Laws, Plato37 characterizes this funda¬ mental distinction between persuasion and imposition for medical practice that distinguishes the deliberative from the paternalistic model: A physician to slaves never gives his patient any account of his illness . . . the physician offers some orders gleaned from experience with an air of infallible knowledge, in the brusque fashion of a dictator. The free physician, who usually cares for free men, treats their diseases first by thoroughly dis¬ cussing with the patient and his friends his ailment. This way he learns something from the sufferer and simultaneously instructs him. Then the physician does not give his medica¬ tions until he has persuaded the patient; the physician aims at complete restoration of health by persuading the patient to comply with his therapy.Fourth, physician values are relevant to patients and do inform their choice of a physician. When a pregnant woman chooses an obstetrician who does not routinely perform a battery of prenatal tests or, alternatively, one who strongly favors them; when a patient seeks an aggressive cardiologist who favors procedural interventions or one who concentrates therapy on dietary changes, stress reduction, and life-style modifications, they are, consciously or not, selecting a physician based on the values that guide his or her medical de¬ cisions. And, when disagreements be¬ tween physicians and patients arise, there are discussions over which values are more important and should be real¬ ized in medical care. Occasionally, when such disagreements undermine the physician-patient relationship and a caring attitude, a patient's care is trans¬ ferred to another physician. Indeed, in the informative model the grounds for transferring care to a new physician is either the physician's ignorance or in¬ competence. But patients seem to switch physicians because they do not \"like\" a particular physician or that physician's attitude or approach.Fifth, we seem to believe that physi¬ cians should not only help fit therapies to the patients' elucidated values, but should also promote health-related val¬ ues. As noted, we expect physicians to promote certain values, such as \"safer sex\" for patients with HIV or abstain¬ ing from or limiting alcohol use. Simi¬ larly, patients are willing to adjust their values and actions to be more compati¬ ble with health-promoting This is in the nature of seeking a caring medical recommendation.Finally, it may well be that many phy¬ sicians currently lack the training and ca¬ pacity to articulate the values underlying their recommendations and persuade pa¬ tients that these values are worthy. But, in part, this deficiency is a consequence of the tendencies toward specialization and the avoidance of discussions of values by physicians that are perpetuated and jus¬ tified by the dominant informative model. Therefore, if the deliberative model seems most appropriate, then we need to implement changes in medical care and education to encourage a more caring ap¬ proach. We must stress understanding rather than mere provisions offactual in¬ formation in keeping with the legal stan¬ dards of informed consent and medical malpractice; we must educate physicians not just to spend more time in physicianpatient communication but to elucidate and articulate the values underlying their medical care decisions, including routine ones; we must shift the publicly assumed conception of patient autonomy that shapes both the physician's and the pa¬ tient's expectations from patient control to moral development. Most important, we must recognize that developing a de¬ liberative physician-patient relationship requires a considerable amount of time. We must develop a health care financing system that properly reimbursesrather than penalizes-physicians for taking the time to discuss values with their patients.\n\nCONCLUSION\nOver the last few decades, the dis¬ course regarding the physician-patient relationship has focused on two ex¬ tremes: autonomy and paternalism. Many have attacked physicians as pa¬ ternalistic, urging the empowerment of patients to control their own care. This view, the informative model, has be¬ come dominant in bioethics and legal standards. This model embodies a de¬ fective conception of patient autonomy, and it reduces the physician's role to that of a technologist. The essence of doctoring is a fabric of knowledge, un¬ derstanding, teaching, and action, in which the caring physician integrates the patient's medical condition and health-related values, makes a recom¬ mendation on the appropriate course of action, and tries to persuade the patient of the worthiness of this approach and the values it realizes. The physician with a caring attitude is the ideal embodied in the deliberative model, the ideal that should inform laws and policies that reg¬ ulate the physician-patient interaction.Finally, it may be worth noting that the four models outlined herein are not lim¬ ited to the medical realm; they may in¬ form the public conception of other pro¬ fessional interactions as well. We suggest that the ideal relationships between law¬ yer and client,14 religious mentor and la¬ ity, and educator and student are well de¬ scribed by the deliberative model, at least in some of their essential aspects.",
    "ctr": 0.1,
    "custom_score": 1.0,
    "id": {
        "dois": [
            "10.1001/jama.1992.03480160079038"
        ]
    },
    "issued_at": 703900800,
    "languages": [
        "en"
    ],
    "links": [
        {
            "cid": "bafyb4ib3eafw45h3doradz3unced4hxffa647htdubsruebc6ue6m7oxiy",
            "extension": "pdf",
            "type": "primary"
        }
    ],
    "metadata": {
        "container_title": "JAMA: The Journal of the American Medical Association",
        "first_page": 2221,
        "issns": [
            "0098-7484"
        ],
        "issue": "16",
        "volume": "267"
    },
    "page_rank": 0.19749476,
    "referenced_by_count": 1155,
    "tags": [
        "General Medicine"
    ],
    "title": "Four Models of the Physician-Patient Relationship",
    "type": "journal-article",
    "updated_at": 1693702011
}