{
    "authors": [
        {
            "family": "Zhang",
            "given": "Xinzhi",
            "sequence": "first"
        },
        {
            "family": "Saaddine",
            "given": "Jinan B.",
            "sequence": "additional"
        },
        {
            "family": "Chou",
            "given": "Chiu-Fang",
            "sequence": "additional"
        },
        {
            "family": "Cotch",
            "given": "Mary Frances",
            "sequence": "additional"
        },
        {
            "family": "Cheng",
            "given": "Yiling J.",
            "sequence": "additional"
        },
        {
            "family": "Geiss",
            "given": "Linda S.",
            "sequence": "additional"
        },
        {
            "family": "Gregg",
            "given": "Edward W.",
            "sequence": "additional"
        },
        {
            "family": "Albright",
            "given": "Ann L.",
            "sequence": "additional"
        },
        {
            "family": "Klein",
            "given": "Barbara E. K.",
            "sequence": "additional"
        },
        {
            "family": "Klein",
            "given": "Ronald",
            "sequence": "additional"
        }
    ],
    "ctr": 0.1,
    "custom_score": 1.0,
    "id": {
        "dois": [
            "10.1001/jama.2010.1111"
        ]
    },
    "issued_at": 1281484800,
    "languages": [
        "en"
    ],
    "metadata": {
        "container_title": "JAMA",
        "first_page": 649,
        "issns": [
            "0098-7484"
        ],
        "issue": "6",
        "publisher": "American Medical Association (AMA)",
        "volume": "304"
    },
    "page_rank": 0.18699291,
    "referenced_by_count": 732,
    "tags": [
        "General Medicine"
    ],
    "title": "Prevalence of Diabetic Retinopathy in the United States, 2005-2008",
    "type": "journal-article",
    "updated_at": 1695464855
}