{
    "ctr": 0.1,
    "custom_score": 1.0,
    "id": {
        "dois": [
            "10.1001/archopht.1991.01080090066027"
        ]
    },
    "issued_at": 683683200,
    "languages": [
        "en"
    ],
    "metadata": {
        "container_title": "Archives of Ophthalmology",
        "first_page": 1242,
        "issns": [
            "0003-9950"
        ],
        "issue": "9",
        "volume": "109"
    },
    "page_rank": 0.83359176,
    "referenced_by_count": 400,
    "tags": [
        "Ophthalmology"
    ],
    "title": "Subfoveal Neovascular Lesions in Age-Related Macular Degeneration: Guidelines for Evaluation and Treatment in the Macular Photocoagulation Study",
    "type": "journal-article",
    "updated_at": 1693702263
}