{
    "authors": [
        {
            "family": "Chua",
            "given": "Jacqueline"
        },
        {
            "family": "Baskaran",
            "given": "Mani"
        },
        {
            "family": "Ong",
            "given": "Peng Guan"
        },
        {
            "family": "Zheng",
            "given": "Yingfeng"
        },
        {
            "family": "Wong",
            "given": "Tien Yin"
        },
        {
            "family": "Aung",
            "given": "Tin"
        },
        {
            "family": "Cheng",
            "given": "Ching-Yu"
        }
    ],
    "ctr": 0.1,
    "custom_score": 1.0,
    "id": {
        "dois": [
            "10.1001/jamaophthalmol.2015.1478"
        ]
    },
    "issued_at": 1438387200,
    "languages": [
        "en"
    ],
    "metadata": {
        "container_title": "JAMA Ophthalmology",
        "first_page": 938,
        "issns": [
            "2168-6165"
        ],
        "issue": "8",
        "volume": "133"
    },
    "page_rank": 0.24527197,
    "referenced_by_count": 52,
    "tags": [
        "Ophthalmology"
    ],
    "title": "Prevalence, Risk Factors, and Visual Features of Undiagnosed Glaucoma: The Singapore Epidemiology of Eye Diseases Study",
    "type": "journal-article",
    "updated_at": 1693677763
}