{
    "authors": [
        {
            "family": "Holmgren",
            "given": "A. Jay",
            "sequence": "first"
        },
        {
            "family": "Downing",
            "given": "N. Lance",
            "sequence": "additional"
        },
        {
            "family": "Bates",
            "given": "David W.",
            "sequence": "additional"
        },
        {
            "family": "Shanafelt",
            "given": "Tait D.",
            "sequence": "additional"
        },
        {
            "family": "Milstein",
            "given": "Arnold",
            "sequence": "additional"
        },
        {
            "family": "Sharp",
            "given": "Christopher D.",
            "sequence": "additional"
        },
        {
            "family": "Cutler",
            "given": "David M.",
            "sequence": "additional"
        },
        {
            "family": "Huckman",
            "given": "Robert S.",
            "sequence": "additional"
        },
        {
            "family": "Schulman",
            "given": "Kevin A.",
            "sequence": "additional"
        }
    ],
    "ctr": 0.1,
    "custom_score": 1.0,
    "id": {
        "dois": [
            "10.1001/jamainternmed.2020.7071"
        ]
    },
    "issued_at": 1612137600,
    "languages": [
        "en"
    ],
    "metadata": {
        "container_title": "JAMA Internal Medicine",
        "first_page": 251,
        "issns": [
            "2168-6106"
        ],
        "issue": "2",
        "publisher": "American Medical Association (AMA)",
        "volume": "181"
    },
    "page_rank": 0.23928499,
    "referenced_by_count": 49,
    "references": [
        {
            "doi": "10.1093/jamia/ocx080",
            "type": "reference"
        },
        {
            "doi": "10.1377/hlthaff.2016.1651",
            "type": "reference"
        },
        {
            "doi": "10.1377/hlthaff.2017.1658",
            "type": "reference"
        },
        {
            "doi": "10.1377/hlthaff.2010.0155",
            "type": "reference"
        },
        {
            "doi": "10.4338/aci-2016-08-ra-0145",
            "type": "reference"
        },
        {
            "doi": "10.1377/hlthaff.2017.0546",
            "type": "reference"
        },
        {
            "doi": "10.1287/isre.2017.0745",
            "type": "reference"
        },
        {
            "doi": "10.1016/j.annemergmed.2013.01.006",
            "type": "reference"
        },
        {
            "doi": "10.1377/hlthaff.2016.0811",
            "type": "reference"
        },
        {
            "doi": "10.1001/jama.2019.0161",
            "type": "reference"
        },
        {
            "doi": "10.1056/nejmp1709851",
            "type": "reference"
        },
        {
            "doi": "10.1111/hesr.2017.52.issue-4",
            "type": "reference"
        },
        {
            "doi": "10.7326/m16-0961",
            "type": "reference"
        },
        {
            "doi": "10.1016/j.mayocp.2015.08.023",
            "type": "reference"
        },
        {
            "doi": "10.7326/m18-1422",
            "type": "reference"
        },
        {
            "doi": "10.1001/jamainternmed.2017.4340",
            "type": "reference"
        },
        {
            "doi": "10.1111/joim.2018.283.issue-6",
            "type": "reference"
        },
        {
            "doi": "10.1200/jop.19.00542",
            "type": "reference"
        },
        {
            "doi": "10.1093/jamia/ocy145",
            "type": "reference"
        },
        {
            "doi": "10.1377/hlthaff.2018.05509",
            "type": "reference"
        },
        {
            "doi": "10.1001/jama.2016.9538",
            "type": "reference"
        },
        {
            "doi": "10.1016/j.mayocp.2019.09.024",
            "type": "reference"
        },
        {
            "doi": "10.7326/m18-0139",
            "type": "reference"
        },
        {
            "doi": "10.7326/m19-3921",
            "type": "reference"
        },
        {
            "doi": "10.7326/m18-3684",
            "type": "reference"
        },
        {
            "doi": "10.1001/jamanetworkopen.2020.7374",
            "type": "reference"
        },
        {
            "doi": "10.1093/jamia/ocz220",
            "type": "reference"
        },
        {
            "doi": "10.1093/jamia/ocaa092",
            "type": "reference"
        },
        {
            "doi": "10.1093/jamia/ocz223",
            "type": "reference"
        },
        {
            "doi": "10.1001/jama.2017.19148",
            "type": "reference"
        },
        {
            "doi": "10.1016/j.jval.2013.08.806",
            "type": "reference"
        },
        {
            "doi": "10.1097/pts.0000000000000198",
            "type": "reference"
        },
        {
            "doi": "10.1136/amiajnl-2012-001549",
            "type": "reference"
        },
        {
            "doi": "10.2105/ajph.2014.302164",
            "type": "reference"
        },
        {
            "doi": "10.1186/s12911-017-0430-8",
            "type": "reference"
        },
        {
            "doi": "10.1016/j.mayocp.2016.05.007",
            "type": "reference"
        },
        {
            "doi": "10.1377/hlthaff.26.2.w107",
            "type": "reference"
        },
        {
            "doi": "10.1001/jama.2016.1509",
            "type": "reference"
        },
        {
            "doi": "10.1136/bmjopen-2016-011901",
            "type": "reference"
        }
    ],
    "tags": [
        "Internal Medicine"
    ],
    "title": "Assessment of Electronic Health Record Use Between US and Non-US Health Systems",
    "type": "journal-article",
    "updated_at": 1693660795
}