{
    "authors": [
        {
            "family": "Sheps",
            "given": "S. B."
        }
    ],
    "ctr": 0.1,
    "custom_score": 1.0,
    "id": {
        "dois": [
            "10.1001/jama.252.17.2418"
        ]
    },
    "issued_at": 468201600,
    "languages": [
        "en"
    ],
    "metadata": {
        "container_title": "JAMA: The Journal of the American Medical Association",
        "first_page": 2418,
        "issns": [
            "0098-7484",
            "1538-3598"
        ],
        "issue": "17",
        "last_page": 2422,
        "volume": "252"
    },
    "page_rank": 0.28056997,
    "referenced_by_count": 23,
    "tags": [
        "General Medicine"
    ],
    "title": "The assessment of diagnostic tests. A survey of current medical research",
    "type": "journal-article",
    "updated_at": 1693704311
}