{
    "authors": [
        {
            "family": "Winkler",
            "given": "Julia K."
        },
        {
            "family": "Fink",
            "given": "Christine"
        },
        {
            "family": "Toberer",
            "given": "Ferdinand"
        },
        {
            "family": "Enk",
            "given": "Alexander"
        },
        {
            "family": "Deinlein",
            "given": "Teresa"
        },
        {
            "family": "Hofmann-Wellenhof",
            "given": "Rainer"
        },
        {
            "family": "Thomas",
            "given": "Luc"
        },
        {
            "family": "Lallas",
            "given": "Aimilios"
        },
        {
            "family": "Blum",
            "given": "Andreas"
        },
        {
            "family": "Stolz",
            "given": "Wilhelm"
        },
        {
            "family": "Haenssle",
            "given": "Holger A."
        }
    ],
    "ctr": 0.1,
    "custom_score": 1.0,
    "id": {
        "dois": [
            "10.1001/jamadermatol.2019.1735"
        ]
    },
    "issued_at": 1569888000,
    "languages": [
        "en"
    ],
    "metadata": {
        "container_title": "JAMA Dermatology",
        "first_page": 1135,
        "issns": [
            "2168-6068"
        ],
        "issue": "10",
        "volume": "155"
    },
    "page_rank": 0.27800858,
    "referenced_by_count": 155,
    "references": [
        {
            "doi": "10.1001/jama.2013.281053",
            "type": "reference"
        },
        {
            "doi": "10.1038/nature21056",
            "type": "reference"
        },
        {
            "doi": "10.1007/s13244-018-0639-9",
            "type": "reference"
        },
        {
            "doi": "10.3109/07853890.2016.1145795",
            "type": "reference"
        },
        {
            "doi": "10.1001/archderm.134.12.1563",
            "type": "reference"
        },
        {
            "doi": "10.1016/j.jid.2018.01.028",
            "type": "reference"
        },
        {
            "doi": "10.1016/j.dsp.2017.10.011",
            "type": "reference"
        },
        {
            "doi": "10.1001/archderm.137.10.1343",
            "type": "reference"
        },
        {
            "doi": "10.1016/j.engappai.2018.04.028",
            "type": "reference"
        },
        {
            "doi": "10.1016/s1470-2045(02)00679-4",
            "type": "reference"
        },
        {
            "doi": "10.2196/11936",
            "type": "reference"
        },
        {
            "doi": "10.1016/s0190-9622(87)70239-4",
            "type": "reference"
        },
        {
            "doi": "10.1093/annonc/mdy166",
            "type": "reference"
        },
        {
            "doi": "10.1016/j.jaad.2017.08.016",
            "type": "reference"
        },
        {
            "doi": "10.1001/archderm.1996.03890340038007",
            "type": "reference"
        },
        {
            "doi": "10.1016/j.jaad.2011.07.019",
            "type": "reference"
        },
        {
            "doi": "10.1111/jdv.2014.28.issue-9",
            "type": "reference"
        },
        {
            "doi": "10.1080/10543406.2014.1000548",
            "type": "reference"
        }
    ],
    "tags": [
        "Dermatology"
    ],
    "title": "Association Between Surgical Skin Markings in Dermoscopic Images and Diagnostic Performance of a Deep Learning Convolutional Neural Network for Melanoma Recognition",
    "type": "journal-article",
    "updated_at": 1693666708
}