{
    "authors": [
        {
            "family": "Bundy",
            "given": "Joshua D."
        },
        {
            "family": "Li",
            "given": "Changwei"
        },
        {
            "family": "Stuchlik",
            "given": "Patrick"
        },
        {
            "family": "Bu",
            "given": "Xiaoqing"
        },
        {
            "family": "Kelly",
            "given": "Tanika N."
        },
        {
            "family": "Mills",
            "given": "Katherine T."
        },
        {
            "family": "He",
            "given": "Hua"
        },
        {
            "family": "Chen",
            "given": "Jing"
        },
        {
            "family": "Whelton",
            "given": "Paul K."
        },
        {
            "family": "He",
            "given": "Jiang"
        }
    ],
    "ctr": 0.1,
    "custom_score": 1.0,
    "id": {
        "dois": [
            "10.1001/jamacardio.2017.1421"
        ]
    },
    "issued_at": 1498867200,
    "languages": [
        "en"
    ],
    "metadata": {
        "container_title": "JAMA Cardiology",
        "first_page": 775,
        "issns": [
            "2380-6583"
        ],
        "issue": "7",
        "volume": "2"
    },
    "page_rank": 0.18805657,
    "referenced_by_count": 410,
    "tags": [
        "Cardiology and Cardiovascular Medicine"
    ],
    "title": "Systolic Blood Pressure Reduction and Risk of Cardiovascular Disease and Mortality: A Systematic Review and Network Meta-analysis",
    "type": "journal-article",
    "updated_at": 1693673048
}