{
    "authors": [
        {
            "family": "Bibbins-Domingo",
            "given": "Kirsten"
        },
        {
            "family": "Grossman",
            "given": "David C."
        },
        {
            "family": "Curry",
            "given": "Susan J."
        },
        {
            "family": "Davidson",
            "given": "Karina W."
        },
        {
            "family": "Epling",
            "given": "John W."
        },
        {
            "family": "García",
            "given": "Francisco A. R."
        },
        {
            "family": "Gillman",
            "given": "Matthew W."
        },
        {
            "family": "Kemper",
            "given": "Alex R."
        },
        {
            "family": "Krist",
            "given": "Alex H."
        },
        {
            "family": "Kurth",
            "given": "Ann E."
        },
        {
            "family": "Landefeld",
            "given": "C. Seth"
        },
        {
            "family": "LeFevre",
            "given": "Michael L."
        },
        {
            "family": "Mangione",
            "given": "Carol M."
        },
        {
            "family": "Phillips",
            "given": "William R."
        },
        {
            "family": "Owens",
            "given": "Douglas K."
        },
        {
            "family": "Phipps",
            "given": "Maureen G."
        },
        {
            "family": "Pignone",
            "given": "Michael P."
        }
    ],
    "ctr": 0.1,
    "custom_score": 1.0,
    "id": {
        "dois": [
            "10.1001/jama.2016.15450"
        ]
    },
    "issued_at": 1479168000,
    "languages": [
        "en"
    ],
    "links": [
        {
            "cid": "bafkr4igpx6qjen6h2bbfrpqrwaxxkykho7ywlpppwvmh3tbg2buyvjgoga",
            "extension": "pdf",
            "filesize": 778422,
            "md5": "9914c64a80dd47af48b891c3b1a5a685"
        }
    ],
    "metadata": {
        "container_title": "JAMA",
        "first_page": 1997,
        "issns": [
            "0098-7484"
        ],
        "issue": "19",
        "volume": "316"
    },
    "page_rank": 0.23665453,
    "referenced_by_count": 368,
    "references": [
        {
            "doi": "10.1056/nejmoa0807646",
            "type": "reference"
        },
        {
            "doi": "10.1016/s0140-6736(12)60367-5",
            "type": "reference"
        },
        {
            "doi": "10.1016/s0140-6736(12)61190-8",
            "type": "reference"
        },
        {
            "doi": "10.1001/archinternmed.2011.625",
            "type": "reference"
        },
        {
            "doi": "10.1001/jama.279.20.1615",
            "type": "reference"
        },
        {
            "doi": "10.1016/s0140-6736(97)04430-9",
            "type": "reference"
        },
        {
            "doi": "10.1016/s0140-6736(03)12948-0",
            "type": "reference"
        },
        {
            "doi": "10.7326/0003-4819-151-7-200910060-00010",
            "type": "reference"
        },
        {
            "doi": "10.1161/01.cir.0000437738.63853.7a",
            "type": "reference"
        },
        {
            "doi": "10.7326/m14-1281",
            "type": "reference"
        },
        {
            "doi": "10.1016/j.jacc.2016.02.055",
            "type": "reference"
        },
        {
            "doi": "10.1001/jamainternmed.2014.5336",
            "type": "reference"
        },
        {
            "doi": "10.1056/nejmoa1600176",
            "type": "reference"
        },
        {
            "doi": "10.7326/m16-0577",
            "type": "reference"
        },
        {
            "doi": "10.1136/bmj.a2423",
            "type": "reference"
        },
        {
            "doi": "10.1161/01.cir.0000437741.48606.98",
            "type": "reference"
        },
        {
            "doi": "10.7326/0003-4819-159-10-201311190-00007",
            "type": "reference"
        },
        {
            "doi": "10.7326/m15-2223",
            "type": "reference"
        },
        {
            "doi": "10.7326/0003-4819-151-7-200910060-00009",
            "type": "reference"
        },
        {
            "doi": "10.1016/s0140-6736(01)05553-2",
            "type": "reference"
        },
        {
            "doi": "10.1016/j.mayocp.2014.06.016",
            "type": "reference"
        },
        {
            "doi": "10.1016/s0140-6736(13)62388-0",
            "type": "reference"
        },
        {
            "doi": "10.1016/j.cjca.2012.11.032",
            "type": "reference"
        },
        {
            "doi": "10.7326/m15-2023",
            "type": "reference"
        },
        {
            "doi": "10.1377/hlthaff.26.1.38",
            "type": "reference"
        },
        {
            "doi": "10.7326/0003-4819-151-7-200910060-00008",
            "type": "reference"
        },
        {
            "doi": "10.7326/m15-2345",
            "type": "reference"
        },
        {
            "doi": "10.1001/jama.2016.9852",
            "type": "reference"
        },
        {
            "doi": "10.1001/jamainternmed.2015.4302",
            "type": "reference"
        },
        {
            "doi": "10.7326/m16-0946",
            "type": "reference"
        }
    ],
    "tags": [
        "General Medicine"
    ],
    "title": "Statin Use for the Primary Prevention of Cardiovascular Disease in Adults: US Preventive Services Task Force Recommendation Statement",
    "type": "journal-article",
    "updated_at": 1695215474
}