{
    "authors": [
        {
            "family": "Kavousi",
            "given": "Maryam"
        },
        {
            "family": "Leening",
            "given": "Maarten J. G."
        },
        {
            "family": "Nanchen",
            "given": "David"
        },
        {
            "family": "Greenland",
            "given": "Philip"
        },
        {
            "family": "Graham",
            "given": "Ian M."
        },
        {
            "family": "Steyerberg",
            "given": "Ewout W."
        },
        {
            "family": "Ikram",
            "given": "M. Arfan"
        },
        {
            "family": "Stricker",
            "given": "Bruno H."
        },
        {
            "family": "Hofman",
            "given": "Albert"
        },
        {
            "family": "Franco",
            "given": "Oscar H."
        }
    ],
    "ctr": 0.1,
    "custom_score": 1.0,
    "id": {
        "dois": [
            "10.1001/jama.2014.2632"
        ]
    },
    "issued_at": 1397001600,
    "languages": [
        "en"
    ],
    "metadata": {
        "container_title": "JAMA",
        "first_page": 1416,
        "issns": [
            "0098-7484"
        ],
        "issue": "14",
        "volume": "311"
    },
    "page_rank": 0.39524102,
    "referenced_by_count": 239,
    "tags": [
        "General Medicine"
    ],
    "title": "Comparison of Application of the ACC/AHA Guidelines, Adult Treatment Panel III Guidelines, and European Society of Cardiology Guidelines for Cardiovascular Disease Prevention in a European Cohort",
    "type": "journal-article",
    "updated_at": 1693680542
}