{
    "authors": [
        {
            "family": "Angus",
            "given": "Derek C."
        }
    ],
    "ctr": 0.1,
    "custom_score": 1.0,
    "id": {
        "dois": [
            "10.1001/jama.1996.03540130073033"
        ]
    },
    "issued_at": 844214400,
    "languages": [
        "en"
    ],
    "metadata": {
        "container_title": "JAMA",
        "first_page": 1075,
        "issns": [
            "0098-7484"
        ],
        "issue": "13",
        "volume": "276"
    },
    "page_rank": 0.3796328,
    "referenced_by_count": 69,
    "tags": [
        "General Medicine"
    ],
    "title": "The Effect of Managed Care on ICU Length of Stay: Implications for Medicare",
    "type": "journal-article",
    "updated_at": 1693699960
}