{
    "abstract": "<abstract></abstract>",
    "authors": [
        {
            "family": "Wang",
            "given": "Fei"
        },
        {
            "family": "Casalino",
            "given": "Lawrence Peter"
        },
        {
            "family": "Khullar",
            "given": "Dhruv"
        }
    ],
    "content": "<content><section><p>Recent years have seen a surge of interest in machine learning and artificial intelligence techniques in health care. <ref target=\"#b0\" type=\"bibr\">1</ref> Deep learning <ref target=\"#b1\" type=\"bibr\">2</ref> represents the latest iteration in a progression of artificial intelligence technologies that have allowed machines to mimic human intelligence in increasingly sophisticated and independent ways. <ref target=\"#b2\" type=\"bibr\">3</ref> Early medical artificial intelligence systems relied heavily on experts to train computers by encoding clinical knowledge as logic rules for specific clinical scenarios. More advanced machine learning systems train themselves to learn these rules by identifying and weighing relevant features from the data, such as pixels from medical images, or raw information from electronic health records (EHRs).</p>\n<p>For machine learning approaches to work well in practice, feature engineering directed by experts is often required (eg, quantization of laboratory tests into discrete value ranges or the extraction of descriptors that characterize the texture of medical images). The newer deep learning techniques, which require less supervision, use an end-to-end learning mechanism to map raw inputs (such as laboratory test values or image pixels) to outputs without human-directed manipulation of the data. The resulting maps are composed of multiple layers of interconnected nonlinear processing units-the \"neurons\" of deep learning. Deep learning techniques may still require some expert involvement to design optimal model architectures and identify the best set of parameters.</p>\n<p>At present, the most successful applications of deep learning in medicine have been for analyzing medical images. Deep learning algorithms are capable of performing automatic and accurate detection of diabetic retinopathy <ref target=\"#b3\" type=\"bibr\">4</ref> and skin cancer 5 from retinal fundus and skin images, respectively. The potential of deep learning to disentangle complex, subtle discriminative patterns in images suggests that these techniques may be useful in other areas of medicine. Substantial challenges must be addressed, however, before deep learning can be applied more broadly.</p></section>\n<section><header>Data Quantity</header>\n<p>Like the human brain, deep learning models are composed of multiple layers of interconnected computing \"neurons.\" Models are complex, and designing their optimal architecture may be difficult. The complexity of the model is determined by the complexity of the problem. In the ophthalmologic and dermatologic examples, 128 175 retinal images were needed for the model to learn to classify diabetic retinopathy <ref target=\"#b3\" type=\"bibr\">4</ref> and 129 450 skin images for skin cancer classification. <ref target=\"#b4\" type=\"bibr\">5</ref> Applying deep learning techniques to more complex and heterogenous disease states, such as chronic heart or kidney failure, may require tens of millions of samples to create a reliable diagnostic model, as well as data from multiple sources (eg, text inputs, imaging, laboratory values, vital signs). For many complex clinical conditions, the quantity of reliable data that is required may not be readily available.</p></section>\n<section><header>Data Quality</header>\n<p>Most health data are less well organized and standardized than data for medical images. For example, EHRs contain highly heterogeneous and sometimes inconsistent patient information, including demographics, diagnoses, procedures, laboratory test results, and medications, as well as unstructured clinical notes in free text. It is more difficult for deep learning models, as it is for the human brain, to recognize reliable patterns from scattered and noisy information than from structured information. A related challenge is that patients with low socioeconomic status may have particularly unreliable data, such as missing or incorrect information in EHRs, for various reasons, including the receipt of fragmented care across multiple institutions. Deep learning algorithms may be less accurate for such patients and reinforce existing health disparities. <ref target=\"#b5\" type=\"bibr\">6</ref> </p></section>\n<section><header>Model Interpretation</header>\n<p>Given their end-to-end learning design, deep learning models often appear to be black boxes, absorbing data and generating output to reach a conclusion (eg, \"this patient has melanoma with a probability 0.8\") without clear explanations of the basis for the conclusion. A dermatologist considering whether a lesion represents melanoma evaluates dermoscopic images for a series of major and minor criteria, thus developing a clear rationale for the proposed diagnosis. A deep learning model that merely states the diagnosis may be viewed with skepticism. Although efforts have been made to provide clear explanation for the results of deep learning models, <ref target=\"#b6\" type=\"bibr\">7</ref> such efforts have mostly focused on image analysis. Interpreting the results of models for complicated clinical situations remains a daunting challenge.</p></section>\n<section><header>Model Generalizability and Interoperability</header>\n<p>Two common problems limit deep learning model generalizability. The first is model bias. For example, a model trained on data from predominantly white patients may not perform well for racial or ethnic minorities; a model trained in the United States may not perform well in Asia. The second problem is model interoperability. If 2 health systems use different EHRs, it may be difficult to build a deep learning model that can be used in both systems.</p></section>\n<section><header>Model Security</header>\n<p>Deep learning models learn from the data presented, leaving them vulnerable to intentional or unintentional contamination. Recent evidence has demonstrated that well-trained models can be \"fooled\" by perturbations of input images that are unperceivable to humans, known as adversarial attacks. For example, in applications like autonomous driving, where safety is critical and deep learning models are used for automatic recognition of objects on the road, a carefully designed noise placed on a stop sign (eg, pasting a tape) can change the system's decision. In a recent study, slight changes to laboratory values in a patient's EHR substantially altered the model's prediction of in-hospital mortality. <ref target=\"#b7\" type=\"bibr\">8</ref> Some of these challenges, such as data quality, model generalizability, and model security, are problems for machine learning in general. Others, such as data quantity and model interpretability, are more specific to deep learning. To address both types of challengesand to build reliable deep learning models that can broadly influence clinical practice-several approaches are needed.</p></section>\n<section><header>Collecting Large-Scale and Diverse Health Data</header>\n<p>Making deep learning models more generalizable and less susceptible to bias may require national or international collaborations for data collection (including data from patients varying in race, ethnicity, language, and socioeconomic status) and for standardizing and integrating data from different sources. The Observational Health Data Sciences and Informatics project is an international, collaborative, open science effort that includes 1.26 billion patient records from 17 participating countries, all using a common data model called the Observational Medical Outcomes Partnership.</p></section>\n<section><header>Improving Data Quality</header>\n<p>Because deep learning models fit data but provide little insight into the process by which they do so, reliable, high-quality inputs are important. It is also important to create tools that improve the quality of the data-collection process, such as error correction, warnings about missing data, and reconciliation of discrepancies. The IBM Watson Imaging Clinical Review, <ref target=\"#b8\" type=\"bibr\">9</ref> for example, reconciles discrepancies between patients' clinical diagnoses and their administrative records. The tool analyzes structured and unstructured information in clinical imaging reports and compares them with diagnoses recorded in the EHR to identify incomplete or incorrect documentation and to prompt the input of more accurate and up-to-date information.</p></section>\n<section><header>Integrating Into Clinician Workflow</header>\n<p>Existing EHR systems should integrate with deep learning models with minimal, if any, additional clinician effort. Then EHR systems that allow voice input, for example, could generate clinical notes, infer diagnosis codes, and automatically enter data into deep learning algorithms. Radiology reports could be semistructured, and a portion of the contents could be generated by automatic medical image analysis through deep learning models. For example, chest x-ray reports, including impression, findings, and Medical Text Indexer tags, can currently be automatically created from image analysis results using deep learning techniques, which radiologists can then review for quality and accuracy. <ref target=\"#b9\" type=\"bibr\">10</ref> These tools should not appear as black boxes, thus allowing clinicians to explore the reasons for proposed diagnoses and to provide feedback.</p></section>\n<section><header>Comprehensive Regulations</header>\n<p>Because computer hackers can modify data to change the results of deep learning models, regulations may be needed to ensure greater model security, especially as these techniques are more widely used. Whereas existing regulations focus on the privacy of medical data, new regulations should also protect analytical models.</p>\n<p>In summary, although deep learning has the potential to improve medical care, substantial barriers remain to broader and more effective use. Progress requires recognizing the limitations of deep learning, understanding the challenges, and addressing these challenges.</p></section></content>",
    "ctr": 0.1,
    "custom_score": 1.0,
    "id": {
        "dois": [
            "10.1001/jamainternmed.2018.7117"
        ]
    },
    "issued_at": 1551398400,
    "languages": [
        "en"
    ],
    "links": [
        {
            "cid": "bafkr4ifonad7zb2hp2q6praojl7euislvg53olljjyx5txfm75idmh22di",
            "extension": "pdf",
            "filesize": 47835,
            "md5": "b4c17300bb05fccbe82af899ef5f39e0",
            "type": "primary"
        }
    ],
    "metadata": {
        "container_title": "JAMA Internal Medicine",
        "issns": [
            "2168-6106"
        ],
        "issue": "3",
        "publisher": "American Medical Association (AMA)",
        "volume": "179"
    },
    "page_rank": 0.25622994,
    "referenced_by_count": 182,
    "references": [
        {
            "doi": "10.1001/jama.2017.18391",
            "type": "reference"
        },
        {
            "doi": "10.1001/jama.2018.11100",
            "type": "reference"
        },
        {
            "doi": "10.1001/jama.2018.11029",
            "type": "reference"
        },
        {
            "doi": "10.1001/jama.2016.17216",
            "type": "reference"
        },
        {
            "doi": "10.1038/nature21056",
            "type": "reference"
        },
        {
            "doi": "10.1001/jamainternmed.2018.3763",
            "type": "reference"
        }
    ],
    "tags": [
        "Internal Medicine"
    ],
    "title": "Deep Learning in Medicine—Promise, Progress, and Challenges",
    "type": "journal-article",
    "updated_at": 1693668190
}