{
    "authors": [
        {
            "family": "Rennie",
            "given": "Drummond"
        }
    ],
    "ctr": 0.1,
    "custom_score": 1.0,
    "id": {
        "dois": [
            "10.1001/jama.1994.03510300075043"
        ]
    },
    "issued_at": 760752000,
    "languages": [
        "en"
    ],
    "metadata": {
        "container_title": "JAMA",
        "first_page": 469,
        "issns": [
            "0098-7484"
        ],
        "issue": "6",
        "volume": "271"
    },
    "page_rank": 0.37628,
    "referenced_by_count": 132,
    "tags": [
        "General Medicine"
    ],
    "title": "Authorship! Authorship!: Guests, Ghosts, Grafters, and the Two-Sided Coin",
    "type": "journal-article",
    "updated_at": 1693701292
}