{
    "authors": [
        {
            "family": "Lee",
            "given": "Douglas S.",
            "sequence": "first"
        },
        {
            "family": "Austin",
            "given": "Peter C.",
            "sequence": "additional"
        },
        {
            "family": "Rouleau",
            "given": "Jean L.",
            "sequence": "additional"
        },
        {
            "family": "Liu",
            "given": "Peter P.",
            "sequence": "additional"
        },
        {
            "family": "Naimark",
            "given": "David",
            "sequence": "additional"
        },
        {
            "family": "Tu",
            "given": "Jack V.",
            "sequence": "additional"
        }
    ],
    "ctr": 0.1,
    "custom_score": 1.0,
    "id": {
        "dois": [
            "10.1001/jama.290.19.2581"
        ]
    },
    "issued_at": 1069200000,
    "languages": [
        "en"
    ],
    "metadata": {
        "container_title": "JAMA",
        "first_page": 2581,
        "issns": [
            "0098-7484"
        ],
        "issue": "19",
        "publisher": "American Medical Association (AMA)",
        "volume": "290"
    },
    "page_rank": 0.22381023,
    "referenced_by_count": 997,
    "tags": [
        "General Medicine"
    ],
    "title": "Predicting Mortality Among Patients Hospitalized for Heart Failure: Derivation and Validation of a Clinical Model",
    "type": "journal-article",
    "updated_at": 1694828376
}