{
    "authors": [
        {
            "family": "Kharbanda",
            "given": "Elyse Olshen",
            "sequence": "first"
        }
    ],
    "ctr": 0.1,
    "custom_score": 1.0,
    "id": {
        "dois": [
            "10.1001/jama.2012.502"
        ]
    },
    "issued_at": 1335312000,
    "languages": [
        "en"
    ],
    "metadata": {
        "container_title": "JAMA",
        "first_page": 1702,
        "issns": [
            "0098-7484"
        ],
        "issue": "16",
        "publisher": "American Medical Association (AMA)",
        "volume": "307"
    },
    "page_rank": 0.16086796,
    "referenced_by_count": 267,
    "tags": [
        "General Medicine"
    ],
    "title": "Effect of a Text Messaging Intervention on Influenza Vaccination in an Urban, Low-Income Pediatric and Adolescent Population: A Randomized Controlled Trial",
    "type": "journal-article",
    "updated_at": 1695691935
}