{
    "authors": [
        {
            "family": "Alexander",
            "given": "G. Caleb",
            "sequence": "first"
        },
        {
            "family": "Tajanlangit",
            "given": "Matthew",
            "sequence": "additional"
        },
        {
            "family": "Heyward",
            "given": "James",
            "sequence": "additional"
        },
        {
            "family": "Mansour",
            "given": "Omar",
            "sequence": "additional"
        },
        {
            "family": "Qato",
            "given": "Dima M.",
            "sequence": "additional"
        },
        {
            "family": "Stafford",
            "given": "Randall S.",
            "sequence": "additional"
        }
    ],
    "ctr": 0.1,
    "custom_score": 1.0,
    "id": {
        "dois": [
            "10.1001/jamanetworkopen.2020.21476"
        ]
    },
    "issued_at": 1601596800,
    "languages": [
        "en"
    ],
    "metadata": {
        "container_title": "JAMA Network Open",
        "first_page": 2021476,
        "issns": [
            "2574-3805"
        ],
        "issue": "10",
        "publisher": "American Medical Association (AMA)",
        "volume": "3"
    },
    "page_rank": 0.21879242,
    "referenced_by_count": 280,
    "references": [
        {
            "doi": "10.1016/j.ijsu.2020.04.018",
            "type": "reference"
        },
        {
            "doi": "10.1136/bmjopen-2020-039978",
            "type": "reference"
        },
        {
            "doi": "10.1016/j.mayocp.2018.07.001",
            "type": "reference"
        },
        {
            "doi": "10.1177/1357633x16674087",
            "type": "reference"
        },
        {
            "doi": "10.1016/j.amjmed.2013.09.032",
            "type": "reference"
        },
        {
            "doi": "10.1002/pds.2082",
            "type": "reference"
        },
        {
            "doi": "10.1001/archinternmed.2009.456",
            "type": "reference"
        },
        {
            "doi": "10.1007/s11606-011-1796-4",
            "type": "reference"
        },
        {
            "doi": "10.1016/s0735-1097(02)02670-0",
            "type": "reference"
        },
        {
            "doi": "10.1016/j.jclinepi.2007.11.008",
            "type": "reference"
        },
        {
            "doi": "10.1377/hlthaff.2018.05099",
            "type": "reference"
        },
        {
            "doi": "10.7326/m20-1141",
            "type": "reference"
        },
        {
            "doi": "10.1001/jama.2020.7242",
            "type": "reference"
        },
        {
            "doi": "10.1089/tmj.2016.0045",
            "type": "reference"
        },
        {
            "doi": "10.15585/mmwr.mm6920e1",
            "type": "reference"
        },
        {
            "doi": "10.1007/s10916-005-9003-y",
            "type": "reference"
        },
        {
            "doi": "10.1001/jamahealthforum.2020.0419",
            "type": "reference"
        }
    ],
    "tags": [
        "General Medicine"
    ],
    "title": "Use and Content of Primary Care Office-Based vs Telemedicine Care Visits During the COVID-19 Pandemic in the US",
    "type": "journal-article",
    "updated_at": 1693662774
}