{
    "authors": [
        {
            "family": "Racette",
            "given": "Lyne",
            "sequence": "first"
        }
    ],
    "ctr": 0.1,
    "custom_score": 1.0,
    "id": {
        "dois": [
            "10.1001/archophthalmol.2010.58"
        ]
    },
    "issued_at": 1272672000,
    "languages": [
        "en"
    ],
    "metadata": {
        "container_title": "Archives of Ophthalmology",
        "first_page": 551,
        "issns": [
            "0003-9950"
        ],
        "issue": "5",
        "publisher": "American Medical Association (AMA)",
        "volume": "128"
    },
    "page_rank": 0.24937701,
    "referenced_by_count": 74,
    "tags": [
        "Ophthalmology"
    ],
    "title": "African Descent and Glaucoma Evaluation Study (ADAGES): III. Ancestry Differences in Visual Function in Healthy Eyes",
    "type": "journal-article",
    "updated_at": 1695441093
}