{
    "abstract": "<abstract><section><p>HE METABOLIC SYNDROME CONsists of a constellation of factors that increase the risk of cardiovascular disease and type 2 diabetes. Recent estimates indicate that the metabolic syndrome is highly prevalent in the United States, with an estimated 24% of the adult population affected. 1 Its clinical identification is based on measures of abdominal obesity, atherogenic dyslipidemia, elevated blood pressure, and glucose intolerance. <ref target=\"#b1\" type=\"bibr\">2</ref> The etiology of this syndrome is largely unknown but presumably represents a complex interaction between genetic, metabolic, and environmental factors including diet. <ref target=\"#b2\" type=\"bibr\">3,</ref><ref target=\"#b3\" type=\"bibr\">4</ref> Several recent studies also suggest that a proinflammatory state is one component of the metabolic syndrome. <ref target=\"#b4\" type=\"bibr\">[5]</ref><ref target=\"#b5\" type=\"bibr\">[6]</ref><ref target=\"#b6\" type=\"bibr\">[7]</ref><ref target=\"#b7\" type=\"bibr\">[8]</ref> Moreover, evidence has accumulated indicating that low-grade inflammation is associated with endothelial dysfunction. 9,</p></section></abstract>",
    "authors": [
        {
            "family": "Esposito",
            "given": "Katherine",
            "sequence": "first"
        },
        {
            "family": "Marfella",
            "given": "Raffaele",
            "sequence": "additional"
        },
        {
            "family": "Ciotola",
            "given": "Miryam",
            "sequence": "additional"
        },
        {
            "family": "Di Palo",
            "given": "Carmen",
            "sequence": "additional"
        },
        {
            "family": "Giugliano",
            "given": "Francesco",
            "sequence": "additional"
        },
        {
            "family": "Giugliano",
            "given": "Giovanni",
            "sequence": "additional"
        },
        {
            "family": "D'Armiento",
            "given": "Massimo",
            "sequence": "additional"
        },
        {
            "family": "D'Andrea",
            "given": "Francesco",
            "sequence": "additional"
        },
        {
            "family": "Giugliano",
            "given": "Dario",
            "sequence": "additional"
        }
    ],
    "content": "<content><section><p>Although aspects of diet have been linked to individual features of the metabolic syndrome, <ref target=\"#b10\" type=\"bibr\">11</ref> the role of diet in the etiology of the syndrome is poorly understood and limited to only a few observational studies. <ref target=\"#b11\" type=\"bibr\">12,</ref><ref target=\"#b12\" type=\"bibr\">13</ref> The Adult Treatment Panel III recommendations for patients with the metabolic syndrome are consistent with general dietary recommendations. <ref target=\"#b13\" type=\"bibr\">14</ref> Recently, the scientific advisory committee of the American Heart Association has stated that a Mediterranean-style diet has impressive effects on the progression of cardiovascular disease. <ref target=\"#b14\" type=\"bibr\">15</ref> The aim of this study was to assess the effect of a Mediterranean-style diet on endothelial function and vascular inflammation in patients with the metabolic syndrome. We studied endothelial function by assessing the vascular responses to L-arginine, the natural precursor of nitric oxide. Moreover, we characterized the lowgrade inflammatory state of patients with the metabolic syndrome by measuring circulating levels of highsensitivity C-reactive protein (hs-CRP) as well as of interleukins 6 (IL-6), 7 (IL-7), and 18 (IL-18). These proinflammatory ILs have been prospectively associated with thrombotic cardiovascular events <ref target=\"#b15\" type=\"bibr\">16,</ref><ref target=\"#b16\" type=\"bibr\">17</ref> or have been suggested to be involved in plaque destabilization. <ref target=\"#b17\" type=\"bibr\">18</ref> We then performed a randomized controlled trial of a Mediterranean-style diet designed to increase consumption of foods rich in phytochemicals, antioxidants, ␣-linolenic acid, and fiber.</p></section><section><header>Methods</header>\n<p>Men and women were recruited from June 2001 to January 2004 among those attending the outpatient department of the Division of Metabolic Diseases at the Second University of Naples, Naples, Italy. The study participants were sedentary (engaging in less than 1 hour per week of physical activity) and within the previous 6 months had no evidence of participation in weight reduction programs and had maintained a stable weight (±1 kg). None of the study participants had previously partici-pated in dietary studies. Each patient was asked to complete a personal health and medical history questionnaire that served as a screening tool.</p>\n<p>To be enrolled in the study, patients had to have 3 or more of the following criteria to meet the diagnosis of the metabolic syndrome, as defined by the Adult Treatment Panel III 2 : (1) abdominal adiposity (defined as waist circumference Ͼ102 cm [men] or Ͼ88 cm [women]); (2) low levels of serum highdensity lipoprotein cholesterol (Ͻ40 mg/dL [men] or Ͻ50 mg/dL [women]); (3) hypertriglyceridemia (triglycerides level of 150 mg/dL or greater); ( <ref type=\"formula\">4</ref>) elevated blood pressure (130/85 mm Hg or greater); and (5) impaired glucose homeostasis (fasting plasma glucose concentration of 110 mg/dL or greater). Patients were excluded if they had cardiovascular disease, psychiatric problems, a history of alcohol abuse (alcohol consumption Ն500 g/wk in the last year), if they smoked, or if they took any medication. The study was approved by the institutional committee of ethical practice of the Second University of Naples, and all of the study patients gave written informed consent.</p>\n<p>Patients were randomly assigned to either the intervention or the control diet using a computer-generated random number sequence (FIGURE <ref target=\"#fig_0\" type=\"figure\">1</ref>). Allocation was concealed in sealed study folders that were held in a central, secured location until after informed consent was obtained. The nurses who scheduled the study visits did not have access to the randomization list. However, the staff members involved in the intervention had to be aware of the group assignment; thus, the study was only partly blinded. Laboratory staff did not know the patients' group assignments.</p>\n<p>Patients consuming the intervention diet were given detailed advice about the usefulness of the experimental diet. Through a series of monthly small-group sessions, intervention patients received education in reducing dietary calories (if needed), personal goal-setting, and self-monitoring using food diaries. Behavioral and psychological counseling was also of-fered. The dietary advice was tailored to each patient on the basis of 3-day food records. The recommended composition of the dietary regimen was as follows: carbohydrates, 50% to 60%; proteins, 15% to 20%; total fat, less than 30%; saturated fat, less than 10%; and cholesterol consumption, less than 300 mg per day. Moreover, patients were advised to consume at least 250 to 300 g of fruits, 125 to 150 g of vegetables, and 25 to 50 g of walnuts per day; in addition, they were also encouraged to consume 400 g of whole grains (legumes, rice, maize, and wheat) daily and to increase their consumption of olive oil. Patients were in the program for 24 months and had monthly sessions with the nutritionist for the first year and bimonthly sessions for the second year. Compliance with the program was assessed by attendance at the meetings and completion of the diet diaries.</p>\n<p>Patients consuming the control diet were given general oral and written information about healthy food choices at baseline and at subsequent visits but were offered no specific individualized program. However, the general recommendation for macronutrient composition of the diet was similar to that for the intervention group (carbohydrates, 50%-60%; proteins, 15%-20%; and total fat, Ͻ30%). Moreover, patients in the control group also had bimonthly sessions with study personnel during the 2-year study. All patients in both groups also received guidance  on increasing their level of physical activity, mainly by walking for a minimum of 30 minutes per day but also by swimming or playing aerobic ball games (eg, soccer). Height and weight were recorded with participants wearing lightweight clothing and no shoes using a Seca 200 scale with attached stadiometer (Seca, Hamburg, Germany). Twenty-fourhour nutrient intakes were calculated with food-composition tables and patients' weekly diet diaries. To assess dietary adherence and exercise activity, all patients were asked to complete a 3-day food record and to record occupational, 1 household, and leisuretime physical activity. Foods were measured using standard measuring cups and spoons and weight-approximation diagrams.</p></section><section><header>Endothelial Function</header>\n<p>Endothelial function was assessed with the L-arginine test, as previously described. <ref target=\"#b18\" type=\"bibr\">19,</ref><ref target=\"#b19\" type=\"bibr\">20</ref> Briefly, after applying a device for automatic measurements of blood pressure and heart rate (Omheda 2300; Finapres, Englewood, Calif ), an intravenous bolus of 3 g of L-arginine (10 mL of a 30% solution of L-arginine monochloride), the natural precursor of nitric oxide, was injected intravenously within 60 seconds. Blood pressure and platelet aggregation response to 1.25 µM adenosine diphosphate were measured before L-argi- nine injection and after 10 minutes.</p>\n<p>We developed a score in which both responses were summed. For blood pressure, 1 point was attributed for a mean blood pressure response less than 2 mm Hg, 2 points for a response between 2 and 3 mm Hg, 3 points for a response between 3 and 4 mm Hg, 4 points for a response between 4 and 5 mm Hg, and 5 points for a response greater than 5 mm Hg. For platelet aggregation, 1 point was attributed for a response less than 2.5%, 2 points for a response between 2.5% and 5%, 3 points for a response between 5% and 7.5%, 4 points for a response between 7.5% and 10%, and 5 points for a response greater than 10%. In our laboratory, the mean (SD) blood pressure and platelet aggregation decreases following the L-arginine bolus (difference between basal and 10-minute values) in a matched control group of healthy men and women (n=50 for each) were -6.5 (1.5) mm Hg and -13% (3%), respectively, which correspond to the maximal score of 10.</p></section><section><header>Laboratory Analysis</header>\n<p>Estimation of insulin sensitivity in the fasting state was assessed with homeostasis model assessment (HOMA) and calculated with the formula: fasting plasma glucose (mmol/L)ϫ fasting serum insulin (µU/mL) divided by 25, as described by Matthews et al. <ref target=\"#b20\" type=\"bibr\">21</ref> With such a method, high HOMA scores denote low insulin sensitivity (insulin resistance). Assays for serum levels of total cholesterol and high-density lipoprotein cholesterol, triglycerides, and glucose were performed in the hospital's chemistry laboratory. Plasma insulin levels were assayed by radioimmunoassay (Ares, Serono, Italy).</p>\n<p>Serum samples for cytokine and hs-CRP levels were stored at -80°C until assay. Serum concentrations of IL-6, IL-7, and IL-18 were determined in duplicate using a high-sensitivity, quantitative sandwich enzyme assay (Quantikine HS, R&amp;D Systems, Minneapolis, Minn). High-sensitivity CRP was assayed by immunonephelometry using a Behring Nephelometer 2 (Dade Behring, Marburg, Germany). In our laboratory, the median (interquartile range) for these values in a group of 100 healthy participants of both sexes (n=50 for each) were as follows: hs-CRP, 0.7 mg/L (0.2-3.2 mg/L); IL-6, 2.1 pg/mL (0.3-5.2 pg/mL); IL-7, 1.8 pg/mL (0.5-5.2 pg/mL); and IL-18, 129 pg/mL (50-275 pg/mL).</p></section><section><header>Statistical Analysis</header>\n<p>Data are presented as mean (SD) unless stated otherwise. Data were analyzed by intention-to-treat. We compared baseline data using a t test for continuous variables and a Wilcoxon test for hs-CRP, IL-6, IL-7, and IL-18. We classified all study patients as having 3, 4, or 5 components of the metabolic syndrome and assessed for evidence of a relation of me-dian hs-CRP level and mean HOMA and endothelial function scores across these groups using the Jonckheere-Terpstra test. We compared risk factors and nutrient intakes after 2 years using a test based on the values at the end of follow-up and a t test based on differences from baseline. Results of the analysis omitting patients lost in the follow-up did not differ from that including their last available records; data are therefore shown for the analysis that includes all participants as randomized. Spearman rank correlation coefficients were used to quantify the relations between metabolic variables and cytokine levels. The effects of treatment on HOMA and endothelial function scores, cytokine levels, and each of the components of the metabolic syndrome were tested by means of paired t tests and a Wilcoxon matched test, after adjustment for changes in body weight. The 2 test was used for comparing proportions of participants in the 2 groups with the metabolic syndrome after treatment. PϽ.05 was considered statistically significant. All analysis were conducted using SPSS version 9.0 (SPSS Inc, Chicago, Ill).</p></section><section><header>Results</header>\n<p>One hundred eighty patients were randomly assigned to the intervention (n=90) or control (n=90) group (Figure <ref target=\"#fig_0\" type=\"figure\">1</ref>). Both groups were comparable, including the number of components of the metabolic syndrome (TABLE <ref target=\"#tab_2\" type=\"table\">1</ref>). There was an increase in hs-CRP levels and HOMA scores as the number of components of the metabolic syndrome increased; by contrast, there was an inverse relation between the number of components of the metabolic syndrome and the endothelial function score (PϽ.001 for trend for all) (FIGURE <ref target=\"#fig_1\" type=\"figure\">2</ref>). Spearman rank correlation coefficients showed that endothelial function score was negatively associated with waist circumference (r=-0.30, P=.01), hs-CRP level (r=-0.33, P=.01), HOMA score (r=-0.24, P=.02), and IL-6 level (r=-0.21, P=.02).</p>\n<p>After 2 years of follow-up, 8 participants in the intervention group and 8 in the control group dropped out of the study; all dropouts occurred after 24 weeks of follow-up. Patients who dropped out from the intervention group showed a decrease in body weight after 24 weeks of follow-up, suggesting that they were adhering to the lifestyle changes.</p>\n<p>Baseline data showed no important difference in the nutrient intake between the 2 groups (TABLE <ref target=\"#tab_1\" type=\"table\">2</ref>). After 2 years, patients following the intervention diet consumed a greater percentage of calories from complex carbohydrates and from polyunsaturated and monounsaturated fat; had a greater intake of fiber; had a lower ratio of omega-6 to omega-3 fatty acids; and had lower energy, levels of saturated fat, and levels of cholesterol than did controls. Total fruit, vegetable, nuts, and whole grain intakes and olive oil consumption were also significantly higher in the intervention group ( After 2 years, patients in the intervention group had significant decreases in body weight; body mass index; waist circumference; HOMA score; blood pressure; and levels of glucose, insulin, total cholesterol, and triglycerides and a significant increase in levels of high-density lipoprotein cholesterol, all of which were greater than those recorded in the control group (TABLE <ref target=\"#tab_5\" type=\"table\">3</ref>). There was no difference for sex. Serum concentrations of IL-6, IL-7, IL-18, and hs-CRP were significantly reduced in patients in the intervention group compared with those in the control group. Endothelial function score improved in the intervention group but remained stable in the control group. There was an inverse relation between changes in endothelial function score and changes in hs-CRP levels (r=-0.36, P=.01) and HOMA scores (r=-31, P=.01).</p>\n<p>At 2 years of follow-up, 60 participants in the intervention group had experienced reductions in the number of components of the metabolic syndrome (Table <ref target=\"#tab_5\" type=\"table\">3</ref>), so that only 40 patients could still be classified as having the metabolic syndrome. This was significantly different from the control group, in which 78 patients were still classified as having the metabolic syndrome (PϽ.001). The data unad-   *Calculated as weight in kilograms divided by the square of height in meters.</p>\n<p>justed for changes in body weight showed a greater reduction in the number of components of the metabolic syndrome, such that at 2 years of followup, 30 patients in the intervention group and 73 patients in the control group were classified as having the metabolic syndrome (PϽ.001).</p></section><section><header>COMMENT</header>\n<p>In this study, consumption of a Mediterranean-style diet by patients with the metabolic syndrome was associated with improvement of endothelial function and a significant reduction of markers of systemic vascular inflammation. Moreover, participants who followed the intervention diet showed a reduction in the number of the components of the syndrome such that the overall prevalence of the metabolic syndrome was reduced by approximately one half. Because data were adjusted for changes in body weight, the overall reduction in the prevalence of the metabolic syndrome after the intervention is likely to represent a conservative measure. Taken together, these findings suggest that a Mediterranean-style diet is a safe strategy for treatment of the metabolic syn-drome and for helping to reduce the associated cardiovascular risk.</p>\n<p>Current guidelines on the management of the individual components of the metabolic syndrome emphasize that lifestyle modification (weight loss and physical activity) is a first-line therapy, whereas drug therapy is considered secondary, unless otherwise indicated by current cardiovascular disease prevention guidelines. <ref target=\"#b21\" type=\"bibr\">22</ref> In our study, the effect of the intervention diet was associated with modest changes in body weight, which has been shown to have no effect on CRP levels, <ref target=\"#b22\" type=\"bibr\">23</ref> as well as an increment in physical activity not different from the control group. Because the results were adjusted for body weight changes, our findings suggest that, largely independent of concomitant changes in body weight, a Mediterranean-style diet might play a role in reducing the inflammatory state and endothelial dysfunction associated with the metabolic syndrome.</p>\n<p>The mechanism by which a Mediterranean-style diet can reduce the lowgrade inflammatory state associated with the metabolic syndrome is unclear. Macronutrient intake produces oxidative stress that leads to a proinflammatory state. <ref target=\"#b23\" type=\"bibr\">24</ref> This intriguing evidence is also supported by the ability of antioxidant vitamins <ref target=\"#b24\" type=\"bibr\">25,</ref><ref target=\"#b25\" type=\"bibr\">26</ref> or food antioxidants <ref target=\"#b19\" type=\"bibr\">20</ref> to improve the transient endothelial dysfunction seen in healthy individuals after consumption of a single high-fat meal. Moreover, modulation of the fiber content of the meal may influence the cytokine milieu: increasing the fiber content (from 4.5 g to 16.8 g) of a high-carbohydrate meal was associated with significant reduction of circulating IL-18 levels in both healthy persons and in patients with type 2 diabetes. <ref target=\"#b26\" type=\"bibr\">27</ref> Because dietary fiber may have antiinflammatory roles, at least in intestinal functions, <ref target=\"#b27\" type=\"bibr\">28</ref> it can be speculated that the fiber content of the intervention diet, eventually magnified by some other components with antioxidant capability, may influence the transient oxidative stress that occurs after macronutrient ingestion. An anti-inflammatory effect for omega-3 fatty acids also has been suggested, <ref target=\"#b28\" type=\"bibr\">29</ref> although most of this effect was seen with supplement use.</p>\n<p>Our results show a linear increment in hs-CRP levels and a linear impairment of endothelial function score associated with increase in the number of components of the metabolic syndrome. This leads to the speculation that CRP, which is produced by the liver under the influence of IL-6, 9 may be one link between the altered cytokine milieu and endothelial dysfunction associated with the metabolic syndrome. In addition to being a powerful risk marker, recent evidence suggests that CRP may directly participate in lesion formation through leukocyte activation and endothelial dysfunction. <ref target=\"#b29\" type=\"bibr\">30,</ref><ref target=\"#b30\" type=\"bibr\">31</ref> Moreover, it has been suggested that increased inflammatory responses could lead to insulin resistance and compensatory hyperinsulinemia attributable in large part to the important role of inflammatory cytokines released from adipocytes. <ref target=\"#b8\" type=\"bibr\">9</ref> Alternatively, insulin resistance may be responsible for the higher production of cytokines as a consequence of reduced anti-inflammatory effect of insulin in insulin-resistant states. <ref target=\"#b31\" type=\"bibr\">32</ref> Regardless of the mechanisms, the proinflammatory state that accompanies the metabolic syndrome is associated with both insulin resistance and endothelial dysfunction, providing a connection between inflammation and metabolic processes that are highly deleterious for vascular function.</p>\n<p>One limitation of our study is the inability to determine whether individual components of the diet can account for the changes observed or whether the changes in metabolic risk factors are a result of the sum of all the dietary changes. Although multiple dietary interventions, as in the study herein, render difficult the assessment of the effect of each intervention separately, the clinical usefulness of a wholediet approach in the prevention of cardiovascular disease has been emphasized. <ref target=\"#b32\" type=\"bibr\">33</ref> The Lyon Heart Study <ref target=\"#b33\" type=\"bibr\">34</ref> has shown that diet can help reduce the risk of fatal and nonfatal cardiovascular events in individuals with cardiovascular disease. Singh et al <ref target=\"#b34\" type=\"bibr\">35</ref> tested an Indo-Mediterranean diet in 1000 patients with existing coronary disease or at high risk for coronary disease. As compared with the control diet, the intervention diet reduced the rate of fatal myocardial infarction by one third and the rate of sudden death from cardiac causes by two *Calculated as weight in kilograms divided by the square of height in meters.</p>\n<p>thirds. In a population-based study involving 22 043 apparently healthy adults in Greece, adherence to a traditional Mediterranean diet was associated with significantly lower total mortality, mortality from coronary heart disease, and mortality from cancer. <ref target=\"#b35\" type=\"bibr\">36</ref> Despite a robust inverse association between the overall Mediterranean-diet score and mortality, no appreciable associations were seen for most of the individual dietary components, which would suggest that the cumulative effects (synergistic or interactive) of multiple dietary components may be substantial. In other words, the effect appears to be more than the sum of its parts.</p>\n<p>The results of this study represent the first demonstration, to our knowledge, that a Mediterranean-style diet rich in whole grains, fruits, vegetables, legumes, walnuts, and olive oil might be effective in reducing both the prevalence of the metabolic syndrome and its associated cardiovascular risk. One of the mechanisms responsible for the cardioprotective effect of such a diet may be through reduction of the low-grade inflammatory state associated with the metabolic syndrome. Although weight reduction remains a cornerstone of therapy for the metabolic syndrome, from a public health perspective adoption of a diet similar to that investigated herein may provide further benefit on cardiovascular risk, especially in patients who do not lose weight.</p></section><section><p>Funding/Support: This study was funded by the Second University of Naples.</p></section><section><header>Role of the Sponsor:</header>\n<p>The Second University of Naples had no role in the conduct of the study; in the collection, analysis, or interpretation of data; in the preparation of the data; or in the preparation, review, or approval of the manuscript.</p></section></content>",
    "ctr": 0.1,
    "custom_score": 1.0,
    "id": {
        "dois": [
            "10.1001/jama.292.12.1440"
        ]
    },
    "issued_at": 1095811200,
    "languages": [
        "en"
    ],
    "links": [
        {
            "cid": "bafkr4ibmztzvvebqjp7u2p2sgrecnzpamf5kqjldoqybsj4lcbklfen5q4",
            "extension": "pdf",
            "filesize": 118009,
            "md5": "9340caf848d0b31448e0fd6fa413241d",
            "type": "primary"
        }
    ],
    "metadata": {
        "container_title": "JAMA",
        "first_page": 1440,
        "issns": [
            "0098-7484"
        ],
        "issue": "12",
        "publisher": "American Medical Association (AMA)",
        "volume": "292"
    },
    "page_rank": 0.18198457,
    "referenced_by_count": 1479,
    "tags": [
        "General Medicine"
    ],
    "title": "Effect of a Mediterranean-Style Diet on Endothelial Dysfunction and Markers of Vascular Inflammation in the Metabolic Syndrome: A Randomized Trial",
    "type": "journal-article",
    "updated_at": 1695294177
}