{
    "authors": [
        {
            "family": "Shortliffe",
            "given": "Edward H."
        }
    ],
    "ctr": 0.1,
    "custom_score": 1.0,
    "id": {
        "dois": [
            "10.1001/jama.1987.03400010065029"
        ]
    },
    "issued_at": 552268800,
    "languages": [
        "en"
    ],
    "metadata": {
        "container_title": "JAMA: The Journal of the American Medical Association",
        "first_page": 61,
        "issns": [
            "0098-7484"
        ],
        "issue": "1",
        "volume": "258"
    },
    "page_rank": 0.17566474,
    "referenced_by_count": 161,
    "tags": [
        "General Medicine"
    ],
    "title": "Computer Programs to Support Clinical Decision Making",
    "type": "journal-article",
    "updated_at": 1693703477
}