{
    "authors": [
        {
            "family": "Ogawa",
            "given": "Hisao"
        }
    ],
    "ctr": 0.1,
    "custom_score": 1.0,
    "id": {
        "dois": [
            "10.1001/jama.2008.623"
        ]
    },
    "issued_at": 1226448000,
    "languages": [
        "en"
    ],
    "metadata": {
        "container_title": "JAMA",
        "first_page": 2134,
        "issns": [
            "0098-7484"
        ],
        "issue": "18",
        "publisher": "American Medical Association (AMA)",
        "volume": "300"
    },
    "page_rank": 0.53736144,
    "referenced_by_count": 602,
    "tags": [
        "General Medicine"
    ],
    "title": "Low-Dose Aspirin for Primary Prevention of Atherosclerotic Events in Patients With Type 2 Diabetes<subtitle>A Randomized Controlled Trial</subtitle>",
    "type": "journal-article",
    "updated_at": 1695259466
}