{
    "authors": [
        {
            "family": "Tielsch",
            "given": "James M."
        }
    ],
    "ctr": 0.1,
    "custom_score": 1.0,
    "id": {
        "dois": [
            "10.1001/jama.1991.03470030069026"
        ]
    },
    "issued_at": 679708800,
    "languages": [
        "en"
    ],
    "metadata": {
        "container_title": "JAMA",
        "first_page": 369,
        "issns": [
            "0098-7484"
        ],
        "issue": "3",
        "volume": "266"
    },
    "page_rank": 0.27369094,
    "referenced_by_count": 597,
    "tags": [
        "General Medicine"
    ],
    "title": "Racial Variations in the Prevalence of Primary Open-angle Glaucoma: The Baltimore Eye Survey",
    "type": "journal-article",
    "updated_at": 1693702288
}