{
    "authors": [
        {
            "family": "Mehrotra",
            "given": "Ateev",
            "sequence": "first"
        },
        {
            "family": "Bhatia",
            "given": "R. Sacha",
            "sequence": "additional"
        },
        {
            "family": "Snoswell",
            "given": "Centaine L.",
            "sequence": "additional"
        }
    ],
    "ctr": 0.1,
    "custom_score": 1.0,
    "id": {
        "dois": [
            "10.1001/jama.2020.25706"
        ]
    },
    "issued_at": 1612224000,
    "languages": [
        "en"
    ],
    "metadata": {
        "container_title": "JAMA",
        "first_page": 431,
        "issns": [
            "0098-7484"
        ],
        "issue": "5",
        "publisher": "American Medical Association (AMA)",
        "volume": "325"
    },
    "page_rank": 0.27476352,
    "referenced_by_count": 97,
    "references": [
        {
            "doi": "10.1001/jamainternmed.2020.5928",
            "type": "reference"
        },
        {
            "doi": "10.1089/tmj.2020.0176",
            "type": "reference"
        },
        {
            "doi": "10.1542/peds.2018-2491",
            "type": "reference"
        }
    ],
    "tags": [
        "General Medicine"
    ],
    "title": "Paying for Telemedicine After the Pandemic",
    "type": "journal-article",
    "updated_at": 1693660682
}