{
    "authors": [
        {
            "family": "Hochman",
            "given": "Michael"
        },
        {
            "family": "Hochman",
            "given": "Steven"
        },
        {
            "family": "Bor",
            "given": "David"
        },
        {
            "family": "McCormick",
            "given": "Danny"
        }
    ],
    "ctr": 0.1,
    "custom_score": 1.0,
    "id": {
        "dois": [
            "10.1001/jama.300.13.1544"
        ]
    },
    "issued_at": 1222819200,
    "languages": [
        "en"
    ],
    "metadata": {
        "container_title": "JAMA",
        "first_page": 1544,
        "issns": [
            "0098-7484"
        ],
        "issue": "13",
        "publisher": "American Medical Association (AMA)",
        "volume": "300"
    },
    "page_rank": 0.20847097,
    "referenced_by_count": 29,
    "tags": [
        "General Medicine"
    ],
    "title": "News Media Coverage of Medication Research: Reporting Pharmaceutical Company Funding and Use of Generic Medication Names",
    "type": "journal-article",
    "updated_at": 1695252059
}