{
    "authors": [
        {
            "family": "Fontanarosa",
            "given": "Phil"
        },
        {
            "family": "Bauchner",
            "given": "Howard"
        },
        {
            "family": "Flanagin",
            "given": "Annette"
        }
    ],
    "ctr": 0.1,
    "custom_score": 1.0,
    "id": {
        "dois": [
            "10.1001/jama.2017.19341"
        ]
    },
    "issued_at": 1514246400,
    "languages": [
        "en"
    ],
    "metadata": {
        "container_title": "JAMA",
        "first_page": 2433,
        "issns": [
            "0098-7484"
        ],
        "issue": "24",
        "volume": "318"
    },
    "page_rank": 0.20824994,
    "referenced_by_count": 53,
    "tags": [
        "General Medicine"
    ],
    "title": "Authorship and Team Science",
    "type": "journal-article",
    "updated_at": 1693671975
}