{
    "authors": [
        {
            "family": "Matheny",
            "given": "Michael E.",
            "sequence": "first"
        },
        {
            "family": "Whicher",
            "given": "Danielle",
            "sequence": "additional"
        },
        {
            "family": "Thadaney Israni",
            "given": "Sonoo",
            "sequence": "additional"
        }
    ],
    "ctr": 0.1,
    "custom_score": 1.0,
    "id": {
        "dois": [
            "10.1001/jama.2019.21579"
        ]
    },
    "issued_at": 1581379200,
    "languages": [
        "en"
    ],
    "links": [
        {
            "cid": "bafkr4iedacvmchd3ixumy2aas5szaccbt7rnii4cic6rdgrhi4jcsnumwe",
            "extension": "pdf",
            "filesize": 57887,
            "md5": "b4d82127922b524ede0077be63a49bcf",
            "type": "primary"
        }
    ],
    "metadata": {
        "container_title": "JAMA",
        "first_page": 509,
        "issns": [
            "0098-7484"
        ],
        "issue": "6",
        "publisher": "American Medical Association (AMA)",
        "volume": "323"
    },
    "page_rank": 0.21220912,
    "referenced_by_count": 216,
    "references": [
        {
            "doi": "10.1148/radiol.2018172986",
            "type": "reference"
        },
        {
            "doi": "10.1001/jama.2019.15064",
            "type": "reference"
        }
    ],
    "tags": [
        "General Medicine"
    ],
    "title": "Artificial Intelligence in Health Care: A Report From the National Academy of Medicine",
    "type": "journal-article",
    "updated_at": 1693973035
}