{
    "authors": [
        {
            "family": "Panagioti",
            "given": "Maria"
        },
        {
            "family": "Panagopoulou",
            "given": "Efharis"
        },
        {
            "family": "Bower",
            "given": "Peter"
        },
        {
            "family": "Lewith",
            "given": "George"
        },
        {
            "family": "Kontopantelis",
            "given": "Evangelos"
        },
        {
            "family": "Chew-Graham",
            "given": "Carolyn"
        },
        {
            "family": "Dawson",
            "given": "Shoba"
        },
        {
            "family": "van Marwijk",
            "given": "Harm"
        },
        {
            "family": "Geraghty",
            "given": "Keith"
        },
        {
            "family": "Esmail",
            "given": "Aneez"
        }
    ],
    "ctr": 0.1,
    "custom_score": 1.0,
    "id": {
        "dois": [
            "10.1001/jamainternmed.2016.7674"
        ]
    },
    "issued_at": 1485907200,
    "languages": [
        "en"
    ],
    "metadata": {
        "container_title": "JAMA Internal Medicine",
        "first_page": 195,
        "issns": [
            "2168-6106"
        ],
        "issue": "2",
        "volume": "177"
    },
    "page_rank": 0.45830995,
    "referenced_by_count": 705,
    "tags": [
        "Internal Medicine"
    ],
    "title": "Controlled Interventions to Reduce Burnout in Physicians: A Systematic Review and Meta-analysis",
    "type": "journal-article",
    "updated_at": 1693673991
}