{
    "authors": [
        {
            "family": "Manz",
            "given": "Christopher R.",
            "sequence": "first"
        },
        {
            "family": "Parikh",
            "given": "Ravi B.",
            "sequence": "additional"
        },
        {
            "family": "Small",
            "given": "Dylan S.",
            "sequence": "additional"
        },
        {
            "family": "Evans",
            "given": "Chalanda N.",
            "sequence": "additional"
        },
        {
            "family": "Chivers",
            "given": "Corey",
            "sequence": "additional"
        },
        {
            "family": "Regli",
            "given": "Susan H.",
            "sequence": "additional"
        },
        {
            "family": "Hanson",
            "given": "C. William",
            "sequence": "additional"
        },
        {
            "family": "Bekelman",
            "given": "Justin E.",
            "sequence": "additional"
        },
        {
            "family": "Rareshide",
            "given": "Charles A. L.",
            "sequence": "additional"
        },
        {
            "family": "O’Connor",
            "given": "Nina",
            "sequence": "additional"
        },
        {
            "family": "Schuchter",
            "given": "Lynn M.",
            "sequence": "additional"
        },
        {
            "family": "Shulman",
            "given": "Lawrence N.",
            "sequence": "additional"
        },
        {
            "family": "Patel",
            "given": "Mitesh S.",
            "sequence": "additional"
        }
    ],
    "ctr": 0.1,
    "custom_score": 1.0,
    "id": {
        "dois": [
            "10.1001/jamaoncol.2020.4759"
        ]
    },
    "issued_at": 1607558400,
    "languages": [
        "en"
    ],
    "metadata": {
        "container_title": "JAMA Oncology",
        "first_page": 204759,
        "issns": [
            "2374-2437"
        ],
        "issue": "12",
        "publisher": "American Medical Association (AMA)",
        "volume": "6"
    },
    "page_rank": 0.18230113,
    "referenced_by_count": 71,
    "references": [
        {
            "doi": "10.7326/0003-4819-138-8-200304150-00011",
            "type": "reference"
        },
        {
            "doi": "10.1200/jco.2004.08.136",
            "type": "reference"
        },
        {
            "doi": "10.1200/jco.2007.15.8253",
            "type": "reference"
        },
        {
            "doi": "10.1200/jop.2011.000469",
            "type": "reference"
        },
        {
            "doi": "10.1016/j.jpainsymman.2018.07.003",
            "type": "reference"
        },
        {
            "doi": "10.1001/jamainternmed.2014.5271",
            "type": "reference"
        },
        {
            "doi": "10.1001/jama.300.14.1665",
            "type": "reference"
        },
        {
            "doi": "10.1177/0269216314526272",
            "type": "reference"
        },
        {
            "doi": "10.1200/jop.18.00044",
            "type": "reference"
        },
        {
            "doi": "10.1007/s00520-018-4463-z",
            "type": "reference"
        },
        {
            "doi": "10.1001/jama.279.21.1709",
            "type": "reference"
        },
        {
            "doi": "10.1200/jco.2004.06.050",
            "type": "reference"
        },
        {
            "doi": "10.1371/journal.pone.0161407",
            "type": "reference"
        },
        {
            "doi": "10.1186/s13012-019-0883-5",
            "type": "reference"
        },
        {
            "doi": "10.1001/jama.2016.13739",
            "type": "reference"
        },
        {
            "doi": "10.1056/nejmp1712984",
            "type": "reference"
        },
        {
            "doi": "10.1007/s11606-017-4046-6",
            "type": "reference"
        },
        {
            "doi": "10.1136/bmjopen-2015-009032",
            "type": "reference"
        },
        {
            "doi": "10.1001/jamaoncol.2019.0292",
            "type": "reference"
        },
        {
            "doi": "10.1001/jamainternmed.2019.0077",
            "type": "reference"
        },
        {
            "doi": "10.1001/jamanetworkopen.2019.15997",
            "type": "reference"
        },
        {
            "doi": "10.1016/j.cct.2020.105951",
            "type": "reference"
        },
        {
            "doi": "10.1001/jamanetworkopen.2018.0818",
            "type": "reference"
        },
        {
            "doi": "10.1001/jama.2016.0275",
            "type": "reference"
        },
        {
            "doi": "10.1056/nejmsb071595",
            "type": "reference"
        },
        {
            "doi": "10.1001/jamainternmed.2016.1691",
            "type": "reference"
        },
        {
            "doi": "10.7326/m13-3001",
            "type": "reference"
        },
        {
            "doi": "10.1001/jamaoncol.2019.1432",
            "type": "reference"
        },
        {
            "doi": "10.1007/s11606-017-4286-5",
            "type": "reference"
        },
        {
            "doi": "10.1136/bmjspcare-2013-000574",
            "type": "reference"
        },
        {
            "doi": "10.1200/jco.2012.43.2203",
            "type": "reference"
        },
        {
            "doi": "10.1200/jop.2017.021246",
            "type": "reference"
        },
        {
            "doi": "10.1038/s41591-018-0147-y",
            "type": "reference"
        },
        {
            "doi": "10.1016/j.eclinm.2019.03.001",
            "type": "reference"
        },
        {
            "doi": "10.7326/m15-1330",
            "type": "reference"
        },
        {
            "doi": "10.1200/jop.2014.001385",
            "type": "reference"
        },
        {
            "doi": "10.1007/978-1-4899-4541-9",
            "type": "reference"
        },
        {
            "doi": "10.1017/cbo9780511802843",
            "type": "reference"
        }
    ],
    "tags": [
        "Oncology",
        "Cancer Research"
    ],
    "title": "Effect of Integrating Machine Learning Mortality Estimates With Behavioral Nudges to Clinicians on Serious Illness Conversations Among Patients With Cancer: A Stepped-Wedge Cluster Randomized Clinical Trial",
    "type": "journal-article",
    "updated_at": 1693661943
}