{
    "authors": [
        {
            "family": "van Schaik",
            "given": "Katherine D."
        }
    ],
    "ctr": 0.1,
    "custom_score": 1.0,
    "id": {
        "dois": [
            "10.1001/jama.2014.2155"
        ]
    },
    "issued_at": 1397001600,
    "languages": [
        "en"
    ],
    "metadata": {
        "container_title": "JAMA",
        "first_page": 1401,
        "issns": [
            "0098-7484"
        ],
        "issue": "14",
        "volume": "311"
    },
    "page_rank": 0.17802377,
    "referenced_by_count": 4,
    "tags": [
        "General Medicine"
    ],
    "title": "Pimping Socrates",
    "type": "journal-article",
    "updated_at": 1693680540
}