{
    "authors": [
        {
            "family": "Federman",
            "given": "D. G."
        }
    ],
    "ctr": 0.1,
    "custom_score": 1.0,
    "id": {
        "dois": [
            "10.1001/archfami.8.2.170"
        ]
    },
    "issued_at": 920246400,
    "languages": [
        "en"
    ],
    "metadata": {
        "container_title": "Archives of Family Medicine",
        "first_page": 170,
        "issns": [
            "1063-3987"
        ],
        "issue": "2",
        "last_page": 172,
        "volume": "8"
    },
    "page_rank": 0.43200448,
    "referenced_by_count": 73,
    "tags": [
        "General Medicine"
    ],
    "title": "Comparison of Dermatologic Diagnoses by Primary Care Practitioners and Dermatologists: A Review of the Literature",
    "type": "journal-article",
    "updated_at": 1693698495
}