{
    "authors": [
        {
            "family": "Weinreb",
            "given": "Robert N."
        },
        {
            "family": "Aung",
            "given": "Tin"
        },
        {
            "family": "Medeiros",
            "given": "Felipe A."
        }
    ],
    "ctr": 0.1,
    "custom_score": 1.0,
    "id": {
        "dois": [
            "10.1001/jama.2014.3192"
        ]
    },
    "issued_at": 1400025600,
    "languages": [
        "en"
    ],
    "metadata": {
        "container_title": "JAMA",
        "first_page": 1901,
        "issns": [
            "0098-7484"
        ],
        "issue": "18",
        "volume": "311"
    },
    "page_rank": 0.16760239,
    "referenced_by_count": 1944,
    "tags": [
        "General Medicine"
    ],
    "title": "The Pathophysiology and Treatment of Glaucoma: A Review",
    "type": "journal-article",
    "updated_at": 1693680386
}