{
    "authors": [
        {
            "family": "Han",
            "given": "Benjamin H."
        },
        {
            "family": "Sutin",
            "given": "David"
        },
        {
            "family": "Williamson",
            "given": "Jeff D."
        },
        {
            "family": "Davis",
            "given": "Barry R."
        },
        {
            "family": "Piller",
            "given": "Linda B."
        },
        {
            "family": "Pervin",
            "given": "Hannah"
        },
        {
            "family": "Pressel",
            "given": "Sara L."
        },
        {
            "family": "Blaum",
            "given": "Caroline S."
        }
    ],
    "ctr": 0.1,
    "custom_score": 1.0,
    "id": {
        "dois": [
            "10.1001/jamainternmed.2017.1442"
        ]
    },
    "issued_at": 1498867200,
    "languages": [
        "en"
    ],
    "metadata": {
        "container_title": "JAMA Internal Medicine",
        "first_page": 955,
        "issns": [
            "2168-6106"
        ],
        "issue": "7",
        "volume": "177"
    },
    "page_rank": 0.21378976,
    "referenced_by_count": 99,
    "tags": [
        "Internal Medicine"
    ],
    "title": "Effect of Statin Treatment vs Usual Care on Primary Cardiovascular Prevention Among Older Adults: The ALLHAT-LLT Randomized Clinical Trial",
    "type": "journal-article",
    "updated_at": 1693673029
}