{
    "authors": [
        {
            "family": "Gal",
            "given": "Anthony A."
        }
    ],
    "ctr": 0.1,
    "custom_score": 1.0,
    "id": {
        "dois": [
            "10.1001/jama.294.24.3135"
        ]
    },
    "issued_at": 1135728000,
    "languages": [
        "en"
    ],
    "metadata": {
        "container_title": "JAMA",
        "first_page": 3135,
        "issns": [
            "0098-7484"
        ],
        "issue": "24",
        "publisher": "American Medical Association (AMA)",
        "volume": "294"
    },
    "page_rank": 0.2544749,
    "referenced_by_count": 67,
    "tags": [
        "General Medicine"
    ],
    "title": "The 100-Year Anniversary of the Description of the Frozen Section Procedure",
    "type": "journal-article",
    "updated_at": 1694882070
}