{
    "authors": [
        {
            "family": "Yang",
            "given": "Quanhe"
        },
        {
            "family": "Zhang",
            "given": "Zefeng"
        },
        {
            "family": "Gregg",
            "given": "Edward W."
        },
        {
            "family": "Flanders",
            "given": "W. Dana"
        },
        {
            "family": "Merritt",
            "given": "Robert"
        },
        {
            "family": "Hu",
            "given": "Frank B."
        }
    ],
    "ctr": 0.1,
    "custom_score": 1.0,
    "id": {
        "dois": [
            "10.1001/jamainternmed.2013.13563"
        ]
    },
    "issued_at": 1396310400,
    "languages": [
        "en"
    ],
    "metadata": {
        "container_title": "JAMA Internal Medicine",
        "first_page": 516,
        "issns": [
            "2168-6106"
        ],
        "issue": "4",
        "volume": "174"
    },
    "page_rank": 0.21665865,
    "referenced_by_count": 602,
    "tags": [
        "Internal Medicine"
    ],
    "title": "Added Sugar Intake and Cardiovascular Diseases Mortality Among US Adults",
    "type": "journal-article",
    "updated_at": 1693680571
}