{
    "authors": [
        {
            "family": "Hackbarth",
            "given": "Andrew D.",
            "sequence": "first"
        }
    ],
    "ctr": 0.1,
    "custom_score": 1.0,
    "id": {
        "dois": [
            "10.1001/jama.2012.362"
        ]
    },
    "issued_at": 1334102400,
    "languages": [
        "en"
    ],
    "metadata": {
        "container_title": "JAMA",
        "first_page": 1513,
        "issns": [
            "0098-7484"
        ],
        "issue": "14",
        "publisher": "American Medical Association (AMA)",
        "volume": "307"
    },
    "page_rank": 0.23835576,
    "referenced_by_count": 1136,
    "tags": [
        "General Medicine"
    ],
    "title": "Eliminating Waste in US Health Care",
    "type": "journal-article",
    "updated_at": 1695687377
}