{
    "authors": [
        {
            "family": "Jha",
            "given": "Saurabh"
        },
        {
            "family": "Topol",
            "given": "Eric J."
        }
    ],
    "ctr": 0.1,
    "custom_score": 1.0,
    "id": {
        "dois": [
            "10.1001/jama.2016.17438"
        ]
    },
    "issued_at": 1481587200,
    "languages": [
        "en"
    ],
    "links": [
        {
            "cid": "bafkr4ifdf5a6myvs3sbtv5qm7xpq63frjiayo7wgeqgase4ypab5gfegsq",
            "extension": "pdf",
            "filesize": 300317,
            "md5": "1f1dfd2e67698aff33a4e7b9af92edb7"
        }
    ],
    "metadata": {
        "container_title": "JAMA",
        "first_page": 2353,
        "issns": [
            "0098-7484"
        ],
        "issue": "22",
        "volume": "316"
    },
    "page_rank": 0.23759878,
    "referenced_by_count": 360,
    "tags": [
        "General Medicine"
    ],
    "title": "Adapting to Artificial Intelligence: Radiologists and Pathologists as Information Specialists",
    "type": "journal-article",
    "updated_at": 1693751534
}