{
    "authors": [
        {
            "family": "Beam",
            "given": "Andrew L.",
            "sequence": "first"
        },
        {
            "family": "Manrai",
            "given": "Arjun K.",
            "sequence": "additional"
        },
        {
            "family": "Ghassemi",
            "given": "Marzyeh",
            "sequence": "additional"
        }
    ],
    "ctr": 0.1,
    "custom_score": 1.0,
    "id": {
        "dois": [
            "10.1001/jama.2019.20866"
        ]
    },
    "issued_at": 1580169600,
    "languages": [
        "en"
    ],
    "metadata": {
        "container_title": "JAMA",
        "first_page": 305,
        "issns": [
            "0098-7484"
        ],
        "issue": "4",
        "publisher": "American Medical Association (AMA)",
        "volume": "323"
    },
    "page_rank": 0.25578612,
    "referenced_by_count": 144,
    "references": [
        {
            "doi": "10.1371/journal.pmed.0020124",
            "type": "reference"
        },
        {
            "doi": "10.1126/science.aac4716",
            "type": "reference"
        },
        {
            "doi": "10.1001/jama.2017.18391",
            "type": "reference"
        },
        {
            "doi": "10.1001/jama.2018.11100",
            "type": "reference"
        },
        {
            "doi": "10.1016/s0140-6736(19)30037-6",
            "type": "reference"
        }
    ],
    "tags": [
        "General Medicine"
    ],
    "title": "Challenges to the Reproducibility of Machine Learning Models in Health Care",
    "type": "journal-article",
    "updated_at": 1693963228
}