{
    "authors": [
        {
            "family": "Dhruva",
            "given": "Sanket S."
        },
        {
            "family": "Mazure",
            "given": "Carolyn M."
        },
        {
            "family": "Ross",
            "given": "Joseph S."
        },
        {
            "family": "Redberg",
            "given": "Rita F."
        }
    ],
    "ctr": 0.1,
    "custom_score": 1.0,
    "id": {
        "dois": [
            "10.1001/jamainternmed.2017.3148"
        ]
    },
    "issued_at": 1504224000,
    "languages": [
        "en"
    ],
    "metadata": {
        "container_title": "JAMA Internal Medicine",
        "first_page": 1390,
        "issns": [
            "2168-6106"
        ],
        "issue": "9",
        "volume": "177"
    },
    "page_rank": 0.1793541,
    "referenced_by_count": 8,
    "tags": [
        "Internal Medicine"
    ],
    "title": "Inclusion of Demographic-Specific Information in Studies Supporting US Food & Drug Administration Approval of High-Risk Medical Devices",
    "type": "journal-article",
    "updated_at": 1693672655
}