{
    "authors": [
        {
            "family": "Bragge",
            "given": "Peter",
            "sequence": "first"
        }
    ],
    "ctr": 0.1,
    "custom_score": 1.0,
    "id": {
        "dois": [
            "10.1001/archophthalmol.2010.319"
        ]
    },
    "issued_at": 1302480000,
    "languages": [
        "en"
    ],
    "metadata": {
        "container_title": "Archives of Ophthalmology",
        "first_page": 435,
        "issns": [
            "0003-9950"
        ],
        "issue": "4",
        "publisher": "American Medical Association (AMA)",
        "volume": "129"
    },
    "page_rank": 0.26784825,
    "referenced_by_count": 93,
    "tags": [
        "Ophthalmology"
    ],
    "title": "Screening for Presence or Absence of Diabetic Retinopathy: A Meta-analysis",
    "type": "journal-article",
    "updated_at": 1695550398
}