{
    "abstract": "<abstract>Researchers, clinicians, and policy makers face 3 challenges in writing about race and ethnicity: accounting for the limitations of race/ethnicity data; distinguishing between race/ethnicity as a risk factor or as a risk marker; and finding a way to write about race/ethnicity that does not stigmatize and does not imply a we/they dichotomy between health professionals and populations of color. Journals play an important role in setting standards for research and policy literature. The authors outline guidelines that might be used when race and ethnicity are addressed in biomedical publications.</abstract>",
    "authors": [
        {
            "family": "Kaplan",
            "given": "Judith B."
        }
    ],
    "ctr": 0.1,
    "custom_score": 1.0,
    "id": {
        "dois": [
            "10.1001/jama.289.20.2709"
        ],
        "pubmed_id": 12771118
    },
    "issued_at": 1054162800,
    "languages": [
        "en"
    ],
    "metadata": {
        "container_title": "JAMA",
        "first_page": 2709,
        "issns": [
            "0098-7484"
        ],
        "issue": "20",
        "last_page": 2716,
        "publisher": "American Medical Association (AMA)",
        "volume": "289"
    },
    "page_rank": 0.5340805,
    "referenced_by_count": 388,
    "tags": [
        "Bias",
        "Epidemiologic Factors",
        "Ethnicity",
        "Guidelines as Topic",
        "Humans",
        "Policy Making",
        "Publication Bias",
        "Publishing",
        "Racial Groups",
        "Risk Factors"
    ],
    "title": "Use of Race and Ethnicity in Biomedical Publication",
    "type": "journal-article",
    "updated_at": 1695892108
}