{
    "authors": [
        {
            "family": "Mora",
            "given": "Samia"
        },
        {
            "family": "Manson",
            "given": "JoAnn E."
        }
    ],
    "ctr": 0.1,
    "custom_score": 1.0,
    "id": {
        "dois": [
            "10.1001/jamainternmed.2016.2648"
        ]
    },
    "issued_at": 1470009600,
    "languages": [
        "en"
    ],
    "metadata": {
        "container_title": "JAMA Internal Medicine",
        "first_page": 1195,
        "issns": [
            "2168-6106"
        ],
        "issue": "8",
        "volume": "176"
    },
    "page_rank": 0.17807418,
    "referenced_by_count": 49,
    "tags": [
        "Internal Medicine"
    ],
    "title": "Aspirin for Primary Prevention of Atherosclerotic Cardiovascular Disease: Advances in Diagnosis and Treatment",
    "type": "journal-article",
    "updated_at": 1693675462
}