{
    "authors": [
        {
            "family": "Ayers",
            "given": "John W."
        },
        {
            "family": "Althouse",
            "given": "Benjamin M."
        },
        {
            "family": "Dredze",
            "given": "Mark"
        }
    ],
    "ctr": 0.1,
    "custom_score": 1.0,
    "id": {
        "dois": [
            "10.1001/jama.2014.1505"
        ]
    },
    "issued_at": 1397001600,
    "languages": [
        "en"
    ],
    "metadata": {
        "container_title": "JAMA",
        "first_page": 1399,
        "issns": [
            "0098-7484"
        ],
        "issue": "14",
        "volume": "311"
    },
    "page_rank": 0.46266568,
    "referenced_by_count": 98,
    "tags": [
        "General Medicine"
    ],
    "title": "Could Behavioral Medicine Lead the Web Data Revolution?",
    "type": "journal-article",
    "updated_at": 1693680540
}