{
    "authors": [
        {
            "family": "Classen",
            "given": "David C.",
            "sequence": "first"
        },
        {
            "family": "Holmgren",
            "given": "A. Jay",
            "sequence": "additional"
        },
        {
            "family": "Co",
            "given": "Zoe",
            "sequence": "additional"
        },
        {
            "family": "Newmark",
            "given": "Lisa P.",
            "sequence": "additional"
        },
        {
            "family": "Seger",
            "given": "Diane",
            "sequence": "additional"
        },
        {
            "family": "Danforth",
            "given": "Melissa",
            "sequence": "additional"
        },
        {
            "family": "Bates",
            "given": "David W.",
            "sequence": "additional"
        }
    ],
    "ctr": 0.1,
    "custom_score": 1.0,
    "id": {
        "dois": [
            "10.1001/jamanetworkopen.2020.5547"
        ]
    },
    "issued_at": 1590710400,
    "languages": [
        "en"
    ],
    "metadata": {
        "container_title": "JAMA Network Open",
        "first_page": 205547,
        "issns": [
            "2574-3805"
        ],
        "issue": "5",
        "publisher": "American Medical Association (AMA)",
        "volume": "3"
    },
    "page_rank": 0.1589584,
    "referenced_by_count": 36,
    "references": [
        {
            "doi": "10.1377/hlthaff.2018.0738",
            "type": "reference"
        },
        {
            "doi": "10.1136/qshc.2005.014969",
            "type": "reference"
        },
        {
            "doi": "10.1377/hlthaff.2010.0160",
            "type": "reference"
        },
        {
            "doi": "10.1197/jamia.m2248",
            "type": "reference"
        },
        {
            "doi": "10.1136/amiajnl-2012-001549",
            "type": "reference"
        },
        {
            "doi": "10.1093/jamia/ocw134",
            "type": "reference"
        },
        {
            "doi": "10.1136/bmjqs-2019-009609",
            "type": "reference"
        },
        {
            "doi": "10.1056/nejmsa0900592",
            "type": "reference"
        },
        {
            "doi": "10.1001/jama.1987.03400070074038",
            "type": "reference"
        },
        {
            "doi": "10.1001/jama.296.22.2694",
            "type": "reference"
        },
        {
            "doi": "10.1177/1062860608331241",
            "type": "reference"
        },
        {
            "doi": "10.1093/jamia/ocx135",
            "type": "reference"
        },
        {
            "doi": "10.1097/mlr.0000000000000716",
            "type": "reference"
        },
        {
            "doi": "10.1093/jamia/ocx080",
            "type": "reference"
        },
        {
            "doi": "10.1197/jamia.m1984",
            "type": "reference"
        },
        {
            "doi": "10.1055/s-0039-1688753",
            "type": "reference"
        }
    ],
    "tags": [
        "General Medicine"
    ],
    "title": "National Trends in the Safety Performance of Electronic Health Record Systems From 2009 to 2018",
    "type": "journal-article",
    "updated_at": 1694059958
}