{
    "abstract": "<abstract>This study examines the appropriateness of artificial intelligence model responses to fundamental cardiovascular disease prevention questions.</abstract>",
    "authors": [
        {
            "family": "Sarraju",
            "given": "Ashish"
        },
        {
            "family": "Bruemmer",
            "given": "Dennis"
        },
        {
            "family": "Van Iterson",
            "given": "Erik"
        },
        {
            "family": "Cho",
            "given": "Leslie"
        },
        {
            "family": "Rodriguez",
            "given": "Fatima"
        },
        {
            "family": "Laffin",
            "given": "Luke"
        }
    ],
    "content": "<content><section><header>Appropriateness of Cardiovascular Disease Prevention Recommendations Obtained From a Popular Online Chat-Based Artificial Intelligence Model</header>\n<p>To obtain cardiovascular disease (CVD) prevention advice, individuals may explore informational sources, including those on the internet, or communicate with clinicians. A research version of a dialogue-based artificial intelligence (AI) language model (ChatGPT) was released in November 2022 and has captured wide attention, with media reports suggesting more than 1 million users within days. 1 Using a chat-based interface, this AI model responds to complex queries interactively. <ref type=\"bibr\">2</ref> This study qualitatively evaluated the appropriateness of AI model responses to simple, fundamental CVD prevention questions.</p>\n<p>Methods | This study was performed in December 2022. We created 25 questions addressing fundamental preventive concepts, including risk factor counseling, test results, and medication information, based on guideline-based prevention topics and our clinical experience in tertiary care preventive cardiology clinics (Table ). <ref type=\"bibr\">3</ref> Each question was posed to the online AI interface 2 3 times and the responses were recorded. Each set of 3 responses was graded by an experienced preventive cardiology clinician. There was 1 reviewer assigned to each set of responses. A total of 3 reviewers participated in this study. Reviewers graded each set of responses as either \"appropriate\" or \"inappropriate\" based on their clinical judgment and the content of the response or as \"unreliable\" if the 3 responses were inconsistent. The set of responses was graded as inappropriate if any of the 3 responses contained inappropriate information.</p></section><section><header>Supplemental content</header>\n<p>Reviewers graded responses in 2 hypothetical contexts: as responses on a patient-facing information platform (akin to hospital-based informational websites) and as AI-generated draft responses to electronic message questions sent by patients for clinician review.</p>\n<p>Results | AI model responses to 21 of 25 questions (84%) were graded as appropriate in both contexts (Table ). Four responses (16%) were graded as inappropriate in both contexts. For 3 of the 4 sets of responses, all 3 responses had inappropriate information; for 1 set, 1 of 3 responses was inappropriate. For example, the AI model responded to questions about exercise by firmly recommending both cardiovascular activity and lifting weights, which may be incorrect and potentially harmful for certain patients. Responses about interpreting a low-density lipoprotein cholesterol level of 200 mg/dL lacked relevant details, including familial hypercholesterolemia and genetic considerations. Responses about inclisiran suggested that it is commercially unavailable. No responses were graded as unreliable.</p>\n<p>Discussion | This exploratory study found that a popular online AI model provided largely appropriate responses to simple CVD prevention questions as evaluated by preventive cardiology clinicians. Findings suggest the potential of interactive AI to assist clinical workflows by augmenting patient education and patient-clinician communication around common CVD prevention queries. For example, such an application may provide conversational responses to simple queries on informational platforms or create automated draft responses to patient electronic messages for clinicians. Whether these approaches can improve readability should be explored, because prior work has indicated low readability of certain online patient educational materials for CVD prevention. <ref type=\"bibr\">4</ref> There are several limitations to this study. This AI model is a research version of a \"chatbot\" that is not meant for medical use. CVD prevention is a wide field that is not covered by the preliminary list of simple questions in this study. AI accuracy and reliability are susceptible to training data limitations and biases. For instance, an inappropriate answer regarding inclisiran was likely due to a training timeline that missed newer developments. This study used the version of ChatGPT available at the time of this analysis 1 and did not assess other AI language models. Future research should compare various models to understand differential limitations. Use of appropriateness ratings was subjective and not validated; the work should be repeated using a more formal system for grading the responses and assessing specific aspects of the responses (eg, accuracy, readability). Only a single reviewer evaluated the responses for each question; having multiple reviewers would have allowed assessment of consistency among the reviewers' ratings. Heterogeneity between the set of 3 AI responses was not assessed in detail. Finally, the AI tool's responses did not include references to evidence to support any statements.  In Reply Our study 1 demonstrated a modest association between survivorship after ECMO and new mental health diagnoses. In their Letter, Drs Li and Li hypothesize that this association may have been mediated by differences in sedation among patients exposed to ECMO.</p></section><section><header>Ashish</header>\n<p>Although our study was able to demonstrate an association between ECMO survivorship and mental health morbidity, the mechanisms that may influence this association are unknown. Whether ECMO may cause downstream mental health sequelae is controversial, and we did not have the granularity of data to investigate potential hypotheses. We agree with Li and Li that the increased sedation that patients undergoing ECMO often receive could have played a role in mediating this relationship. <ref type=\"bibr\">2</ref> We hypothesized that the neurologic complications that patients undergoing ECMO experience (ischemic stroke, intracerebral hemorrhage, and delirium) could also result in downstream mental health morbidity. <ref type=\"bibr\">3</ref> Other potential mechanisms on the causal pathway between ECMO exposure and new mental health sequelae may similarly mediate this relationship. Outside of neurologic complications, patients receiving ECMO experience a variety of adverse events, including</p></section><section><p>Drs Butala and Bucholz had full access to all of the data in the study and take responsibility for the integrity of the data and the accuracy of the data analysis. Dr Sarraju had full access to all of the data in the study and takes responsibility for the integrity of the data and the accuracy of the data analysis.</p></section><section><header>COMMENT & RESPONSE</header></section><section><header>Extracorporeal Membrane Oxygenation and New Mental Health Diagnoses in Adult Survivors of Critical Illness</header>\n<p>To the Editor A recent study 1 found that extracorporeal membrane oxygenation (ECMO) was significantly associated with a modestly increased risk of new mental health diagnoses or social problems in adult survivors of critical illness in Canada. Although Cox regression analyses were performed to determine the independent factors associated with new mental health diagnoses or social problems, it is important to consider the role of sedation in patients treated with ECMO.</p>\n<p>According to the Extracorporeal Life Support Organization, patients receiving ECMO should be sedated with light anesthesia during the first 12 to 24 hours after cannulation. 2 Sedation medications are used to improve tolerance of mechanical ventilation, reduce discomfort, and improve patientventilator synchrony, but they may result in adverse mental health outcomes. <ref type=\"bibr\">3,</ref><ref type=\"bibr\">4</ref> A study of patients receiving mechanical ventilation who were randomized to deep vs light sedation reported that patients with deep sedation tended to have more posttraumatic stress disorder symptoms. 5 Therefore, it is unfortunate that data about sedation and analgesia management in this study 1 of patients receiving ECMO support were missing. Also, we could not be certain whether this study included relevant data for the patients receiving ECMO who were awake. Sedative drugs and length of sedation may have biased the results of this study.</p></section><section><header>Jian Li, MD Yongnan Li, MD, PhD</header>\n<p>Author Affiliations: Second Clinical Medical College, Lanzhou University, Lanzhou, China (J. Li); Department of Cardiac Surgery, Lanzhou University Second Hospital, Lanzhou, China (Y. Li).</p>\n<p>Corresponding Author: Yongnan Li, MD, PhD, Department of Cardiac Surgery, Lanzhou University Second Hospital, No. 80 Cuiyingmen, Chengguan District, Lanzhou 730030, China (lyngyq2006@foxmail.com).</p>\n<p>Conflict of Interest Disclosures: None reported.</p></section></content>",
    "ctr": 0.1,
    "custom_score": 1.0,
    "id": {
        "dois": [
            "10.1001/jama.2023.1044"
        ]
    },
    "issued_at": 1675382400,
    "languages": [
        "en"
    ],
    "links": [
        {
            "cid": "bafkr4ih6uf7rarjw6az6wzon3us4pvqkfbuc7jmgcav7v6oo6l7egfhgsu",
            "extension": "pdf",
            "filesize": 130027,
            "md5": "93f46aeadc70676b6086f8fd81f93192",
            "type": "primary"
        }
    ],
    "metadata": {
        "container_title": "JAMA",
        "issns": [
            "0098-7484"
        ],
        "issue": "10",
        "publisher": "American Medical Association (AMA)",
        "volume": "329"
    },
    "page_rank": 0.16821437,
    "referenced_by_count": 64,
    "references": [
        {
            "doi": "10.1038/d41586-022-04397-7",
            "type": "reference"
        },
        {
            "doi": "10.1016/j.jacc.2019.03.010",
            "type": "reference"
        },
        {
            "doi": "10.1161/jaha.120.017372",
            "type": "reference"
        }
    ],
    "tags": [
        "General Medicine"
    ],
    "title": "Appropriateness of Cardiovascular Disease Prevention Recommendations Obtained From a Popular Online Chat-Based Artificial Intelligence Model",
    "type": "journal-article",
    "updated_at": 1693926058
}