{
    "authors": [
        {
            "family": "McInnes",
            "given": "Matthew D. F."
        },
        {
            "family": "Moher",
            "given": "David"
        },
        {
            "family": "Thombs",
            "given": "Brett D."
        },
        {
            "family": "McGrath",
            "given": "Trevor A."
        },
        {
            "family": "Bossuyt",
            "given": "Patrick M."
        },
        {
            "family": "Clifford",
            "given": "Tammy"
        },
        {
            "family": "Cohen",
            "given": "Jérémie F."
        },
        {
            "family": "Deeks",
            "given": "Jonathan J."
        },
        {
            "family": "Gatsonis",
            "given": "Constantine"
        },
        {
            "family": "Hooft",
            "given": "Lotty"
        },
        {
            "family": "Hunt",
            "given": "Harriet A."
        },
        {
            "family": "Hyde",
            "given": "Christopher J."
        },
        {
            "family": "Korevaar",
            "given": "Daniël A."
        },
        {
            "family": "Leeflang",
            "given": "Mariska M. G."
        },
        {
            "family": "Macaskill",
            "given": "Petra"
        },
        {
            "family": "Reitsma",
            "given": "Johannes B."
        },
        {
            "family": "Rodin",
            "given": "Rachel"
        },
        {
            "family": "Rutjes",
            "given": "Anne W. S."
        },
        {
            "family": "Salameh",
            "given": "Jean-Paul"
        },
        {
            "family": "Stevens",
            "given": "Adrienne"
        },
        {
            "family": "Takwoingi",
            "given": "Yemisi"
        },
        {
            "family": "Tonelli",
            "given": "Marcello"
        },
        {
            "family": "Weeks",
            "given": "Laura"
        },
        {
            "family": "Whiting",
            "given": "Penny"
        },
        {
            "family": "Willis",
            "given": "Brian H."
        }
    ],
    "ctr": 0.1,
    "custom_score": 1.0,
    "id": {
        "dois": [
            "10.1001/jama.2017.19163"
        ]
    },
    "issued_at": 1516665600,
    "languages": [
        "en"
    ],
    "metadata": {
        "container_title": "JAMA",
        "first_page": 388,
        "issns": [
            "0098-7484"
        ],
        "issue": "4",
        "volume": "319"
    },
    "page_rank": 0.26230276,
    "referenced_by_count": 1453,
    "references": [
        {
            "doi": "10.7326/0003-4819-155-8-201110180-00009",
            "type": "reference"
        },
        {
            "doi": "10.1016/j.jclinepi.2005.01.016",
            "type": "reference"
        },
        {
            "doi": "10.1186/1471-2288-14-70",
            "type": "reference"
        },
        {
            "doi": "10.1016/j.jclinepi.2009.06.005",
            "type": "reference"
        },
        {
            "doi": "10.1016/j.jclinepi.2005.02.022",
            "type": "reference"
        },
        {
            "doi": "10.1371/journal.pone.0020476",
            "type": "reference"
        },
        {
            "doi": "10.1016/0895-4356(94)00099-c",
            "type": "reference"
        },
        {
            "doi": "10.1016/j.jclinepi.2009.06.006",
            "type": "reference"
        },
        {
            "doi": "10.1001/jama.282.11.1061",
            "type": "reference"
        },
        {
            "doi": "10.1371/journal.pmed.1000326",
            "type": "reference"
        },
        {
            "doi": "10.1371/journal.pmed.1000217",
            "type": "reference"
        },
        {
            "doi": "10.1136/bmjopen-2016-012799",
            "type": "reference"
        },
        {
            "doi": "10.1136/bmjopen-2013-004596",
            "type": "reference"
        },
        {
            "doi": "10.1186/1471-2288-14-33",
            "type": "reference"
        },
        {
            "doi": "10.1148/radiol.2015151516",
            "type": "reference"
        },
        {
            "doi": "10.1371/journal.pmed.1001419",
            "type": "reference"
        },
        {
            "doi": "10.1016/j.jclinepi.2015.06.005",
            "type": "reference"
        },
        {
            "doi": "10.1002/(issn)1097-0258",
            "type": "reference"
        },
        {
            "doi": "10.1016/s0140-6736(13)62228-x",
            "type": "reference"
        },
        {
            "doi": "10.1016/j.eujim.2015.07.002",
            "type": "reference"
        },
        {
            "doi": "10.1093/biostatistics/kxm052",
            "type": "reference"
        },
        {
            "doi": "10.1016/j.jclinepi.2016.07.011",
            "type": "reference"
        },
        {
            "doi": "10.1373/clinchem.2017.271544",
            "type": "reference"
        },
        {
            "doi": "10.1148/radiol.13130273",
            "type": "reference"
        },
        {
            "doi": "10.1016/j.jclinepi.2016.06.002",
            "type": "reference"
        },
        {
            "doi": "10.1186/1471-2288-11-163",
            "type": "reference"
        },
        {
            "doi": "10.1136/bmj.j3751",
            "type": "reference"
        },
        {
            "doi": "10.1016/j.jclinepi.2014.05.018",
            "type": "reference"
        },
        {
            "doi": "10.1148/radiol.2015142779",
            "type": "reference"
        },
        {
            "doi": "10.1016/j.ejrad.2017.05.032",
            "type": "reference"
        },
        {
            "doi": "10.1186/1471-2288-11-27",
            "type": "reference"
        },
        {
            "doi": "10.1186/s13643-017-0590-8",
            "type": "reference"
        },
        {
            "doi": "10.1148/radiol.2016152229",
            "type": "reference"
        },
        {
            "doi": "10.1186/s12874-016-0108-4",
            "type": "reference"
        }
    ],
    "tags": [
        "General Medicine"
    ],
    "title": "Preferred Reporting Items for a Systematic Review and Meta-analysis of Diagnostic Test Accuracy Studies: The PRISMA-DTA Statement",
    "type": "journal-article",
    "updated_at": 1693671372
}