{
    "ctr": 0.1,
    "custom_score": 1.0,
    "id": {
        "dois": [
            "10.1001/archinte.1997.00440270105009"
        ]
    },
    "issued_at": 859161600,
    "languages": [
        "en"
    ],
    "metadata": {
        "container_title": "Archives of Internal Medicine",
        "first_page": 657,
        "issns": [
            "0003-9926"
        ],
        "issue": "6",
        "volume": "157"
    },
    "page_rank": 0.2722469,
    "referenced_by_count": 549,
    "tags": [
        "Internal Medicine"
    ],
    "title": "Effects of Weight Loss and Sodium Reduction Intervention on Blood Pressure and Hypertension Incidence in Overweight People With High-Normal Blood Pressure: The Trials of Hypertension Prevention, Phase II",
    "type": "journal-article",
    "updated_at": 1693699612
}