{
    "authors": [
        {
            "family": "Teno",
            "given": "Joan M."
        }
    ],
    "ctr": 0.1,
    "custom_score": 1.0,
    "id": {
        "dois": [
            "10.1001/jama.291.1.88"
        ]
    },
    "issued_at": 1073433600,
    "languages": [
        "en"
    ],
    "links": [
        {
            "cid": "bafkr4ifb3hexaa5lb6fnvimqvn2ooq6ly2e7urqxl4okfzdw54dkhcqwze",
            "extension": "pdf",
            "type": "primary"
        }
    ],
    "metadata": {
        "container_title": "JAMA",
        "first_page": 88,
        "issns": [
            "0098-7484"
        ],
        "issue": "1",
        "publisher": "American Medical Association (AMA)",
        "volume": "291"
    },
    "page_rank": 0.24721494,
    "referenced_by_count": 1097,
    "tags": [
        "General Medicine"
    ],
    "title": "Family Perspectives on End-of-Life Care at the Last Place of Care",
    "type": "journal-article",
    "updated_at": 1694834071
}