{
    "authors": [
        {
            "family": "Bastawrous",
            "given": "Andrew"
        },
        {
            "family": "Rono",
            "given": "Hillary K."
        },
        {
            "family": "Livingstone",
            "given": "Iain A. T."
        },
        {
            "family": "Weiss",
            "given": "Helen A."
        },
        {
            "family": "Jordan",
            "given": "Stewart"
        },
        {
            "family": "Kuper",
            "given": "Hannah"
        },
        {
            "family": "Burton",
            "given": "Matthew J."
        }
    ],
    "ctr": 0.1,
    "custom_score": 1.0,
    "id": {
        "dois": [
            "10.1001/jamaophthalmol.2015.1468"
        ]
    },
    "issued_at": 1438387200,
    "languages": [
        "en"
    ],
    "metadata": {
        "container_title": "JAMA Ophthalmology",
        "first_page": 930,
        "issns": [
            "2168-6165"
        ],
        "issue": "8",
        "volume": "133"
    },
    "page_rank": 0.3352689,
    "referenced_by_count": 184,
    "tags": [
        "Ophthalmology"
    ],
    "title": "Development and Validation of a Smartphone-Based Visual Acuity Test (Peek Acuity) for Clinical Practice and Community-Based Fieldwork",
    "type": "journal-article",
    "updated_at": 1693677764
}