{
    "authors": [
        {
            "family": "Schwartz",
            "given": "J. Theodore"
        }
    ],
    "ctr": 0.1,
    "custom_score": 1.0,
    "id": {
        "dois": [
            "10.1001/archopht.1975.01010020670002"
        ]
    },
    "issued_at": 178761600,
    "languages": [
        "en"
    ],
    "metadata": {
        "container_title": "Archives of Ophthalmology",
        "first_page": 776,
        "issns": [
            "0003-9950"
        ],
        "issue": "9",
        "volume": "93"
    },
    "page_rank": 0.21942368,
    "referenced_by_count": 19,
    "tags": [
        "Ophthalmology"
    ],
    "title": "Size of the Physiologic Cup of the Optic Nerve Head: Hereditary and Environmental Factors",
    "type": "journal-article",
    "updated_at": 1693706286
}