{
    "abstract": "<abstract>Response to COVID-</abstract>",
    "authors": [
        {
            "family": "Wang",
            "given": "C. Jason",
            "sequence": "first"
        },
        {
            "family": "Ng",
            "given": "Chun Y.",
            "sequence": "additional"
        },
        {
            "family": "Brook",
            "given": "Robert H.",
            "sequence": "additional"
        }
    ],
    "content": "<content><section><header>Recognizing the Crisis</header>\n<p>In 2004, the year after the SARS outbreak, the Taiwan government established the National Health Command Center (NHCC). The NHCC is part of a disaster management center that focuses on large-outbreak response and acts as the operational command point for direct communications among central, regional, and local authorities. The NHCC unified a central command system that includes the Central Epidemic Command Center (CECC), the Biological Pathogen Disaster Command Center, the Counter-Bioterrorism Command Center, and the Central Medical Emergency Operations Center. <ref type=\"bibr\">5</ref> On December 31, 2019, when the World Health Organization was notified of pneumonia of unknown cause in Wuhan, China, Taiwanese officials began to board planes and assess passengers on direct flights from Wuhan for fever and pneumonia symptoms before passengers could deplane. As early as January 5, 2020, notification was expanded to include any individual who had traveled to Wuhan in the past 14 days and had a fever or symptoms of upper respiratory tract infection at the point of entry; suspected cases were screened for 26 viruses including SARS and Middle East respiratory syndrome (MERS). Passengers displaying symptoms of fever and coughing were quarantined at home and assessed whether medical attention at a hospital was necessary. On January 20, while sporadic cases were reported from China, the Taiwan Centers for Disease Control (CDC) officially activated the CECC for severe special infectious pneumonia under NHCC, with the minister of health and welfare as the designated commander. The CECC coordinated efforts by various ministries, including the ministries of transportation, economics, labor, and education and the Environmental Protection Administration, among others, in a comprehensive effort to counteract the emerging public health crisis.</p></section>\n<section><header>Managing the Crisis</header>\n<p>For the past 5 weeks (January 20-February 24), the CECC has rapidly produced and implemented a list of at least 124 action items (eTable in the Supplement) including border control from the air and sea, case identification (using new data and technology), quarantine of suspicious cases, proactive case finding, resource allocation (assessing and managing capacity), reassurance and education of the public while fighting misinformation, negotiation with other countries and regions, formulation of policies toward schools and childcare, and relief to businesses.</p></section>\n<section><header>Border Control, Case Identification, and Containment</header>\n<p>On January 27, the National Health Insurance Administration (NHIA) and the National Immigration Agency integrated patients' past 14-day travel history with their NHI identification card data from the NHIA; this was accomplished in 1 day. Taiwan citizens' household registration system and the foreigners' entry card allowed the government to track individuals at high risk because of recent travel history in affected areas. Those identified as high risk (under home quarantine) were monitored electronically through their mobile phones. On January 30, the NHIA database was expanded to cover the past 14-day travel history for patients from China, Hong Kong, and Macau. On February 14, the Entry Quarantine System was launched, so travelers can complete the health declaration form by scanning a QR code that leads to an online form, either prior to departure from or upon arrival at a Taiwan airport. A mobile health declaration pass was then sent via SMS to phones using a local telecom operator, which allowed for faster immigration clearance for those with minimal risk. This system was created within a 72-hour period. On February 18, the government announced that all hospitals, clinics, and pharmacies in Taiwan would have access to patients' travel histories.</p></section>\n<section><header>Resource Allocation: Logistics and Operations</header>\n<p>The CECC took an active role in resource allocation, including setting the price of masks and using government funds and military personnel to increase mask production. On January 20, the Taiwan CDC announced that the government had under its control a stockpile of 44 million surgical masks, 1.9 million N95 masks, and 1100 negative-pressure isolation rooms.</p></section>\n<section><header>Communications and Politics</header>\n<p>Reassure and Educate the Public, While Fighting Misinformation</p>\n<p>In addition to daily press briefings by the minister of health and welfare the CECC, the vice president of Taiwan, a prominent epidemiologist, gave regular public service announcements broadcast from the office of the president and made available via the internet. These announcements included when and where to wear a mask, the importance of handwashing, and the danger of hoarding masks to prevent them from becoming unavailable to frontline health workers. The CECC also made plans to assist schools, businesses, and furloughed workers (eTable in the Supplement).</p></section>\n<section><header>Taiwan's Outcomes so Far (as of February 24) Interim Outcomes</header>\n<p>The CECC has communicated to the public in a clear and compassionate manner. Based on a poll of 1079 randomly selected people conducted by the Taiwan Public Opinion Foundation on February 17 and 18, the minister of health and welfare received approval ratings of more than 80% for his handling of the crisis, and the president and the premier received an overall approval rating of close to 70%. As of February 24, Taiwan has 30 cases of COVID-19. These cases represent the 10th-highest case number among countries affected thus far, but far fewer than the initial models predicting that Taiwan would have the second-highest importation risk.</p></section>\n<section><header>Challenges</header>\n<p>First, real-time public communications were mostly in Mandarin Chinese and sign language. Other than the Taiwan CDC website, there was not enough communication in different languages to non-Taiwanese citizens traveling or residing in Taiwan. Second, while its attention was focused on air travel, Taiwan permitted the docking of the Diamond Princess cruise ship and allowed passengers to disembark in Keelung, near New Taipei City, on January 31, before the ship left for Japan. The ship was subsequently found to have numerous confirmed infections onboard. This created a temporary public panic with concern about community spread. The government published the 50 locations where the cruise ship travelers may have visited and asked citizens who may have been in contact with the tour group to conduct symptom monitoring and self-quarantine if necessary. None were confirmed to have COVID-19 after 14 days had passed. Third, whether the intensive nature of these policies can be maintained until the end of the epidemic and continue to be well received by the public is unclear.</p></section>\n<section><header>Conclusions</header>\n<p>Taiwan's government learned from its 2003 SARS experience and established a public health response mechanism for enabling rapid actions for the next crisis. Well-trained and experienced teams of officials were quick to recognize the crisis and activated emergency management structures to address the emerging outbreak.</p>\n<p>In a crisis, governments often make difficult decisions under uncertainty and time constraints. These decisions must be both culturally appropriate and sensitive to the population. Through early recognition of the crisis, daily briefings to the public, and simple health messaging, the government was able to reassure the public by delivering timely, accurate, and transparent information regarding the evolving epidemic. Taiwan is an example of how a society can respond quickly to a crisis and protect the interests of its citizens.</p></section></content>",
    "ctr": 0.1,
    "custom_score": 1.0,
    "id": {
        "dois": [
            "10.1001/jama.2020.3151"
        ]
    },
    "issued_at": 1586822400,
    "languages": [
        "en"
    ],
    "links": [
        {
            "cid": "bafkr4iejmbvjzzsfht2t5j6mcpew53u7hkyjthy4ddkqi2fmpnr2bt3c7e",
            "extension": "pdf",
            "filesize": 99669,
            "md5": "9e525c36078735e460de968b941b67cd",
            "type": "primary"
        }
    ],
    "metadata": {
        "container_title": "JAMA",
        "first_page": 1341,
        "issns": [
            "0098-7484"
        ],
        "issue": "14",
        "publisher": "American Medical Association (AMA)",
        "volume": "323"
    },
    "page_rank": 0.5986965,
    "referenced_by_count": 1016,
    "tags": [
        "General Medicine"
    ],
    "title": "Response to COVID-19 in Taiwan: Big Data Analytics, New Technology, and Proactive Testing",
    "type": "journal-article",
    "updated_at": 1694040103
}