{
    "abstract": "<abstract><section><header>Objective:</header><p>To assess the effects of supplementation with oral potassium on blood pressure in humans.<p></section><section><header>Design:</header><p>Meta-analysis of randomized controlled trials.<p></section><section><header>Data sources:</header><p>English-language articles published before july 1995.<p></section><section><header>Study selection:</header><p>Thirty-three randomized controlled trials (2609 participants) in which potassium supplementation was the only difference between the intervention and control conditions.<p></section><section><header>Data extraction:</header><p>Using a standardized protocol, 2 of us independently abstracted information on sample size, duration, study design, potassium dose, participant characteristics, and treatment results.<p></section><section><header>Results:</header><p>By means of a random-effects model, findings from individual trials were pooled, after results for each trial were weighted by the inverse of its variance. an extreme effect of potassium in lowering blood pressure was noted in 1 trial. after exclusion of this trial, potassium supplementation was associated with a significant reduction in mean (95% confidence interval) systolic and diastolic blood pressure of -3.11 mm hg (-1.91 to -4.31 mm hg) and -1.97 mm hg (-0.52 to -3.42 mm hg), respectively. effects of treatment appeared to be enhanced in studies in which participants were concurrently exposed to a high intake of sodium.<p></section><section><header>Conclusions:</header><p>Our results support the premise that low potassium intake may play an important role in the genesis of high blood pressure. increased potassium intake should be considered as a recommendation for prevention and treatment of hypertension, especially in those who are unable to reduce their intake of sodium.<p></section></abstract>",
    "authors": [
        {
            "family": "Whelton",
            "given": "Paul K."
        }
    ],
    "ctr": 0.1,
    "custom_score": 1.0,
    "id": {
        "dois": [
            "10.1001/jama.1997.03540440058033"
        ],
        "pubmed_id": 9168293
    },
    "issued_at": 864774000,
    "languages": [
        "en"
    ],
    "metadata": {
        "container_title": "JAMA",
        "first_page": 1624,
        "issns": [
            "0098-7484"
        ],
        "issue": "20",
        "last_page": 1632,
        "volume": "277"
    },
    "page_rank": 0.45445344,
    "referenced_by_count": 633,
    "tags": [
        "Administration, Oral",
        "Blood Pressure",
        "Food, Fortified",
        "Humans",
        "Hypertension",
        "Potassium",
        "Randomized Controlled Trials as Topic",
        "Sodium",
        "Statistics as Topic"
    ],
    "title": "Effects of Oral Potassium on Blood Pressure: Meta-analysis of Randomized Controlled Clinical Trials",
    "type": "journal-article",
    "updated_at": 1695748777
}