{
    "authors": [
        {
            "family": "Garcia-Ruiz",
            "given": "Antonio"
        }
    ],
    "ctr": 0.1,
    "custom_score": 1.0,
    "id": {
        "dois": [
            "10.1001/archsurg.133.9.957"
        ]
    },
    "issued_at": 904608000,
    "languages": [
        "en"
    ],
    "metadata": {
        "container_title": "Archives of Surgery",
        "first_page": 957,
        "issns": [
            "0004-0010"
        ],
        "issue": "9",
        "volume": "133"
    },
    "page_rank": 0.8034257,
    "referenced_by_count": 109,
    "tags": [
        "Surgery"
    ],
    "title": "Manual vs Robotically Assisted Laparoscopic Surgery in the Performance of Basic Manipulation and Suturing Tasks",
    "type": "journal-article",
    "updated_at": 1693698890
}