{
    "authors": [
        {
            "family": "Anderson",
            "given": "Alyce M."
        },
        {
            "family": "Matsumoto",
            "given": "Martha"
        },
        {
            "family": "Saul",
            "given": "Melissa I."
        },
        {
            "family": "Secrest",
            "given": "Aaron M."
        },
        {
            "family": "Ferris",
            "given": "Laura K."
        }
    ],
    "ctr": 0.1,
    "custom_score": 1.0,
    "id": {
        "dois": [
            "10.1001/jamadermatol.2018.0212"
        ]
    },
    "issued_at": 1525132800,
    "languages": [
        "en"
    ],
    "metadata": {
        "container_title": "JAMA Dermatology",
        "first_page": 569,
        "issns": [
            "2168-6068"
        ],
        "issue": "5",
        "volume": "154"
    },
    "page_rank": 0.25450766,
    "referenced_by_count": 49,
    "references": [
        {
            "doi": "10.1016/j.amepre.2012.07.031",
            "type": "reference"
        },
        {
            "doi": "10.1001/jamadermatol.2017.5558",
            "type": "reference"
        },
        {
            "doi": "10.1001/archdermatol.2012.893",
            "type": "reference"
        },
        {
            "doi": "10.1001/jamadermatol.2015.0173",
            "type": "reference"
        },
        {
            "doi": "10.1001/jamadermatol.2014.1773",
            "type": "reference"
        },
        {
            "doi": "10.1016/j.jaad.2017.06.030",
            "type": "reference"
        },
        {
            "doi": "10.1016/j.jaad.2017.11.033",
            "type": "reference"
        },
        {
            "doi": "10.1016/j.clindermatol.2011.06.022",
            "type": "reference"
        }
    ],
    "tags": [
        "Dermatology"
    ],
    "title": "Accuracy of Skin Cancer Diagnosis by Physician Assistants Compared With Dermatologists in a Large Health Care System",
    "type": "journal-article",
    "updated_at": 1693670749
}