{
    "authors": [
        {
            "family": "Laing",
            "given": "Susan T."
        }
    ],
    "ctr": 0.1,
    "custom_score": 1.0,
    "id": {
        "dois": [
            "10.1001/jama.2017.5781"
        ]
    },
    "issued_at": 1498521600,
    "languages": [
        "en"
    ],
    "metadata": {
        "container_title": "JAMA",
        "first_page": 2543,
        "issns": [
            "0098-7484"
        ],
        "issue": "24",
        "volume": "317"
    },
    "page_rank": 0.15491019,
    "referenced_by_count": 4,
    "tags": [
        "General Medicine"
    ],
    "title": "High-Intensity Statins: Guideline Expectations and Clinical Application",
    "type": "journal-article",
    "updated_at": 1693673111
}