{
    "authors": [
        {
            "family": "Veenstra",
            "given": "David L."
        },
        {
            "family": "Saint",
            "given": "Sanjay"
        },
        {
            "family": "Saha",
            "given": "Somnath"
        },
        {
            "family": "Lumley",
            "given": "Thomas"
        },
        {
            "family": "Sullivan",
            "given": "Sean D."
        }
    ],
    "ctr": 0.1,
    "custom_score": 1.0,
    "id": {
        "dois": [
            "10.1001/jama.281.3.261"
        ]
    },
    "issued_at": 916790400,
    "languages": [
        "en"
    ],
    "metadata": {
        "container_title": "JAMA",
        "first_page": 261,
        "issns": [
            "0098-7484"
        ],
        "issue": "3",
        "volume": "281"
    },
    "page_rank": 0.7000579,
    "referenced_by_count": 412,
    "tags": [
        "General Medicine"
    ],
    "title": "Efficacy of Antiseptic-Impregnated Central Venous Catheters in Preventing Catheter-Related Bloodstream Infection: A Meta-analysis",
    "type": "journal-article",
    "updated_at": 1693698564
}