{
    "authors": [
        {
            "family": "Presley",
            "given": "Carolyn J."
        },
        {
            "family": "Tang",
            "given": "Daiwei"
        },
        {
            "family": "Soulos",
            "given": "Pamela R."
        },
        {
            "family": "Chiang",
            "given": "Anne C."
        },
        {
            "family": "Longtine",
            "given": "Janina A."
        },
        {
            "family": "Adelson",
            "given": "Kerin B."
        },
        {
            "family": "Herbst",
            "given": "Roy S."
        },
        {
            "family": "Zhu",
            "given": "Weiwei"
        },
        {
            "family": "Nussbaum",
            "given": "Nathan C."
        },
        {
            "family": "Sorg",
            "given": "Rachael A."
        },
        {
            "family": "Agarwala",
            "given": "Vineeta"
        },
        {
            "family": "Abernethy",
            "given": "Amy P."
        },
        {
            "family": "Gross",
            "given": "Cary P."
        }
    ],
    "ctr": 0.1,
    "custom_score": 1.0,
    "id": {
        "dois": [
            "10.1001/jama.2018.9824"
        ]
    },
    "issued_at": 1533600000,
    "languages": [
        "en"
    ],
    "metadata": {
        "container_title": "JAMA",
        "first_page": 469,
        "issns": [
            "0098-7484"
        ],
        "issue": "5",
        "volume": "320"
    },
    "page_rank": 0.19151434,
    "referenced_by_count": 90,
    "references": [
        {
            "doi": "10.1097/00005650-199801000-00004",
            "type": "reference"
        },
        {
            "doi": "10.1080/01621459.1996.10476680",
            "type": "reference"
        },
        {
            "doi": "10.1146/annurev.publhealth.19.1.17",
            "type": "reference"
        },
        {
            "doi": "10.1200/jco.2001.19.4.1064",
            "type": "reference"
        },
        {
            "doi": "10.1056/nejmoa1214886",
            "type": "reference"
        },
        {
            "doi": "10.1001/jama.2014.3741",
            "type": "reference"
        },
        {
            "doi": "10.1038/nm.4333",
            "type": "reference"
        },
        {
            "doi": "10.1200/jco.2014.60.4165",
            "type": "reference"
        },
        {
            "doi": "10.1158/1078-0432.ccr-13-3473",
            "type": "reference"
        },
        {
            "doi": "10.1001/jama.2017.11137",
            "type": "reference"
        },
        {
            "doi": "10.6004/jnccn.2017.0050",
            "type": "reference"
        },
        {
            "doi": "10.1002/(issn)1097-0258",
            "type": "reference"
        },
        {
            "doi": "10.1016/s1470-2045(15)00188-6",
            "type": "reference"
        },
        {
            "doi": "10.3390/jpm5040470",
            "type": "reference"
        },
        {
            "doi": "10.1053/j.seminoncol.2014.05.002",
            "type": "reference"
        },
        {
            "doi": "10.1503/cmaj.110977",
            "type": "reference"
        },
        {
            "doi": "10.1200/jco.2017.72.3742",
            "type": "reference"
        },
        {
            "doi": "10.1097/01.ede.0000193606.58671.c5",
            "type": "reference"
        },
        {
            "doi": "10.1056/nejmsb1607705",
            "type": "reference"
        },
        {
            "doi": "10.1001/jama.2013.3239",
            "type": "reference"
        },
        {
            "doi": "10.1158/1078-0432.ccr-14-0603",
            "type": "reference"
        },
        {
            "doi": "10.1200/jco.2011.40.1315",
            "type": "reference"
        },
        {
            "doi": "10.1200/jco.2008.21.3652",
            "type": "reference"
        },
        {
            "doi": "10.21037/atm",
            "type": "reference"
        },
        {
            "doi": "10.1200/jco.2017.35.15_suppl.9056",
            "type": "reference"
        },
        {
            "doi": "10.1200/jco.2017.35.15_suppl.9054",
            "type": "reference"
        },
        {
            "doi": "10.1038/537s63a",
            "type": "reference"
        },
        {
            "doi": "10.1200/jco.2017.35.15_suppl.9055",
            "type": "reference"
        },
        {
            "doi": "10.1001/jamaoncol.2016.0075",
            "type": "reference"
        },
        {
            "doi": "10.1200/jco.2012.43.5297",
            "type": "reference"
        },
        {
            "doi": "10.1111/bjo.2015.122.issue-7",
            "type": "reference"
        },
        {
            "doi": "10.1002/sim.v29:28",
            "type": "reference"
        },
        {
            "doi": "10.1002/cncr.v123.s24",
            "type": "reference"
        },
        {
            "doi": "10.3332/ecancer.2016.684",
            "type": "reference"
        }
    ],
    "tags": [
        "General Medicine"
    ],
    "title": "Association of Broad-Based Genomic Sequencing With Survival Among Patients With Advanced Non–Small Cell Lung Cancer in the Community Oncology Setting",
    "type": "journal-article",
    "updated_at": 1693670095
}