{
    "authors": [
        {
            "family": "Kanagasingam",
            "given": "Yogesan"
        },
        {
            "family": "Xiao",
            "given": "Di"
        },
        {
            "family": "Vignarajan",
            "given": "Janardhan"
        },
        {
            "family": "Preetham",
            "given": "Amita"
        },
        {
            "family": "Tay-Kearney",
            "given": "Mei-Ling"
        },
        {
            "family": "Mehrotra",
            "given": "Ateev"
        }
    ],
    "ctr": 0.1,
    "custom_score": 1.0,
    "id": {
        "dois": [
            "10.1001/jamanetworkopen.2018.2665"
        ]
    },
    "issued_at": 1538092800,
    "languages": [
        "en"
    ],
    "metadata": {
        "container_title": "JAMA Network Open",
        "first_page": 182665,
        "issns": [
            "2574-3805"
        ],
        "issue": "5",
        "volume": "1"
    },
    "page_rank": 0.250808,
    "referenced_by_count": 94,
    "references": [
        {
            "doi": "10.1016/s0161-6420(03)00475-5",
            "type": "reference"
        },
        {
            "doi": "10.1001/jama.2016.17216",
            "type": "reference"
        },
        {
            "doi": "10.1001/jama.2010.1111",
            "type": "reference"
        },
        {
            "doi": "10.1007/s10916-010-9454-7",
            "type": "reference"
        },
        {
            "doi": "10.1016/j.ophtha.2010.03.046",
            "type": "reference"
        },
        {
            "doi": "10.1259/bjr/15168178",
            "type": "reference"
        },
        {
            "doi": "10.2337/dc06-1509",
            "type": "reference"
        },
        {
            "doi": "10.15226/2374-6890/2/4/00131",
            "type": "reference"
        },
        {
            "doi": "10.1136/bmjdrc-2016-000333",
            "type": "reference"
        },
        {
            "doi": "10.1001/jama.2015.107",
            "type": "reference"
        },
        {
            "doi": "10.1056/nejme1701820",
            "type": "reference"
        }
    ],
    "tags": [
        "General Medicine"
    ],
    "title": "Evaluation of Artificial Intelligence–Based Grading of Diabetic Retinopathy in Primary Care",
    "type": "journal-article",
    "updated_at": 1693669789
}