{
    "authors": [
        {
            "family": "Durbin",
            "given": "Mary K."
        },
        {
            "family": "An",
            "given": "Lin"
        },
        {
            "family": "Shemonski",
            "given": "Nathan D."
        },
        {
            "family": "Soares",
            "given": "Mário"
        },
        {
            "family": "Santos",
            "given": "Torcato"
        },
        {
            "family": "Lopes",
            "given": "Marta"
        },
        {
            "family": "Neves",
            "given": "Catarina"
        },
        {
            "family": "Cunha-Vaz",
            "given": "Jose"
        }
    ],
    "ctr": 0.1,
    "custom_score": 1.0,
    "id": {
        "dois": [
            "10.1001/jamaophthalmol.2017.0080"
        ]
    },
    "issued_at": 1491004800,
    "languages": [
        "en"
    ],
    "metadata": {
        "container_title": "JAMA Ophthalmology",
        "first_page": 370,
        "issns": [
            "2168-6165"
        ],
        "issue": "4",
        "volume": "135"
    },
    "page_rank": 0.25068855,
    "referenced_by_count": 223,
    "tags": [
        "Ophthalmology"
    ],
    "title": "Quantification of Retinal Microvascular Density in Optical Coherence Tomographic Angiography Images in Diabetic Retinopathy",
    "type": "journal-article",
    "updated_at": 1693673654
}