{
    "authors": [
        {
            "family": "Beam",
            "given": "Andrew L."
        },
        {
            "family": "Kohane",
            "given": "Isaac S."
        }
    ],
    "ctr": 0.1,
    "custom_score": 1.0,
    "id": {
        "dois": [
            "10.1001/jama.2017.18391"
        ]
    },
    "issued_at": 1522713600,
    "languages": [
        "en"
    ],
    "metadata": {
        "container_title": "JAMA",
        "first_page": 1317,
        "issns": [
            "0098-7484"
        ],
        "issue": "13",
        "volume": "319"
    },
    "page_rank": 0.2067522,
    "referenced_by_count": 804,
    "tags": [
        "General Medicine"
    ],
    "title": "Big Data and Machine Learning in Health Care",
    "type": "journal-article",
    "updated_at": 1693670904
}