{
    "authors": [
        {
            "family": "Miner",
            "given": "Adam S."
        },
        {
            "family": "Milstein",
            "given": "Arnold"
        },
        {
            "family": "Hancock",
            "given": "Jefferey T."
        }
    ],
    "ctr": 0.1,
    "custom_score": 1.0,
    "id": {
        "dois": [
            "10.1001/jama.2017.14151"
        ]
    },
    "issued_at": 1506988800,
    "languages": [
        "en"
    ],
    "metadata": {
        "container_title": "JAMA",
        "first_page": 1217,
        "issns": [
            "0098-7484"
        ],
        "issue": "13",
        "volume": "318"
    },
    "page_rank": 0.2331017,
    "referenced_by_count": 50,
    "tags": [
        "General Medicine"
    ],
    "title": "Talking to Machines About Personal Mental Health Problems",
    "type": "journal-article",
    "updated_at": 1693672437
}