{
    "authors": [
        {
            "family": "Morgan",
            "given": "Daniel J."
        },
        {
            "family": "Dhruva",
            "given": "Sanket S."
        },
        {
            "family": "Wright",
            "given": "Scott M."
        },
        {
            "family": "Korenstein",
            "given": "Deborah"
        }
    ],
    "ctr": 0.1,
    "custom_score": 1.0,
    "id": {
        "dois": [
            "10.1001/jamainternmed.2016.5381"
        ]
    },
    "issued_at": 1477958400,
    "languages": [
        "en"
    ],
    "metadata": {
        "container_title": "JAMA Internal Medicine",
        "first_page": 1687,
        "issns": [
            "2168-6106"
        ],
        "issue": "11",
        "volume": "176"
    },
    "page_rank": 0.18129492,
    "referenced_by_count": 74,
    "tags": [
        "Internal Medicine"
    ],
    "title": "2016 Update on Medical Overuse: A Systematic Review",
    "type": "journal-article",
    "updated_at": 1693674922
}