{
    "authors": [
        {
            "family": "Lloyd-Jones",
            "given": "Donald M."
        },
        {
            "family": "Wilson",
            "given": "Peter W. F."
        },
        {
            "family": "Larson",
            "given": "Martin G."
        },
        {
            "family": "Leip",
            "given": "Eric"
        },
        {
            "family": "Beiser",
            "given": "Alexa"
        },
        {
            "family": "D'Agostino",
            "given": "Ralph B."
        },
        {
            "family": "Cleeman",
            "given": "James I."
        },
        {
            "family": "Levy",
            "given": "Daniel"
        }
    ],
    "ctr": 0.1,
    "custom_score": 1.0,
    "id": {
        "dois": [
            "10.1001/archinte.163.16.1966"
        ]
    },
    "issued_at": 1062979200,
    "languages": [
        "en"
    ],
    "metadata": {
        "container_title": "Archives of Internal Medicine",
        "first_page": 1966,
        "issns": [
            "0003-9926"
        ],
        "issue": "16",
        "publisher": "American Medical Association (AMA)",
        "volume": "163"
    },
    "page_rank": 0.16717714,
    "referenced_by_count": 94,
    "tags": [
        "Internal Medicine"
    ],
    "title": "Lifetime Risk of Coronary Heart Disease by Cholesterol Levels at Selected Ages",
    "type": "journal-article",
    "updated_at": 1694822905
}