{
    "authors": [
        {
            "family": "Ehrhardt",
            "given": "Stephan"
        },
        {
            "family": "Appel",
            "given": "Lawrence J."
        },
        {
            "family": "Meinert",
            "given": "Curtis L."
        }
    ],
    "ctr": 0.1,
    "custom_score": 1.0,
    "id": {
        "dois": [
            "10.1001/jama.2015.12206"
        ]
    },
    "issued_at": 1450137600,
    "languages": [
        "en"
    ],
    "metadata": {
        "container_title": "JAMA",
        "first_page": 2566,
        "issns": [
            "0098-7484"
        ],
        "issue": "23",
        "volume": "314"
    },
    "page_rank": 0.24632055,
    "referenced_by_count": 82,
    "tags": [
        "General Medicine"
    ],
    "title": "Trends in National Institutes of Health Funding for Clinical Trials Registered in ClinicalTrials.gov",
    "type": "journal-article",
    "updated_at": 1693677003
}