{
    "authors": [
        {
            "family": "Smyth",
            "given": "Joshua M."
        },
        {
            "family": "Stone",
            "given": "Arthur A."
        },
        {
            "family": "Hurewitz",
            "given": "Adam"
        },
        {
            "family": "Kaell",
            "given": "Alan"
        }
    ],
    "ctr": 0.1,
    "custom_score": 1.0,
    "id": {
        "dois": [
            "10.1001/jama.281.14.1304"
        ]
    },
    "issued_at": 924048000,
    "languages": [
        "en"
    ],
    "metadata": {
        "container_title": "JAMA",
        "first_page": 1304,
        "issns": [
            "0098-7484"
        ],
        "issue": "14",
        "volume": "281"
    },
    "page_rank": 0.5537206,
    "referenced_by_count": 518,
    "tags": [
        "General Medicine"
    ],
    "title": "Effects of Writing About Stressful Experiences on Symptom Reduction in Patients With Asthma or Rheumatoid Arthritis: A Randomized Trial",
    "type": "journal-article",
    "updated_at": 1693698446
}