{
    "abstract": "IMPORTANCE Current methods for identifying hospitalized patients at increased risk of delirium require nurse-administered questionnaires with moderate accuracy. OBJECTIVE To develop and validate a machine learning model that predicts incident delirium risk based on electronic health data available on admission.\nDESIGN, SETTING, AND PARTICIPANTS\nRetrospective cohort study evaluating 5 machine learning algorithms to predict delirium using 796 clinical variables identified by an expert panel as relevant to delirium prediction and consistently available in electronic health records within 24 hours of admission. The training set comprised 14 227 adult patients with non-intensive care unit hospital stays and no delirium on admission who were discharged between January 1, 2016, and August 31, 2017, from UCSF Health, a large academic health institution. The test set comprised 3996 patients with hospital stays who were discharged between August 1, 2017, and November 30, 2017.EXPOSURES Patient demographic characteristics, diagnoses, nursing records, laboratory results, and medications available in electronic health records during hospitalization.\nMAIN OUTCOMES AND MEASURES Delirium was defined as a positive Nursing Delirium Screening\nScale or Confusion Assessment Method for the Intensive Care Unit score. Models were assessed using the area under the receiver operating characteristic curve (AUC) and compared against the 4-point scoring system AWOL (age >79 years, failure to spell world backward, disorientation to place, and higher nurse-rated illness severity), a validated delirium risk-assessment tool routinely administered in this cohort.\nRESULTS\nThe training set included 14 227 patients (5113 [35.9%] aged >64 years; 7335 [51.6%] female; 687 [4.8%] with delirium), and the test set included 3996 patients (1491 [37.3%] aged >64 years; 1966 [49.2%] female; 191 [4.8%] with delirium). In total, the analysis included 18 223 hospital admissions (6604 [36.2%] aged >64 years; 9301 [51.0%] female; 878 [4.8%] with delirium). The AWOL system achieved a baseline AUC of 0.678. The gradient boosting machine model performed best, with an AUC of 0.855. Setting specificity at 90%, the model had a 59.7% (95% CI, 52.4%-66.7%) sensitivity, 23.1% (95% CI, 20.5%-25.9%) positive predictive value, 97.8% (95% CI, 97.4%-98.1%) negative predictive value, and a number needed to screen of 4.8. Penalized logistic regression and random forest models also performed well, with AUCs of 0.854 and 0.848, respectively.(continued) Key Points Question Can machine learning be used to predict incident delirium in newly hospitalized patients using only data available in the electronic health record shortly after admission? Findings In this cohort study, classification models were trained using 5 different machine learning algorithms on 14 227 hospital stays and validated on a prospective test set of 3996 hospital stays. The gradient boosting machine model performed best, with an area under the receiver operating characteristic curve of 0.855. Meaning Machine learning can accurately predict delirium risk using electronic health record data on admission and outperforms the nurseadministered prediction rules currently used.",
    "authors": [
        {
            "family": "Wong",
            "given": "Andrew"
        },
        {
            "family": "Young",
            "given": "Albert T."
        },
        {
            "family": "Liang",
            "given": "April S."
        },
        {
            "family": "Gonzales",
            "given": "Ralph"
        },
        {
            "family": "Douglas",
            "given": "Vanja C."
        },
        {
            "family": "Hadley",
            "given": "Dexter"
        }
    ],
    "content": "Introduction\nDelirium is common in hospitalized patients, with a prevalence of 18% to 35% and incidence of 11% to 14% in general medical wards, and is independently associated with poor health outcomes. It contributes between $38 billion and $152 billion per year to US health care costs. Current data suggest hospital-acquired incident delirium can be prevented in up to 53% of patients. Prevention strategies, however, are nonpharmacologic and therefore resource and personnel intensive. Accurate prediction of delirium risk could allow more precise targeting of high-risk patients and thereby greater resource stewardship and, potentially, improved patient outcomes.Existing clinical delirium risk prediction tools have achieved areas under the receiver operating characteristic curve (AUCs) of 0.69 to 0.81. For example, UCSF Health (the University of California, San Francisco, Medical Center system) uses the AWOL screening tool to calculate delirium risk for newly admitted patients. This tool assigns 1 point for each of the following criteria: age greater than 79 years; inability to spell world backward; disorientation to city, state, county, hospital name, or floor; and nurse-rated moderate or severe illness severity. A score of 2 points or greater indicates high risk and helps direct hospital resources for delirium prevention (eg, rehabilitation services, patient care assistants, volunteers). A recent prospective cohort study at our institution found AWOL achieved an AUC of 0.73 on hospitalized patients aged 50 years or older. However, AWOL and other score-based delirium risk prediction tools often rely on questionnaires administered by health care professionals (eg, Mini-Mental State Examination), nonroutine clinical data (nursing subjective illness severity assessment), or additional calculations (eg, Acute Physiology and Chronic Health Evaluation score), making their integration into routine clinical workflow impractical. An external validation study of 4 such risk stratification tools describes the need to adapt and simplify prediction rules to allow use with routine clinical assessment data. Additionally, these tool development studies contain several limitations, including small sample size (N < 500), limitation of potential predictors to only those known a priori to be associated with delirium, and substantially lower performance on prospective validation compared with the retrospective cohort. Furthermore, existing tools recapitulate well-studied delirium risk factors, such as cognitive impairment at baseline, delirium on admission, and severe illness. For this subpopulation of patients with unambiguous risk of developing hospital-acquired delirium, UCSF Health routinely provides delirium prevention precautions. However, it remains of crucial importance to identify and intervene on behalf of patients with elevated risk of incident delirium who lack these apparent risk factors on admission.We developed and validated a machine learning model to predict hospital-acquired incident delirium in patients without baseline cognitive impairment, based only on data available in the electronic health record (EHR) within 24 hours of admission. To our knowledge, our data set of 18 223 hospitalization records represents the largest used to train and validate any delirium prediction model. Such an approach allows for (1) analysis of hundreds of clinical variables, (2) automated prediction without additional screening steps, thus reducing the burden on health care professionals, and (3) an application that may be readily integrated into the EHR for clinical decision support.\nJAMA Network Open | Health Informatics\nEHR-Based Machine Learning to Estimate Delirium Risk in Newly Hospitalized Patients\nMethods\nEthical Review of Study and Waiver of Consent\nThe institutional review board at UCSF reviewed the protocol for this study and approved it as a quality improvement investigation. A waiver of written informed consent was granted by the UCSF institutional review board for this study. All data used in the study were deidentified prior to use.\nStudy Population\nStudy data were collected retrospectively from UCSF Health's EHRs. Unique hospitalizations, defined by contact serial numbers (CSNs), were included for adult patients discharged from UCSF Health between January 1, 2016, and November 30, 2017, and who had at least 1 Nursing Delirium Screening Scale (Nu-DESC) or Confusion Assessment Method for the Intensive Care Unit (CAM-ICU) screen performed within 30 days of admission. Inclusion and exclusion criteria are summarized in Figure .We excluded CSNs if patients were admitted with delirium, altered mental status, or illness severity requiring ICU admission, defined by 1 or more of the following: ( patient not alert and oriented to person, time, and place on admission; (5) patient admitted to the ICU, or transferred to the ICU within 24 hours after admission; and (6) patient spent time in the ICU and was unable to be assessed by CAM-ICU at any point. The first 5 criteria were chosen to exclude patients who were delirious on admission, those with obvious cognitive impairment, and patients receiving delirium interventions as part of routine care because of their presentation; the last criterion was chosen to avoid false-negatives in ICU patients.The training set encompassed CSNs from discharges between January 1, 2016, and August 31, 2017; the test set comprised discharges between August 1, 2017, and November 30, 2017.Race and ethnicity information was collected from the EHR patient demographics. Patients are asked to self-report their race and ethnicity at the time of hospital registration.\nOutcome Assessment\nNurses at UCSF Health collect Nu-DESC 14 and CAM-ICU scores every 12 hours in medical-surgical units and the ICU, respectively, to screen for incident delirium. Incident delirium was defined as a Nu-DESC score of 2 or greater or a positive CAM-ICU result between 24 hours and 30 days after admission. We also performed a sensitivity analysis defining delirium as a Nu-DESC score of 1 or greater, which has a higher sensitivity for detecting delirium with a mild decrease in specificity.\nVariable Selection\nWe with the possibility of each medication being assigned multiple categories. For categorical variables, missing values were assigned to their own null category. For continuous variables, missing values were set to 0 and an indicator variable was added.The first value in alphabetical order for each categorical variable was chosen as the reference category, and the lowest value was chosen as the reference category for continuous variables.\nModel Training and Validation\nWe tested performance of 5 machine learning models in comparison to AWOL. Algorithms (R package implementation) comprised penalized logistic regression (glmnet), gradient boosting machine (gbm), artificial neural network with a single hidden layer (nnet), linear support vector machine (e1071), and random forest (randomForest). Using the R caret package, hyperparameters for each model were optimized with 3 repeats of 5-fold cross-validation, then fit to the entire training set. We then assessed each model by computing the AUC on the complete test set and the subset of hospitalizations in which an AWOL was performed. Model reporting complies with the Transparent Reporting of a Multivariable Prediction Model for Individual Prognosis or Diagnosis (TRIPOD) reporting guideline. Code and models have been made available at https://github.com/ayoung01/delirium.\nStatistical Analysis\nWe compared AUCs using a DeLong test for 2 correlated receiver operating characteristic (ROC) curves. A 2-sided level of significance of .05 was applied to general comparisons. All analyses were performed using R statistical software version 3.4.1 (R Project for Statistical Computing).\nResults\nFrom 29 359 CSNs, we excluded 11 136 CSNs for delirium on admission or admission to the ICU (Figure ). The rate of delirium in the cohort prior to application of the exclusion criteria was From 796 initial variables, GBM selected 345 variables, LR selected 114, and RF selected 588.The 40 most predictive variables occurring in at least 10 samples from GBM are summarized in Table and Table . In addition, we report whether these predictors were selected among the top 50 variables by LR and RF.Using a more sensitive definition of delirium (replacing Nu-DESC score Ն2 with Nu-DESC score Ն1), AWOL achieved a baseline AUC of 0.666, and the AUCs for GBM, LR, RF, artificial neural networks (ANN), and support vector machine models achieved AUCs of 0.822, 0.820, 0.811, 0.736, and 0.759, respectively, on the complete test set (eFigure 5 in the Supplement). The P values for a DeLong test comparing ROC curves calculated using the definitions of Nu-DESC score greater than or equal to 1 and Nu-DESC score greater than or equal to 2 are .19, .19, .12, .44, and .046, for GBM, LR, RF, ANN, and support vector machine models, respectively.We conducted a sensitivity analysis to test for bias introduced by patients with multiple hospitalizations by removing the 702 medical record numbers (19.9%) in the test set that overlapped with those of the training set, but performance of the GBM model was unaffected (AUC, 0.857).\nDiscussion\nThis study demonstrates that machine learning models outperform current clinical tools used to assess delirium risk. In comparison with AWOL, which was found to have an NNS of 11.1 at the threshold of AWOL greater than or equal to 2, our GBM model achieves an NNS of 4.8 while maintaining a higher sensitivity than AWOL, suggesting that fewer than half as many patients would As with any diagnostic test, the choice of threshold for specificity or sensitivity depends on the interventions triggered by a positive screen. A high specificity threshold may be preferred for delirium prevention interventions that are resource intensive; this would correspond to a high negative predictive value and require fewer interventions to be performed. However, a higher specificity threshold comes at a cost in sensitivity: 83 of 191 cases of incident delirium (43.5%) were missed by the model with 90% specificity. Conversely, high sensitivity may be preferred for low-cost, low-risk interventions in which the goal is to capture all potential delirium cases, while acknowledging a higher NNS and the intervention being administered unnecessarily to more patients.Our GBM model recovers many known delirium risk factors including advanced age, illness severity, functional or mobility impairment, alcohol misuse, and psychoactive or sedative drugs, and results were largely consistent between top-performing models. We excluded patients with delirium on presentation and obvious baseline cognitive dysfunction (ie, not oriented to person, time, or place) because these patients would receive delirium prevention measures without the need for a risk-assessment tool; therefore, a clear marker of dementia was not expected to be recovered in our model. Nevertheless, it is likely that some of the recovered variables are surrogates for baseline cognitive dysfunction, such as dependence for activities of daily living. The large sample size also allowed identification of variables less commonly associated with delirium, including nursing data fields (eg, urinary incontinence), vital signs, medications (eg, antimanic agents including lithium and valproic acid), and select comorbidities (eg, peripheral vascular disease). Although delirium is usually considered to disproportionately affect the elderly, it also occurs in younger patients, with a prevalence of 4.7% and an incidence as high as 14% in high-risk groups. Unlike previous studies that focus only on older populations, our study does not exclude patients based on age. At the 90% specificity threshold, our GBM model predicted delirium correctly in patients as young as 22 years, with 46 of 114 of true positives (40.4%) in patients younger than 65 years, suggesting that our model is accurately predicting delirium, even in populations younger than those traditionally studied.\nLimitations\nThe incidence of delirium reported in our data set (4.8%) is lower than the national incidence (11%-14%). This discrepancy is likely due to the younger age (mean [SD] age, 57.1 [17.2] years) of our study population as well as the strict exclusion criteria of the study. Indeed, the rate of incident delirium in the overall cohort prior to application of exclusion criteria was 13.5%. The goal of this study was to develop a model to predict incident delirium within the hospital to implement preventive measures prior to delirium onset. Thus, our exclusion criteria were specifically chosen to eliminate any patients who were delirious on admission or known to have high risk of developing incident delirium. In practice, nonpharmacologic delirium prevention measures are already applied to both these subsets of patients. The high prevalence of delirium among excluded patients, which translates to an NNS of 2.7, suggests the exclusion criteria correctly identified the group of patients known to have an elevated risk.It is possible that some cases of delirium were missed using the Nu-DESC because it was not performed, performed incorrectly, or performed correctly but with false-negative results. In addition, some cases were missed because several general medical units that have the highest rates of delirium only began routine delirium screening in January 2017.Although they represent important risk factors for delirium, microbiology, radiology, pathology, and procedures were not included as potential predictors because of their high dimensionality or unavailability within the first 24 hours of admission. However, some of these risk factors may be inferred from other variables in our data set: for example, fever, leukocytosis, and treatment with anti-infective agents would suggest infection otherwise captured on blood cultures. Deliriogenic interventions such as feeding tubes, Foley catheters, and physical restraints are captured by our data set.We recognize that newer predictive models such as ANNs have been shown to outperform older models such as GBM, RF, and LR in prediction accuracy. However, such models require more computational power and larger training data sets and are far more technically challenging to integrate into clinical workflow. With the goal of creating a usable clinical tool in mind, the use of simpler models is more appropriate for many institutions at this time. However, the use of more advanced models for delirium prediction remains promising and should be explored in the future.Ensemble learning techniques have been shown to boost performance in models trained using fewer predictors, but were not pursued because of computational constraints.Incomplete EHR data, another limitation, was mitigated by explicitly modeling missing data through indicator variables, a method that was chosen for its simplicity and computational efficiency and has been shown to be effective for recurrent neural networks. Like recurrent neural networks, GBM, ANN, and RF can model interactions between missingness indicators and other observation inputs. However, linear models can only learn hard substitution rules with indicator variables and may provide biased results and lead to overfitting ; future experiments using alternative missing data methods such as imputation may yield better performance.Our test set includes only hospital stays discharged between August 1, 2017, and November 30, 2017, and is derived from the same institution as our training set. Higher incidence of delirium has been reported during the winter, which may limit generalizability to other times of year. Notably, the incidence of delirium in our training and test sets is identical across the calendar year, and there is no evidence of seasonality of delirium in our cohort (eFigure 2 in the Supplement). Finally, we",
    "ctr": 0.1,
    "custom_score": 1.0,
    "id": {
        "dois": [
            "10.1001/jamanetworkopen.2018.1018"
        ]
    },
    "issued_at": 1533254400,
    "languages": [
        "en"
    ],
    "links": [
        {
            "cid": "bafkr4idegrrd467gx4p63n3rm575yghwkd2bk6j3wsqhslmpne3aek66bu",
            "extension": "pdf",
            "filesize": 975831,
            "md5": "e87a1d1349a87868d63156f74e8ea5ad",
            "type": "primary"
        }
    ],
    "metadata": {
        "container_title": "JAMA Network Open",
        "first_page": 181018,
        "issns": [
            "2574-3805"
        ],
        "issue": "4",
        "volume": "1"
    },
    "page_rank": 0.2472022,
    "referenced_by_count": 80,
    "references": [
        {
            "doi": "10.2307/2531595",
            "type": "reference"
        },
        {
            "doi": "10.1001/jama.286.21.2703",
            "type": "reference"
        },
        {
            "doi": "10.1097/01.mlr.0000182534.19832.83",
            "type": "reference"
        },
        {
            "doi": "10.1016/j.jpainsymman.2004.07.009",
            "type": "reference"
        },
        {
            "doi": "10.1016/j.jclinepi.2006.01.015",
            "type": "reference"
        },
        {
            "doi": "10.1080/01621459.1996.10476680",
            "type": "reference"
        },
        {
            "doi": "10.1016/j.neunet.2014.09.003",
            "type": "reference"
        },
        {
            "doi": "10.1038/nature14539",
            "type": "reference"
        },
        {
            "doi": "10.1001/archinternmed.2007.4",
            "type": "reference"
        },
        {
            "doi": "10.7326/m14-0697",
            "type": "reference"
        },
        {
            "doi": "10.1001/jamainternmed.2014.7779",
            "type": "reference"
        },
        {
            "doi": "10.1093/aje/kws241",
            "type": "reference"
        },
        {
            "doi": "10.1016/s2213-2600(14)70239-5",
            "type": "reference"
        },
        {
            "doi": "10.1016/s0140-6736(13)60688-1",
            "type": "reference"
        },
        {
            "doi": "10.1136/bmjopen-2012-001772",
            "type": "reference"
        },
        {
            "doi": "10.7326/0003-4819-119-6-199309150-00005",
            "type": "reference"
        },
        {
            "doi": "10.1093/ageing/25.4.317",
            "type": "reference"
        },
        {
            "doi": "10.1016/j.jamda.2015.10.020",
            "type": "reference"
        },
        {
            "doi": "10.1093/ageing/afu173",
            "type": "reference"
        },
        {
            "doi": "10.1002/jhm.2062",
            "type": "reference"
        },
        {
            "doi": "10.1016/s0167-4943(01)00192-3",
            "type": "reference"
        },
        {
            "doi": "10.1093/ageing/afv177",
            "type": "reference"
        },
        {
            "doi": "10.1111/jocn.2018.27.issue-1pt2",
            "type": "reference"
        },
        {
            "doi": "10.1007/s11096-016-0312-7",
            "type": "reference"
        },
        {
            "doi": "10.1016/j.jpainsymman.2011.12.261",
            "type": "reference"
        },
        {
            "doi": "10.1016/j.gerinurse.2017.04.006",
            "type": "reference"
        },
        {
            "doi": "10.1111/jgs.1994.42.issue-8",
            "type": "reference"
        },
        {
            "doi": "10.1016/j.psym.2017.05.005",
            "type": "reference"
        }
    ],
    "tags": [
        "General Medicine"
    ],
    "title": "Development and Validation of an Electronic Health Record–Based Machine Learning Model to Estimate Delirium Risk in Newly Hospitalized Patients Without Known Cognitive Impairment",
    "type": "journal-article",
    "updated_at": 1693670112
}