{
    "abstract": "<abstract></abstract>",
    "authors": [
        {
            "family": "Sussman",
            "given": "Elliot J."
        }
    ],
    "content": "<content><section><p>The correct diagnosis of proliferative diabetic retinopathy is essential, because it is a treatable disease and missing the diagnosis can lead to the patient becoming blind. We examined the ability of internists and ophthalmol- ogists to diagnose proliferative retinopathy under optimal conditions. Twenty-three physicians performed retinal examinations on ten diabetic patients and one normal patient with dilated pupils. Physician examiners were members of a university medical center and included 10 internists, <ref target=\"#b1\" type=\"bibr\">2</ref> diabetologists, 4 senior medical residents, <ref target=\"#b3\" type=\"bibr\">4</ref> general ophthalmologists, and 3 ophthalmologists who were subspecialists in retinal disease. Correct diagnosis was determined separately by the consensus of three ophthalmologists specializing in retinal disease, who reviewed seven-view stereo fundus photographs and medical charts. Of a possible 483 individual eye examina- tions, 438 were completed. The overall error rate was 61%. The error rate for missing the diagnosis of proliferative retinopathy varied from 0% for retinal specialists to 49% for internists, diabetologists, and medical residents. We conclude that potentially serious mistakes in diagnosis are currently made by the physicians who care for most diabetic patients. Experience and specialized knowledge lessen the error rate. Further education or greater use of referrals may be necessary to provide optimal patient care.</p>\n<p>(JAMA 1982;247:3231-3234).</p>\n<p>DIABETES mellitus is currently the cians caring for patients with dia¬ betes recognize proliferative diabetic retinopathy, since treatment with la¬ ser photocoagulation prevents pro¬ gression of the disease and preserves vision.8 This study reports on the ability of physicians to diagnose dia¬ betic eye disease when patients are examined under optimal conditions.</p></section>\n<section><header>Methods</header></section>\n<section><header>Study</header>\n<p>Protocol Eleven patients with a spectrum of diabetic retinal disease who received their medical care from two university-affil¬ iated hospitals were selected to partici¬ pate. An effort was made to select patients with eye findings representative of com¬ mon types of diabetic retinal disease. No patient had received laser therapy. All patients gave informed consent.</p>\n<p>The patients were examined on two successive days under optimal clinical con¬ ditions. Patients were placed in individ¬ ual examination rooms, and their eyes were dilated with 1% tropicamide and 2.5% phenylephrine hydrochloride. Pa¬ tients were identified by number and were instructed not to provide any information about their eye disease to the examining physicians.</p>\n<p>Twenty-three university-affiliated phy¬ sicians, including 10 board-certified inter¬ nists, <ref target=\"#b3\" type=\"bibr\">4</ref> senior medical residents in their last month of training, 2 diabetologists, <ref target=\"#b3\" type=\"bibr\">4</ref> general ophthalmologists, and 3 ophthal¬ mologists who were subspecialists in reti¬ nal vascular disease (retinal specialists), agreed to participate in the study. None of the physicians had previously examined any of the patients. Exact criteria for diagnosis were not specified.</p>\n<p>All physicians were asked to perform fundus examinations on all patients. All ophthalmologists used indirect ophthalmoscopy, and all other physicians used direct ophthalmoscopy. There were no time limits, and the order of examination was not specified. Physicians were asked not to question patients or fellow examin¬ ers about their eye findings. Physicians recorded their findings on data-collection forms that specified anatomic region, diagnostic findings, and diagnostic impressions for right and left eyes sep¬ arately.</p>\n<p>F rom the Department of Medicine, Hospital of the University of Pennsylvania (Dr Sussman), the Scheie Eye Institute (Dr Tsiaras), and the Phila- delphia Veterans Administration Medical Center (Mr Soper), <ref type=\"bibr\">Philadelphia.</ref> Read in part before the 1981 national meetings of the American Federation for Clinical Research, April 27, 1981, and the American Diabetes Asso- ciation, <ref type=\"bibr\">June 15, 1981.</ref> The opinions and conclusions expressed herein are the authors' and do not necessarily represent those of the institutions that supported this work.</p>\n<p>Reprint requests to Hospital of the University of Pennsylvania, Box 624, 3400 Spruce St, Philadel- phia, PA 19104 (Dr Sussman).</p>\n<p>All patients had seven-view stereo pho¬ tographs taken of both fundi. Fluorescein angiograms were available for seven of the patients. The correct diagnosis was de¬ fined as the consensus opinion of three retinal specialists who in blind fashion reviewed the photographs and angiograms one week after the ophthalmoscopic exam¬ inations. This was the standard with which the physicians' diagnoses were com¬ pared. Two of the three retinal specialists had examined the patients one week previ¬ ously. In the single instance when there was not complete agreement among the three retinal specialists (proliferative dia¬ betic retinopathy v preproliferative dia¬ betic retinopathy), a simple majority determined the diagnosis. This process provided a consensus agreement for all findings and for correct diagnosis for all study eyes. Seven of the 21 eyes had proliferative diabetic retinopathy.</p></section>\n<section><header>Data Analysis</header>\n<p>Errors in diagnosis were investigated by calculating overall error rates and serious error rates. An overall error rate was defined as the proportion of instances in which physician examiners missed the correct diagnosis. The possible diagnoses were background retinopathy, diabetic maculopathy, preproliferative retinopa¬ thy, proliferative retinopathy, normal, or other. Missing the diagnosis of prolifera¬ tive diabetic retinopathy was defined as a serious error. The serious error rate was defined as the proportion of instances in which the examining physician diagnosed an eye with proliferative retinopathy as <ref target=\"#b0\" type=\"bibr\">(1)</ref> normal, (2) having another nondiabetic condition, or (3) as having background diabetic retinopathy. Erroneously diag¬ nosing an eye with proliferative disease as having diabetic maculopathy or preprolif¬ erative retinopathy was not considered a serious error, because the patient would probably be referred to an ophthalmolo¬ gist if one of these diagnoses were made.</p>\n<p>Error rates were analyzed using both x2 and one-way analysis of variance. As an approximation, it was first assumed that physicians in the same subspecialty had the same error rate, so that error rates of different subspecialties could be compared using the x3 statistic. All x2 statistics with 1 df had the Yates correction applied. None of the physicians within a subspe¬ cialty had statistically significantly differ¬ ent error rates, with the exception of the two diabetologists. To ensure that one or a few physicians were not responsible for the majority of errors, the second analysis focused on the physician rather than the eye examination, and subspecialties were compared using one-way analysis of vari¬ ance on the overall mean and serious error rate for each physician.</p>\n<p>Simultaneous comparisons among all five physician types were simplified by choosing four comparisons, each of which subdivided physicians into two groups. This process of specifying clinically rele¬ vant comparisons of physicians a priori was possible using the technique of ortho¬ gonal contrasts.' The first contrast com¬ pared internists with retinal specialists, the second compared ophthalmologists with retinal specialists, the third com¬ pared diabetologists with internists and senior medical residents, and the fourth compared internists, diabetologists, and senior medical residents with ophthalmol¬ ogists and retinal specialists. The fourth contrast was of primary interest.</p></section>\n<section><header>Results</header>\n<p>Some physicians were not able to examine all patients because of self- imposed time constraints. One pa¬ tient had a prosthetic eye, which was excluded from the analysis. Of 483 possible examinations, 438 were per¬ formed and analyzed. Physicians ex¬ amined a mean of 19 of the 21 eyes.</p></section>\n<section><header>Correct Diagnoses</header>\n<p>The diagnosis was correctly deter¬ mined by the physician examiners in 39% of the examinations. Internists, senior medical residents, and diabet¬ ologists had correct diagnosis rates of 27%, 31%, and 36%, respectively. General ophthalmologists and retinal specialists had correct diagnosis rates of 52% and 70%, respectively. The overall differences in these rates were significant (x2=43.65, df=4, P&lt;.001).</p></section>\n<section><header>Serious Errors</header>\n<p>Serious errors-missing the diag¬ nosis of proliferative retinopathywere common. Internists missed 52% of the diagnoses of proliferative reti¬ nopathy, senior medical residents missed 50%, diabetologists missed 33%, and general ophthalmologists missed 9%, but retinal specialists did not miss any. These differences were significant (x2=30.23, d/=4, P-c.001). The sensitivity for diagnosing prolif¬ erative retinopathy was defined as the percentage of positive diagnoses in eyes that actually exhibited the disease or the probability that the physician diagnoses disease when dis¬ ease is present (sensitivity is the complement of the serious error rate). The sensitivity of internists, diabet¬ ologists, and senior medical resi¬ dents combined was 49%, compared with 96% for ophthalmologists and retinal specialists (Table <ref target=\"#tab_1\" type=\"table\">1</ref>). The spec¬ ificity for diagnosing proliferative retinopathy was defined as the per¬ centage of diagnoses of nonproliferative retinopathy in eyes that did not actually have proliferative retinopa¬ thy or the probability that the physi¬ cian does not diagnose disease when disease is absent. The specificity of the ophthalmoscopic examination was 84% for internists, diabetolo¬ gists, and senior medical residents, compared with 93% for all ophthal¬ mologists (Table <ref target=\"#tab_1\" type=\"table\">1</ref>).</p></section>\n<section><header>Predictive Value</header>\n<p>The positive predictive value for diagnosing proliferative retinopathy was defined as the number of true- positive diagnoses as a percentage of all positive diagnoses. Assuming a prevalence of 3% for proliferative disease in the diabetic population,467 the positive predictive value for inter¬ nists, diabetologists, and senior medi¬ cal residents combined would be 9% compared with 29% for ophthalmolo¬ gists and retinal specialists. The neg¬ ative predictive value-the number of true-negative diagnoses as a percent¬ age of all negative diagnoses-would be 98% for internists, diabetologists, and senior medical residents, com¬ pared with 99% for ophthalmologists and retinal specialists.</p></section>\n<section><header>Analysis of Variance</header>\n<p>One internist examiner completed only four of the possible <ref type=\"bibr\">22 examina¬</ref> tions and was excluded from this analysis. There were significant dif¬ ferences by physician type in the mean error rates for overall errors and for serious errors (P&lt;.001), when all physician types were jointly con¬ sidered (Table <ref target=\"#tab_2\" type=\"table\">2</ref>). Once it had been determined that there were differ¬ ences that could be attributed to physician type, further analyses were performed to determine which physi¬ cian groups differed in their diagnostic ability from each other. There were no significant differences in overall error rates or serious error rates when internists were compared with senior medical residents or when dia¬ betologists were compared with inter¬ nists and senior medical residents combined. There were probably no differences when ophthalmologists were compared with retinal special¬ ists, but the P value was at the ^Assumes the prevalence of proliferative retinopathy to be 3%,46 prevalence of this diagnosis in diabetic patients.</p>\n<p>which is an estimate of the actual  borderline of traditionally accepted values. In contrast, there were sig¬ nificant differences when internists, diabetologists, and senior medical residents were compared with oph¬ thalmologists and retinal specialists for both all errors and serious errors (P&lt;.001), as shown in Table <ref target=\"#tab_3\" type=\"table\">3</ref>.</p></section>\n<section><header>COMMENT</header>\n<p>Because untreated proliferative retinopathy often causes severe visual impairment and blindness, and an effective treatment is available, it is mandatory that physicians be able to diagnose proliferative retinopathy. This study asked how well physicians could diagnose diabetic eye disease under optimal clinical conditions. The overall error rate in diagnosis was more than 60%. Retinal specialists, the most accurate diagnosticians, diagnosed 70% of all cases correctly. The serious error rate-missing the diagnosis of proliferative diabetic ret- inopathy-exceeded 33% for all phy¬ sicians. This was true despite the elimination of cases of diabetic macu¬ lopathy and preproliferative retinop¬ athy as serious errors in diagnosis. Internists, diabetologists, and senior medical residents had no significant difference measured in their serious error rates; they missed an average of half the instances of proliferative disease, compared with ophthalmolo¬ gists who were subspecialists in reti¬ nal disease and who did not miss any.</p>\n<p>An unexpected result of this inves¬ tigation was the finding that, despite the high sensitivity and specificity of the ophthalmologic examination when performed by ophthalmolo¬ gists-96% and 93%, respectivelythe positive predictive value of the examination in a population of dia¬ betics was only 30%. Stated alterna¬ tively, 70% of diabetic patients who are screened for diabetic retinal dis- ease and in whom proliferative dia¬ betic retinopathy is clinically diag¬ nosed will not have the disease. This will be true because of the low preva¬ lence of proliferative disease in dia¬ betes.10 As a result, ophthalmologists should confirm a suspected clinical diagnosis of proliferative retinopathy using retinal photographs or fluores- cein angiography or both. Otherwise, patients without the disease-false- positives-might receive laser photocoagulation.</p>\n<p>There are limitations to this inves¬ tigation. Two of the three retinal specialists who examined the patients were also involved in determining the correct diagnosis. However, this was done one week after the examinations were completed, and photographs were reviewed without reference to the patient's identity. It is possible that problems with recall could bias the results of the retinal specialists, but this is doubtful under the circum¬ stances. Also, because of the relative¬ ly small numbers of physicians in each of the five groups, we do not focus on the diagnostic abilities of any single group.</p>\n<p>Other potential problems might affect the interpretation of the results. The patients were not repre¬ sentative of the diabetic population at large but were heavily weighted toward proliferative retinopathy. Subtleties always exist in diagnostic classification.\" In choosing patients initially, an effort was made to select those whose specific eye disease was representative of common diabetic vascular lesions. The success of this strategy is perhaps best illustrated by the degree ef agreement among the retinal specialists who determined correct diagnoses. Finally, these data do not address the issue of how physicians and patients act in actual practice. Patients with diabetes may independently seek an ophthalmologic opinion, or physicians may routine¬ ly refer all diabetic patients to oph¬ thalmologists.</p>\n<p>This study examined the perform¬ ance of physicians under optimal cir¬ cumstances. Some suggestion of how primary care practitioners who treat diabetic patients actually practice has been reported by <ref type=\"bibr\">Stross and Harlan.\"</ref> Two years after the results of the Diabetic Retinopathy Study were published, only 35% of all physicians were aware of it, although each cared for more than 50 diabetic patients in his practice. Fifty-six percent of phy¬ sicians thought that insulin-depen¬ dent diabetics should be routinely evaluated by an ophthalmologist.</p>\n<p>These data suggest that a serious deficiency exists in the provision of eye care for diabetic patients.</p>\n<p>There seems to be a need for indi¬ vidually tailored educational pro¬ grams for primary care physicians as well as increased coordination of care across specialties. It may be that greater educational emphasis on the diagnosis of proliferative retinopathy during graduate or postgraduate medical training would be an effec¬ tive strategy to ensure optimal pa¬ tient care.</p>\n<p>Using current available alterna¬ tives, if the policy selected were for every diabetic patient in the United States to be screened by an ophthal¬ mologist once a year, at an average visit charge of $50, the total bill would be in excess of $250 million.</p>\n<p>Alternatively, there are significant costs associated with missing cases of treatable proliferative retinopathy and preventing blindness. A formal cost-effectiveness analysis needs to be undertaken to establish optimal guidelines for diagnosis and follow- up.</p>\n<p>Physicians have traditionally em¬ phasized the validity of their clinical findings and diagnoses. However, nu¬ merous studies during the past 20 years have demonstrated marked var¬ iability in physicians' ability to observe,12 percuss,13 palpate,14 and aus¬ cultate. 15 The conclusions of many of the studies have been criticized for inadequate sampling and faulty methods and analyses.16</p>\n<p>The increasing use of technologybased diagnostic tests in past years17 may be a response to decreased physi¬ cian reliance on the traditional histo¬ ry and physical examination results. It may be that the technological imperative,18 itself partly the result of increasing subspecialization, has en¬ couraged a deterioration in tradition¬ al clinical skills. Yet, physicians' interpretations of commonly em¬ ployed routine diagnostic tests, such as the traditional ECG and chest x-ray film, show marked variabili¬ ty.\"20 As new technologies are devel¬ oped and scrutinized more closely, it becomes clear that they too are not infallible. Recent studies have shown marked variability in physicians' in¬ terpretations of technology-based di¬ agnostic test results.21,22 Nevertheless, the trend in medical care seems to be toward replacing the generalist's broad skills with subspecialized tech¬ nology. To what extent this is desir¬ able remains an important question for medical educators and policy¬ makers.</p>\n<p>We conclude that as a group, inter¬ nists, diabetologists, and senior medi¬ cal residents are not sufficiently adept at diagnosing proliferative dia¬ betic retinopathy. To prevent missing the diagnosis of diabetic eye disease, ophthalmologic opinions should be obtained or eye examination skills should be improved.</p>\n<p>This study was supported in part by the Health Services Research and Development Pro¬ gram, Philadelphia Veterans Administration Medical Center, and the Clinical Scholar Pro¬ gram of the Robert Wood Johnson Foundation, Princeton, <ref type=\"bibr\">NJ.</ref> Bernard S. Bloom, PhD, John M. Eisenberg, MD, and Sankey V. Williams, MD, reviewed the manuscript.</p></section></content>",
    "ctr": 0.1,
    "custom_score": 1.0,
    "id": {
        "dois": [
            "10.1001/jama.1982.03320480047025"
        ]
    },
    "issued_at": 393206400,
    "languages": [
        "en"
    ],
    "links": [
        {
            "cid": "bafkr4ietrlyukccslrldyv2hhb3tb4lz2m5nun5xmt7vodbitaqodfoheq",
            "extension": "pdf",
            "filesize": 645119,
            "md5": "c0dc3712bbb2b8201efeb934d5bc952e",
            "type": "primary"
        }
    ],
    "metadata": {
        "container_title": "JAMA: The Journal of the American Medical Association",
        "first_page": 3231,
        "issns": [
            "0098-7484"
        ],
        "issue": "23",
        "volume": "247"
    },
    "page_rank": 0.33945954,
    "referenced_by_count": 143,
    "tags": [
        "General Medicine"
    ],
    "title": "Diagnosis of Diabetic Eye Disease",
    "type": "journal-article",
    "updated_at": 1693704900
}