{
    "authors": [
        {
            "family": "Haneuse",
            "given": "Sebastien",
            "sequence": "first"
        },
        {
            "family": "Arterburn",
            "given": "David",
            "sequence": "additional"
        },
        {
            "family": "Daniels",
            "given": "Michael J.",
            "sequence": "additional"
        }
    ],
    "ctr": 0.1,
    "custom_score": 1.0,
    "id": {
        "dois": [
            "10.1001/jamanetworkopen.2021.0184"
        ]
    },
    "issued_at": 1614297600,
    "languages": [
        "en"
    ],
    "metadata": {
        "container_title": "JAMA Network Open",
        "first_page": 210184,
        "issns": [
            "2574-3805"
        ],
        "issue": "2",
        "publisher": "American Medical Association (AMA)",
        "volume": "4"
    },
    "page_rank": 0.18361983,
    "referenced_by_count": 39,
    "references": [
        {
            "doi": "10.1097/mlr.0000000000000011",
            "type": "reference"
        },
        {
            "doi": "10.1001/jama.2018.14619",
            "type": "reference"
        },
        {
            "doi": "10.2147/clep",
            "type": "reference"
        },
        {
            "doi": "10.1093/jamia/ocz041",
            "type": "reference"
        },
        {
            "doi": "10.1097/ede.0000000000000393",
            "type": "reference"
        },
        {
            "doi": "10.7326/0003-4819-147-8-200710160-00010",
            "type": "reference"
        },
        {
            "doi": "10.1201/b17622",
            "type": "reference"
        },
        {
            "doi": "10.1201/9781420011180",
            "type": "reference"
        }
    ],
    "tags": [
        "General Medicine"
    ],
    "title": "Assessing Missing Data Assumptions in EHR-Based Studies: A Complex and Underappreciated Task",
    "type": "journal-article",
    "updated_at": 1694213947
}