{
    "authors": [
        {
            "family": "Le Gall",
            "given": "J. R."
        }
    ],
    "ctr": 0.1,
    "custom_score": 1.0,
    "id": {
        "dois": [
            "10.1001/jama.270.24.2957"
        ]
    },
    "issued_at": 756518400,
    "languages": [
        "en"
    ],
    "metadata": {
        "container_title": "JAMA: The Journal of the American Medical Association",
        "first_page": 2957,
        "issns": [
            "0098-7484",
            "1538-3598"
        ],
        "issue": "24",
        "last_page": 2963,
        "volume": "270"
    },
    "page_rank": 0.39302444,
    "referenced_by_count": 584,
    "tags": [
        "General Medicine"
    ],
    "title": "A new Simplified Acute Physiology Score (SAPS II) based on a European/North American multicenter study",
    "type": "journal-article",
    "updated_at": 1693701539
}