{
    "authors": [
        {
            "family": "Naylor",
            "given": "Mary D."
        },
        {
            "family": "Brooten",
            "given": "Dorothy"
        },
        {
            "family": "Campbell",
            "given": "Roberta"
        },
        {
            "family": "Jacobsen",
            "given": "Barbara S."
        },
        {
            "family": "Mezey",
            "given": "Mathy D."
        },
        {
            "family": "Pauly",
            "given": "Mark V."
        },
        {
            "family": "Schwartz",
            "given": "J. Sanford"
        }
    ],
    "ctr": 0.1,
    "custom_score": 1.0,
    "id": {
        "dois": [
            "10.1001/jama.281.7.613"
        ]
    },
    "issued_at": 919209600,
    "languages": [
        "en"
    ],
    "metadata": {
        "container_title": "JAMA",
        "first_page": 613,
        "issns": [
            "0098-7484"
        ],
        "issue": "7",
        "volume": "281"
    },
    "page_rank": 0.19490543,
    "referenced_by_count": 1157,
    "tags": [
        "General Medicine"
    ],
    "title": "Comprehensive Discharge Planning and Home Follow-up of Hospitalized Elders: A Randomized Clinical Trial",
    "type": "journal-article",
    "updated_at": 1693698522
}