{
    "authors": [
        {
            "family": "Hornberger",
            "given": "John"
        }
    ],
    "ctr": 0.1,
    "custom_score": 1.0,
    "id": {
        "dois": [
            "10.1001/jama.2008.910"
        ]
    },
    "issued_at": 1231286400,
    "languages": [
        "en"
    ],
    "metadata": {
        "container_title": "JAMA",
        "first_page": 110,
        "issns": [
            "0098-7484"
        ],
        "issue": "1",
        "publisher": "American Medical Association (AMA)",
        "volume": "301"
    },
    "page_rank": 0.21943372,
    "referenced_by_count": 11,
    "tags": [
        "General Medicine"
    ],
    "title": "Electronic Health Records: A Guide for Clinicians and Administrators",
    "type": "journal-article",
    "updated_at": 1695279721
}