{
    "authors": [
        {
            "family": "SHWACHMAN",
            "given": "HARRY"
        }
    ],
    "ctr": 0.1,
    "custom_score": 1.0,
    "id": {
        "dois": [
            "10.1001/archpedi.1958.02060060008002"
        ]
    },
    "issued_at": -363052800,
    "languages": [
        "en"
    ],
    "metadata": {
        "container_title": "A.M.A. Journal of Diseases of Children",
        "first_page": 6,
        "issns": [
            "0096-6916"
        ],
        "issue": "1",
        "volume": "96"
    },
    "page_rank": 0.2306365,
    "referenced_by_count": 691,
    "title": "Long-Term Study of One Hundred Five Patients with Cystic Fibrosis: Studies Made Over a Five- to Fourteen-Year Period",
    "type": "journal-article",
    "updated_at": 1693707295
}