{
    "authors": [
        {
            "family": "Moheimani",
            "given": "Roya S."
        },
        {
            "family": "Bhetraratana",
            "given": "May"
        },
        {
            "family": "Yin",
            "given": "Fen"
        },
        {
            "family": "Peters",
            "given": "Kacey M."
        },
        {
            "family": "Gornbein",
            "given": "Jeffrey"
        },
        {
            "family": "Araujo",
            "given": "Jesus A."
        },
        {
            "family": "Middlekauff",
            "given": "Holly R."
        }
    ],
    "ctr": 0.1,
    "custom_score": 1.0,
    "id": {
        "dois": [
            "10.1001/jamacardio.2016.5303"
        ]
    },
    "issued_at": 1488326400,
    "languages": [
        "en"
    ],
    "metadata": {
        "container_title": "JAMA Cardiology",
        "first_page": 278,
        "issns": [
            "2380-6583"
        ],
        "issue": "3",
        "volume": "2"
    },
    "page_rank": 0.31333783,
    "referenced_by_count": 157,
    "tags": [
        "Cardiology and Cardiovascular Medicine"
    ],
    "title": "Increased Cardiac Sympathetic Activity and Oxidative Stress in Habitual Electronic Cigarette Users: Implications for Cardiovascular Risk",
    "type": "journal-article",
    "updated_at": 1693673802
}