{
    "authors": [
        {
            "family": "Perlin",
            "given": "Jonathan B."
        }
    ],
    "ctr": 0.1,
    "custom_score": 1.0,
    "id": {
        "dois": [
            "10.1001/jama.2016.12337"
        ]
    },
    "issued_at": 1477353600,
    "languages": [
        "en"
    ],
    "metadata": {
        "container_title": "JAMA",
        "first_page": 1667,
        "issns": [
            "0098-7484"
        ],
        "issue": "16",
        "volume": "316"
    },
    "page_rank": 0.22109649,
    "referenced_by_count": 38,
    "tags": [
        "General Medicine"
    ],
    "title": "Health Information Technology Interoperability and Use for Better Care and Evidence",
    "type": "journal-article",
    "updated_at": 1693674957
}