{
    "ctr": 0.1,
    "custom_score": 1.0,
    "id": {
        "dois": [
            "10.1001/archopht.121.11.1621"
        ]
    },
    "issued_at": 1067644800,
    "languages": [
        "en"
    ],
    "metadata": {
        "container_title": "Archives of Ophthalmology",
        "first_page": 1621,
        "issns": [
            "0003-9950"
        ],
        "issue": "11",
        "publisher": "American Medical Association (AMA)",
        "volume": "121"
    },
    "page_rank": 0.3165468,
    "referenced_by_count": 224,
    "tags": [
        "Ophthalmology"
    ],
    "title": "Potential Public Health Impact of Age-Related Eye Disease Study Results: AREDS Report No. 11",
    "type": "journal-article",
    "updated_at": 1694828346
}