{
    "authors": [
        {
            "family": "Kaushal",
            "given": "Rainu",
            "sequence": "first"
        }
    ],
    "ctr": 0.1,
    "custom_score": 1.0,
    "id": {
        "dois": [
            "10.1001/jama.285.16.2114"
        ]
    },
    "issued_at": 988156800,
    "languages": [
        "en"
    ],
    "metadata": {
        "container_title": "JAMA",
        "first_page": 2114,
        "issns": [
            "0098-7484"
        ],
        "issue": "16",
        "publisher": "American Medical Association (AMA)",
        "volume": "285"
    },
    "page_rank": 0.20105532,
    "referenced_by_count": 1249,
    "tags": [
        "General Medicine"
    ],
    "title": "Medication Errors and Adverse Drug Events in Pediatric Inpatients",
    "type": "journal-article",
    "updated_at": 1694720912
}