{
    "authors": [
        {
            "family": "Charon",
            "given": "Rita",
            "sequence": "first"
        }
    ],
    "ctr": 0.1,
    "custom_score": 1.0,
    "id": {
        "dois": [
            "10.1001/jama.286.15.1897"
        ]
    },
    "issued_at": 1003276800,
    "languages": [
        "en"
    ],
    "metadata": {
        "container_title": "JAMA",
        "first_page": 1897,
        "issns": [
            "0098-7484"
        ],
        "issue": "15",
        "publisher": "American Medical Association (AMA)",
        "volume": "286"
    },
    "page_rank": 0.27073833,
    "referenced_by_count": 1109,
    "tags": [
        "General Medicine"
    ],
    "title": "Narrative Medicine: A Model for Empathy, Reflection, Profession, and Trust",
    "type": "journal-article",
    "updated_at": 1694733633
}