{
    "authors": [
        {
            "family": "Cabitza",
            "given": "Federico"
        },
        {
            "family": "Rasoini",
            "given": "Raffaele"
        },
        {
            "family": "Gensini",
            "given": "Gian Franco"
        }
    ],
    "ctr": 0.1,
    "custom_score": 1.0,
    "id": {
        "dois": [
            "10.1001/jama.2017.7797"
        ]
    },
    "issued_at": 1502150400,
    "languages": [
        "en"
    ],
    "metadata": {
        "container_title": "JAMA",
        "first_page": 517,
        "issns": [
            "0098-7484"
        ],
        "issue": "6",
        "volume": "318"
    },
    "page_rank": 0.24110994,
    "referenced_by_count": 472,
    "tags": [
        "General Medicine"
    ],
    "title": "Unintended Consequences of Machine Learning in Medicine",
    "type": "journal-article",
    "updated_at": 1693672797
}