{
    "authors": [
        {
            "family": "Hall",
            "given": "Jesse B.",
            "sequence": "first"
        }
    ],
    "ctr": 0.1,
    "custom_score": 1.0,
    "id": {
        "dois": [
            "10.1001/jama.283.19.2577"
        ]
    },
    "issued_at": 958521600,
    "languages": [
        "en"
    ],
    "metadata": {
        "container_title": "JAMA",
        "first_page": 2577,
        "issns": [
            "0098-7484"
        ],
        "issue": "19",
        "publisher": "American Medical Association (AMA)",
        "volume": "283"
    },
    "page_rank": 0.19984718,
    "referenced_by_count": 15,
    "tags": [
        "General Medicine"
    ],
    "title": "Use of the Pulmonary Artery Catheter in Critically Ill Patients: Was Invention the Mother of Necessity?",
    "type": "journal-article",
    "updated_at": 1693697731
}