{
    "authors": [
        {
            "family": "Kolodny",
            "given": "Andrew"
        },
        {
            "family": "Frieden",
            "given": "Thomas R."
        }
    ],
    "ctr": 0.1,
    "custom_score": 1.0,
    "id": {
        "dois": [
            "10.1001/jama.2017.14567"
        ]
    },
    "issued_at": 1508803200,
    "languages": [
        "en"
    ],
    "metadata": {
        "container_title": "JAMA",
        "first_page": 1537,
        "issns": [
            "0098-7484"
        ],
        "issue": "16",
        "volume": "318"
    },
    "page_rank": 0.26573014,
    "referenced_by_count": 51,
    "references": [
        {
            "doi": "10.15585/mmwr.mm6610a1",
            "type": "reference"
        },
        {
            "doi": "10.1001/jama.2016.1464",
            "type": "reference"
        },
        {
            "doi": "10.1097/sla.0000000000001993",
            "type": "reference"
        },
        {
            "doi": "10.1080/10550490490440780",
            "type": "reference"
        },
        {
            "doi": "10.7326/m17-0865",
            "type": "reference"
        }
    ],
    "tags": [
        "General Medicine"
    ],
    "title": "Ten Steps the Federal Government Should Take Now to Reverse the Opioid Addiction Epidemic",
    "type": "journal-article",
    "updated_at": 1693672349
}