{
    "authors": [
        {
            "family": "Berland",
            "given": "Gretchen K.",
            "sequence": "first"
        },
        {
            "family": "Elliott",
            "given": "Marc N.",
            "sequence": "additional"
        },
        {
            "family": "Morales",
            "given": "Leo S.",
            "sequence": "additional"
        },
        {
            "family": "Algazy",
            "given": "Jeffrey I.",
            "sequence": "additional"
        },
        {
            "family": "Kravitz",
            "given": "Richard L.",
            "sequence": "additional"
        },
        {
            "family": "Broder",
            "given": "Michael S.",
            "sequence": "additional"
        },
        {
            "family": "Kanouse",
            "given": "David E.",
            "sequence": "additional"
        },
        {
            "family": "Muñoz",
            "given": "Jorge A.",
            "sequence": "additional"
        },
        {
            "family": "Puyol",
            "given": "Juan-Antonio",
            "sequence": "additional"
        },
        {
            "family": "Lara",
            "given": "Marielena",
            "sequence": "additional"
        },
        {
            "family": "Watkins",
            "given": "Katherine E.",
            "sequence": "additional"
        },
        {
            "family": "Yang",
            "given": "Hannah",
            "sequence": "additional"
        },
        {
            "family": "McGlynn",
            "given": "Elizabeth A.",
            "sequence": "additional"
        }
    ],
    "ctr": 0.1,
    "custom_score": 1.0,
    "id": {
        "dois": [
            "10.1001/jama.285.20.2612"
        ]
    },
    "issued_at": 990576000,
    "languages": [
        "en"
    ],
    "metadata": {
        "container_title": "JAMA",
        "first_page": 2612,
        "issns": [
            "0098-7484"
        ],
        "issue": "20",
        "publisher": "American Medical Association (AMA)",
        "volume": "285"
    },
    "page_rank": 0.27883202,
    "referenced_by_count": 812,
    "tags": [
        "General Medicine"
    ],
    "title": "Health Information on the Internet: Accessibility, Quality, and Readability in English and Spanish",
    "type": "journal-article",
    "updated_at": 1694722993
}