{
    "authors": [
        {
            "family": "Marmor",
            "given": "Michael F."
        }
    ],
    "ctr": 0.1,
    "custom_score": 1.0,
    "id": {
        "dois": [
            "10.1001/archophthalmol.2011.160"
        ]
    },
    "issued_at": 1309478400,
    "languages": [
        "en"
    ],
    "metadata": {
        "container_title": "Archives of Ophthalmology",
        "first_page": 943,
        "issns": [
            "0003-9950"
        ],
        "issue": "7",
        "publisher": "American Medical Association (AMA)",
        "volume": "129"
    },
    "page_rank": 0.19417714,
    "referenced_by_count": 43,
    "tags": [
        "Ophthalmology"
    ],
    "title": "Fluorescein Angiography: Insight and Serendipity a Half Century Ago",
    "type": "journal-article",
    "updated_at": 1695575140
}