{
    "authors": [
        {
            "family": "Yim",
            "given": "Wen-wai"
        },
        {
            "family": "Yetisgen",
            "given": "Meliha"
        },
        {
            "family": "Harris",
            "given": "William P."
        },
        {
            "family": "Kwan",
            "given": "Sharon W."
        }
    ],
    "ctr": 0.1,
    "custom_score": 1.0,
    "id": {
        "dois": [
            "10.1001/jamaoncol.2016.0213"
        ]
    },
    "issued_at": 1464739200,
    "languages": [
        "en"
    ],
    "metadata": {
        "container_title": "JAMA Oncology",
        "first_page": 797,
        "issns": [
            "2374-2437"
        ],
        "issue": "6",
        "volume": "2"
    },
    "page_rank": 0.18312399,
    "referenced_by_count": 164,
    "tags": [
        "Oncology",
        "Cancer Research"
    ],
    "title": "Natural Language Processing in Oncology: A Review",
    "type": "journal-article",
    "updated_at": 1693675785
}