{
    "authors": [
        {
            "family": "Park",
            "given": "Allison"
        },
        {
            "family": "Chute",
            "given": "Chris"
        },
        {
            "family": "Rajpurkar",
            "given": "Pranav"
        },
        {
            "family": "Lou",
            "given": "Joe"
        },
        {
            "family": "Ball",
            "given": "Robyn L."
        },
        {
            "family": "Shpanskaya",
            "given": "Katie"
        },
        {
            "family": "Jabarkheel",
            "given": "Rashad"
        },
        {
            "family": "Kim",
            "given": "Lily H."
        },
        {
            "family": "McKenna",
            "given": "Emily"
        },
        {
            "family": "Tseng",
            "given": "Joe"
        },
        {
            "family": "Ni",
            "given": "Jason"
        },
        {
            "family": "Wishah",
            "given": "Fidaa"
        },
        {
            "family": "Wittber",
            "given": "Fred"
        },
        {
            "family": "Hong",
            "given": "David S."
        },
        {
            "family": "Wilson",
            "given": "Thomas J."
        },
        {
            "family": "Halabi",
            "given": "Safwan"
        },
        {
            "family": "Basu",
            "given": "Sanjay"
        },
        {
            "family": "Patel",
            "given": "Bhavik N."
        },
        {
            "family": "Lungren",
            "given": "Matthew P."
        },
        {
            "family": "Ng",
            "given": "Andrew Y."
        },
        {
            "family": "Yeom",
            "given": "Kristen W."
        }
    ],
    "ctr": 0.1,
    "custom_score": 1.0,
    "id": {
        "dois": [
            "10.1001/jamanetworkopen.2019.5600"
        ]
    },
    "issued_at": 1559865600,
    "languages": [
        "en"
    ],
    "metadata": {
        "container_title": "JAMA Network Open",
        "first_page": 195600,
        "issns": [
            "2574-3805"
        ],
        "issue": "6",
        "volume": "2"
    },
    "page_rank": 0.16586818,
    "referenced_by_count": 132,
    "references": [
        {
            "doi": "10.1148/radiology.219.3.r01ma16739",
            "type": "reference"
        },
        {
            "doi": "10.1080/01621459.1927.10502953",
            "type": "reference"
        },
        {
            "doi": "10.1177/001316447303300309",
            "type": "reference"
        },
        {
            "doi": "10.1148/radiol.2302021465",
            "type": "reference"
        },
        {
            "doi": "10.1109/cvpr.2018.00745",
            "type": "reference"
        },
        {
            "doi": "10.3174/ajnr.a0699",
            "type": "reference"
        },
        {
            "doi": "10.1016/j.neuroimage.2006.01.015",
            "type": "reference"
        },
        {
            "doi": "10.1007/s12194-017-0406-5",
            "type": "reference"
        },
        {
            "doi": "10.1007/s12028-012-9792-z",
            "type": "reference"
        },
        {
            "doi": "10.1056/nejmoa1113260",
            "type": "reference"
        },
        {
            "doi": "10.1016/s0140-6736(18)31645-3",
            "type": "reference"
        },
        {
            "doi": "10.1371/journal.pmed.1002699",
            "type": "reference"
        },
        {
            "doi": "10.3174/ajnr.a5742",
            "type": "reference"
        },
        {
            "doi": "10.1371/journal.pmed.1002686",
            "type": "reference"
        },
        {
            "doi": "10.1038/s41591-018-0147-y",
            "type": "reference"
        },
        {
            "doi": "10.3171/2012.7.jns111766",
            "type": "reference"
        },
        {
            "doi": "10.1148/radiol.2018180901",
            "type": "reference"
        },
        {
            "doi": "10.1016/j.wneu.2018.01.054",
            "type": "reference"
        },
        {
            "doi": "10.1186/s40809-016-0016-3",
            "type": "reference"
        },
        {
            "doi": "10.1097/rct.0b013e3181d27393",
            "type": "reference"
        },
        {
            "doi": "10.4103/0028-3886.73743",
            "type": "reference"
        },
        {
            "doi": "10.1097/01.ta.0000246896.89156.70",
            "type": "reference"
        },
        {
            "doi": "10.1016/j.wneu.2017.04.131",
            "type": "reference"
        }
    ],
    "tags": [
        "General Medicine"
    ],
    "title": "Deep Learning–Assisted Diagnosis of Cerebral Aneurysms Using the HeadXNet Model",
    "type": "journal-article",
    "updated_at": 1693667454
}