{
    "authors": [
        {
            "family": "Healey",
            "given": "M. A."
        }
    ],
    "ctr": 0.1,
    "custom_score": 1.0,
    "id": {
        "dois": [
            "10.1001/archsurg.137.5.611"
        ]
    },
    "issued_at": 1020211200,
    "languages": [
        "en"
    ],
    "metadata": {
        "container_title": "Archives of Surgery",
        "first_page": 611,
        "issns": [
            "0004-0010"
        ],
        "issue": "5",
        "last_page": 618,
        "volume": "137"
    },
    "page_rank": 0.29635185,
    "referenced_by_count": 208,
    "tags": [
        "Surgery"
    ],
    "title": "Complications in Surgical Patients",
    "type": "journal-article",
    "updated_at": 1693696628
}