{
    "authors": [
        {
            "family": "Zulman",
            "given": "Donna M.",
            "sequence": "first"
        },
        {
            "family": "Verghese",
            "given": "Abraham",
            "sequence": "additional"
        }
    ],
    "ctr": 0.1,
    "custom_score": 1.0,
    "id": {
        "dois": [
            "10.1001/jama.2020.27304"
        ]
    },
    "issued_at": 1612224000,
    "languages": [
        "en"
    ],
    "metadata": {
        "container_title": "JAMA",
        "first_page": 437,
        "issns": [
            "0098-7484"
        ],
        "issue": "5",
        "publisher": "American Medical Association (AMA)",
        "volume": "325"
    },
    "page_rank": 0.17790808,
    "referenced_by_count": 61,
    "references": [
        {
            "doi": "10.1056/nejmp2003539",
            "type": "reference"
        },
        {
            "doi": "10.1001/jamainternmed.2020.5928",
            "type": "reference"
        },
        {
            "doi": "10.1016/j.mayocpiqo.2020.07.001",
            "type": "reference"
        },
        {
            "doi": "10.1001/jama.2020.25706",
            "type": "reference"
        },
        {
            "doi": "10.1001/jama.2020.24955",
            "type": "reference"
        },
        {
            "doi": "10.7326/0003-4819-155-8-201110180-00013",
            "type": "reference"
        },
        {
            "doi": "10.1016/s2214-109x(20)30362-4",
            "type": "reference"
        },
        {
            "doi": "10.1001/jama.2016.9538",
            "type": "reference"
        }
    ],
    "tags": [
        "General Medicine"
    ],
    "title": "Virtual Care, Telemedicine Visits, and Real Connection in the Era of COVID-19: Unforeseen Opportunity in the Face of Adversity",
    "type": "journal-article",
    "updated_at": 1693660688
}