{
    "authors": [
        {
            "family": "Klein",
            "given": "Ronald"
        }
    ],
    "ctr": 0.1,
    "custom_score": 1.0,
    "id": {
        "dois": [
            "10.1001/archopht.1994.01090210105023"
        ]
    },
    "issued_at": 778377600,
    "languages": [
        "en"
    ],
    "metadata": {
        "container_title": "Archives of Ophthalmology",
        "first_page": 1217,
        "issns": [
            "0003-9950"
        ],
        "issue": "9",
        "volume": "112"
    },
    "page_rank": 0.60690653,
    "referenced_by_count": 293,
    "tags": [
        "Ophthalmology"
    ],
    "title": "The Wisconsin Epidemiologic Study of Diabetic Retinopathy: XIV. Ten-Year Incidence and Progression of Diabetic Retinopathy",
    "type": "journal-article",
    "updated_at": 1693701108
}