{
    "authors": [
        {
            "family": "McGinn",
            "given": "Thomas G.",
            "sequence": "first"
        },
        {
            "family": "Guyatt",
            "given": "Gordon H.",
            "sequence": "additional"
        },
        {
            "family": "Wyer",
            "given": "Peter C.",
            "sequence": "additional"
        },
        {
            "family": "Naylor",
            "given": "C. David",
            "sequence": "additional"
        },
        {
            "family": "Stiell",
            "given": "Ian G.",
            "sequence": "additional"
        },
        {
            "family": "Richardson",
            "given": "W. Scott",
            "sequence": "additional"
        },
        {
            "family": "for the Evidence-Based Medicine Working Group",
            "sequence": "additional"
        }
    ],
    "ctr": 0.1,
    "custom_score": 1.0,
    "id": {
        "dois": [
            "10.1001/jama.284.1.79"
        ]
    },
    "issued_at": 962755200,
    "languages": [
        "en"
    ],
    "metadata": {
        "container_title": "JAMA",
        "first_page": 79,
        "issns": [
            "0098-7484"
        ],
        "issue": "1",
        "publisher": "American Medical Association (AMA)",
        "volume": "284"
    },
    "page_rank": 0.38352397,
    "referenced_by_count": 687,
    "tags": [
        "General Medicine"
    ],
    "title": "Users' Guides to the Medical Literature: XXII: How to Use Articles About Clinical Decision Rules",
    "type": "journal-article",
    "updated_at": 1694697851
}