{
    "authors": [
        {
            "family": "Kazi",
            "given": "Dhruv S."
        },
        {
            "family": "Moran",
            "given": "Andrew E."
        },
        {
            "family": "Coxson",
            "given": "Pamela G."
        },
        {
            "family": "Penko",
            "given": "Joanne"
        },
        {
            "family": "Ollendorf",
            "given": "Daniel A."
        },
        {
            "family": "Pearson",
            "given": "Steven D."
        },
        {
            "family": "Tice",
            "given": "Jeffrey A."
        },
        {
            "family": "Guzman",
            "given": "David"
        },
        {
            "family": "Bibbins-Domingo",
            "given": "Kirsten"
        }
    ],
    "ctr": 0.1,
    "custom_score": 1.0,
    "id": {
        "dois": [
            "10.1001/jama.2016.11004"
        ]
    },
    "issued_at": 1471305600,
    "languages": [
        "en"
    ],
    "metadata": {
        "container_title": "JAMA",
        "first_page": 743,
        "issns": [
            "0098-7484"
        ],
        "issue": "7",
        "volume": "316"
    },
    "page_rank": 0.58574206,
    "referenced_by_count": 244,
    "tags": [
        "General Medicine"
    ],
    "title": "Cost-effectiveness of PCSK9 Inhibitor Therapy in Patients With Heterozygous Familial Hypercholesterolemia or Atherosclerotic Cardiovascular Disease",
    "type": "journal-article",
    "updated_at": 1693675360
}