{
    "abstract": "<abstract></abstract>",
    "authors": [
        {
            "family": "Guyatt",
            "given": "Gordon"
        }
    ],
    "content": "<content><section><p>quires new skills of the physician, in- cluding efficient literature searching and the application of formal rules of evi- dence evaluating the clinical literature.</p>\n<p>An important goal of our medical res- idency program is to educate physicians in the practice of evidence-based med- icine. Strategies include a weekly, for- mal academic half-day for residents, de- voted to learning the necessary skills; recruitment into teaching roles of physicians who practice evidence-based medicine; sharing among faculty of ap- proaches to teaching evidence-based medicine; and providing faculty with feedback on their performance as role models and teachers of evidence-based medicine. The influence of evidence- based medicine on clinical practice and medical education is increasing.</p></section>\n<section><header>CLINICAL SCENARIO</header>\n<p>A junior medical resident working in a teaching hospital admits a 43-year-old previously well man who experienced a witnessed grand mal seizure. He had never had a seizure before and had not had any recent head trauma. He drank alcohol once or twice a week and had not had alcohol on the day of the seizure. Findings on physical examination are normal. The patient is given a loading A complete list of members of the Evidenced-Based   Medicine Working Group appears at the end of this ar- ticle.</p>\n<p>Reprint requests to McMaster University Health Sci- ences Centre, Room 3W10,1200 Main St W, Hamilton, Ontario, Canada L8N 3Z5 (Gordon Guyatt, MD).</p>\n<p>dose of phenytoin intravenously and the drug is continued orally. A computed tomographic head scan is completely nor¬ mal, and an electroencephalogram shows only nonspecific findings. The patient is very concerned about his risk of seizure recurrence. How might the resident proceed?</p>\n<p>The Way of the Past Faced with this situation as a clinical clerk, the resident was told by her se¬ nior resident (who was supported in his view by the attending physician) that the risk of seizure recurrence is high (though he could not put an exact num¬ ber on it) and that was the information that should be conveyed to the patient. She now follows this path, emphasizing to the patient not to drive, to continue his medication, and to see his family physician in follow-up. The patient leaves in a state of vague trepidation about his risk of subsequent seizure. The Way of the Future The resident asks herself whether she knows the prognosis of a first seizure and realizes she does not. She proceeds to the library and, using the Grateful Med program,1 conducts a computerized literature search. She enters the Med¬ ical Subject Headings terms epilepsy, prognosis, and recurrence, and the pro¬ gram retrieves 25 relevant articles. Sur¬ veying the titles, one2 appears directly relevant. She reviews the paper, finds that it meets criteria she has previously learned for a valid investigation of prog¬ nosis,3 and determines that the results are applicable to her patient. The search costs the resident $2.68, and the entire process (including the trip to the library and the time to make a photocopy of the article) took half an hour.</p>\n<p>The results of the relevant study show that the patient risk of recurrence at 1 year is between 43% and 51%, and at 3 years the risk is between 51% and 60%.</p>\n<p>After a seizure-free period of 18 months his risk of recurrence would likely be less than 20%. She conveys this infor¬ mation to the patient, along with a rec¬ ommendation that he take his medica¬ tion, see his family doctor regularly, and have a review of his need for medication if he remains seizure-free for 18 months.</p>\n<p>The patient leaves with a clear idea of his likely prognosis.</p>\n<p>A PARADIGM SHIFT Thomas Kuhn has described scientific paradigms as ways of looking at the world that define both the problems that can legitimately be addressed and the range of admissible evidence that may bear on their solution.4 When defects in an existing paradigm accumulate to the extent that the paradigm is no longer tenable, the paradigm is challenged and replaced by a new way of looking at the world. Medical practice is changing, and the change, which involves using the medical literature more effectively in guiding medical practice, is profound enough that it can appropriately be called a paradigm shift. The foundations of the paradigm shift lie in developments in clinical research over the last 30 years. In 1960, the ran¬ domized clinical trial was an oddity. It is now accepted that virtually no drug can enter clinical practice without a demon¬ stration of its efficacy in clinical trials.</p>\n<p>Moreover, the same randomized trial method increasingly is being applied to surgical therapies6 and diagnostic tests. 6   Meta-analysis is gaining increasing ac¬ ceptance as a method of summarizing the results of a number of randomized trials, and ultimately may have as profound an effect on setting treatment policy as have randomized trials themselves.7 While less dramatic, crucial methodological ad- vanees have also been made in other ar¬ eas, such as the assessment of diagnostic tests8•9 and prognosis.2</p>\n<p>A new philosophy of medical practice and teaching has followed these meth¬ odological advances. This paradigm shift is manifested in a number of ways. A profusion of articles has been published instructing clinicians on how to access,10 evaluate,11 and interpret12 the medical literature. Proposals to apply the prin¬ ciples of clinical epidemiology to dayto-day clinical practice have been put forward.3 A number of major medical journals have adopted a more informa¬ tive structured abstract format, which incorporates issues of methods and de¬ sign into the portion of an article the reader sees first.13 The American Col¬ lege of Physicians has launched a jour¬ nal, ACP Journal Club, that summa¬ rizes new publications of high relevance and methodological rigor.14 Textbooks that provide a rigorous review of avail¬ able evidence, including a methods sec¬ tion describing both the methodological criteria used to systematically evaluate the validity of the clinical evidence and the quantitative techniques used for summarizing the evidence, have begun to appear.1516 Practice guidelines based on rigorous methodological review of the available evidence are increasingly com¬ mon.17 A final manifestation is the grow¬ ing demand for courses and seminars that instruct physicians on how to make more effective use of the medical liter¬ ature in their day-to-day patient care.3  We call the new paradigm \"evidence- based medicine.\"18 In this article, we de¬ scribe how this approach differs from prior practice and briefly outline how we are building a residency program in which a key goal is to practice, act as a role model, teach, and help residents become highly adept in evidence-based medicine. We also describe some of the problems educators and medical prac¬ titioners face in implementing the new paradigm. The Former Paradigm</p>\n<p>The former paradigm was based on the following assumptions about the knowledge required to guide clinical practice.</p>\n<p>1. Unsystematic observations from clinical experience are a valid way of building and maintaining one's knowl¬ edge about patient prognosis, the value of diagnostic tests, and the efficacy of treatment.</p>\n<p>2. The study and understanding of basic mechanisms of disease and pathophysiologic principles are a sufficient guide for clinical practice.</p>\n<p>3. A combination of thorough tradi¬ tional medical training and common sense is sufficient to allow one to eval¬ uate new tests and treatments.</p>\n<p>4. Content expertise and clinical ex¬ perience are a sufficient base from which to generate valid guidelines for clinical practice.</p>\n<p>According to this paradigm clinicians have a number of options for sorting out clinical problems they face. They can reflect on their own clinical experience, reflect on the underlying biology, go to a textbook, or ask a local expert. Read¬ ing the introduction and discussion sec¬ tions of a paper could be considered an appropriate way of gaining the relevant information from a current journal.</p>\n<p>This paradigm puts a high value on traditional scientific authority and ad¬ herence to standard approaches, and an¬ swers are frequently sought from direct contact with local experts or reference to the writings ofinternational experts.19</p>\n<p>The New Paradigm</p>\n<p>The assumptions of the new paradigm are as follows:</p>\n<p>1. Clinical experience and the devel¬ opment of clinical instincts (particularly with respect to diagnosis) are a crucial and necessary part of becoming a com¬ petent physician. Many aspects of clin¬ ical practice cannot, or will not, ever be adequately tested. Clinical experience and its lessons are particularly impor¬ tant in these situations. At the same time, systematic attempts to record ob¬ servations in a reproducible and unbi¬ ased fashion markedly increase the con¬ fidence one can have in knowledge about patient prognosis, the value of diagnos¬ tic tests, and the efficacy of treatment.</p>\n<p>In the absence of systematic observa¬ tion one must be cautious in the inter¬ pretation of information derived from clinical experience and intuition, for it may at times be misleading.</p>\n<p>2. The study and understanding of basic mechanisms of disease are neces¬ sary but insufficient guides for clinical practice. The rationales for diagnosis and treatment, which follow from basic pathophysiologic principles, may in fact be incorrect, leading to inaccurate pre¬ dictions about the performance of diag¬ nostic tests and the efficacy of treat¬ ments.</p>\n<p>3. Understanding certain rules of evidence is necessary to correctly in¬ terpret literature on causation, progno¬ sis, diagnostic tests, and treatment strategy.</p>\n<p>It follows that clinicians should reg¬ ularly consult the original literature (and be able to critically appraise the meth¬ ods and results sections) in solving clin¬ ical problems and providing optimal pa¬ tient care. It also follows that clinicians must be ready to accept and live with uncertainty and to acknowledge that management decisions are often made in the face of relative ignorance of their true impact.</p>\n<p>The new paradigm puts a much lower value on authority.20 The underlying be¬ lief is that physicians can gain the skills to make independent assessments ofev¬ idence and thus evaluate the credibility of opinions being offered by experts.</p>\n<p>The decreased emphasis on authority does not imply a rejection of what one can learn from colleagues and teachers, whose years of experience have provid¬ ed them with insight into methods of history taking, physical examination, and diagnostic strategies. This knowledge can never be gained from formal scien¬ tific investigation. A final assumption of the new paradigm is that physicians whose practice is based on an under¬ standing of the underlying evidence will provide superior patient care.</p></section>\n<section><header>REQUIREMENTS FOR THE PRACTICE OF EVIDENCE-BASED MEDICINE</header>\n<p>The role modeling, practice, and teach¬ ing of evidence-based medicine requires skills that are not traditionally part of medical training. These include precise¬ ly defining a patient problem, and what information is required to resolve the problem; conducting an efficient search of the literature; selecting the best of the relevant studies and applying rules of evidence to determine their validity3; being able to present to colleagues in a succinct fashion the content of the ar¬ ticle and its strengths and weaknesses; and extracting the clinical message and applying it to the patient problem. We will refer to this process as the critical appraisal exercise.</p>\n<p>Evidence-based medicine also involves applying traditional skills of medical training. A sound understanding of pathophysiology is necessary to inter¬ pret and apply the results of clinical re¬ search. For instance, most patients to whom we would like to generalize the results of randomized trials would, for one reason or another, not have been enrolled in the most relevant study. The patient may be too old, be too sick, have other underlying illnesses, or be unco¬ operative. Understanding the underly¬ ing pathophysiology allows the clinician to better judge whether the results are applicable to the patient at hand and also has a crucial role as a conceptual and memory aid.</p>\n<p>Another traditional skill required of the evidence-based physician is a sen¬ sitivity to patients' emotional needs. Un¬ derstanding patients' suffering21 and how that suffering can be ameliorated by the caring and compassionate physician are fundamental requirements for medical practice. These skills can be acquired through careful observation of patients and of physician role models. Here too, though, the need for systematic study and the limitations of the present evi¬ dence must be considered. The new par¬ adigm would call for using the techniques of behavioral science to determine what patients are really looking for from their physicians22 and how physician and pa¬ tient behavior affects the outcome of care. 23 Ultimately, randomized trials using different strategies for interact¬ ing with patients (such as the random¬ ized trial conducted by Greenfield and   colleagues24 that demonstrated the pos¬ itive effects of increasing patients' in¬ volvement with their care) may be appropriate.</p>\n<p>Since evidence-based medicine in¬ volves skills of problem defining, search¬ ing, evaluating, and applying original medical literature, it is incumbent on residency programs to teach these skills.</p>\n<p>Understanding the barriers to educat¬ ing physicians-in-training in evidence- based medicine can lead to more effec¬ tive teaching strategies.</p></section>\n<section><header>EVIDENCE-BASED MEDICINE IN A MEDICAL RESIDENCY</header>\n<p>The Internal Medicine Residency Pro¬ gram at McMaster University has an explicit commitment to producing prac¬ titioners of evidence-based medicine.</p></section>\n<section><header>While other clinical departments at</header>\n<p>McMaster have devoted themselves to teaching evidence-based medicine, the commitment is strongest in the Depart¬ ment of Medicine. We will therefore fo¬ cus on the Internal Medicine Residency in our discussion and briefly outline some of the strategies we are using in imple¬ menting the paradigm shift.</p>\n<p>1. The residents spend each Wednes¬ day afternoon at an academic half-day. At the beginning of each new academic year, the rules of evidence that relate to articles concerning therapy, diagnosis, prognosis, and overviews are reviewed. In subsequent sessions, the discussion is built around a clinical case, and two original articles that bear on the prob¬ lem are presented. The residents are responsible for critically appraising the articles and arriving at bottom lines re¬ garding the strength of evidence and how it bears on the clinical problem. They learn to present the methods and results in a succinct fashion, emphasiz¬ ing only the key points. A wide-ranging discussion, including issues of underly¬ ing pathophysiology and related ques¬ tions of diagnosis and management, fol¬ lows presentation of the articles.</p>\n<p>The second part of the half-day is de¬ voted to the physical examination. Clin¬ ical teachers present optimal techniques of examination with attention to what is known about their reproducibility and accuracy.</p>\n<p>2. Facilities for computerized litera¬ ture searching are available on the teach¬ ing medical ward in each of the four teaching hospitals. Costs of searching are absorbed by the residency program.</p>\n<p>Residents not familiar with computer searching, or the Grateful Med program we use, are instructed at the beginning of the rotation. Research in our insti¬ tution has shown that MEDLINE searching from clinical settings is fea¬ sible with brief training.26 A subsequent investigation demonstrated that inter¬ nal medicine house staff who have com¬ puter access on the ward and feedback concerning their searching do an aver¬ age of more than 3.6 searches per month.26 House staff believe that more than 90% oftheir searches that are stim¬ ulated by a patient problem lead to some improvement in patient care. 25  3. Assessment of searching and crit¬ ical appraisal skills is being incorporat¬ ed into the evaluation of residents.</p>\n<p>4. We believe that the new paradigm will remain an academic mirage with little relation to the world of day-to-day clinical practice unless physicians-intraining are exposed to role models who practice evidence-based medicine. As a result, the residency program has placed major emphasis on ensuring this exposure.</p>\n<p>First, a focus of recruitment for our Department of Medicine faculty has been internists with training in clinical epidemiology. These individuals have the skills and commitment to practice evi¬ dence-based medicine. The residency program works to ensure they have clin- ical teaching roles available to them.</p>\n<p>Second, a program of more rigorous evaluation of attending physicians has been instituted. One of the areas eval¬ uated is the extent to which attending physicians are effective in teaching ev¬ idence-based medicine. The relevant items from the evaluation form are re¬ produced in the Table . \n\nThird, because it is new to both teach¬ ers and learners, and because most clin¬ ical teachers have observed few role models and have not received formal training, teaching evidence-based med¬ icine is not easy. To help attending phy¬ sicians improve their skills in this area, we have encouraged them to form part¬ nerships, which involve attending the partner's clinical rounds, making obser¬ vations, and providing formal feedback. One learns through observation and through criticisms of one's performance. A number of faculty members have par¬ ticipated in this program.</p>\n<p>To further facilitate attending physi¬ cians' improving their skills, the De¬ partment of Medicine held a retreat de¬ voted to sharing strategies for effective clinical teaching. Part of the workshop, attended by more than 30 faculty mem¬ bers, was devoted to teaching evidence- based medicine. Some of the strategies that were adduced are briefly summa¬ rized in the next section.</p></section>\n<section><header>EFFECTIVE TEACHING OF EVIDENCE-BASED MEDICINE</header></section>\n<section><header>Role Modeling</header>\n<p>Attending physicians must be enthu¬ siastic, effective role models for the prac¬ tice of evidence-based medicine (even in high-pressure clinical settings, such as intensive care units). Providing a model goes a long way toward inculcating at¬ titudes that lead learners to develop skills in critical appraisal. Acting as a role model involves specifying the strength of evidence that supports clin¬ ical decisions. In one case, the teacher can point to a number of large random¬ ized trials, rigorously reviewed and in¬ cluded in a meta-analysis, which allows one to say how many patients one must treat to prevent a death. In other cases, the best evidence may come from ac- cepted practice or one's clinical experi¬ ence and instincts. The clinical teacher should make it clear to learners on what basis decisions are being made. This can be done efficiently. For instance:</p>\n<p>Prospective studies suggest that Mr Jones' risk of a major vascular event in the first year after his infarct is 4%; a meta-analysis of randomized trials of aspirin in this situa¬ tion suggests a risk reduction of 25%; we would have to treat 100 such patients to pre¬ vent an event21; given the minimal expense and toxicity of low-dose, enteric-coated as¬ pirin, treating Mr Jones is clearly warranted.</p></section>\n<section><header>Or:</header>\n<p>How longto treat a patient with antibiotics fol¬ lowing pneumonia has not been systematically studied; so, my recommendation that we give Mrs Smith 3 days of intravenous antibiotics and treat her for a total of 10 days is arbitrary; somewhat shorter or longer courses of treat¬ ment would be equally reasonable.</p>\n<p>In the latter type of situation, dog¬ matic or rigid insistence on following a particular course of action would not be appropriate.</p></section>\n<section><header>Critical Appraisal</header>\n<p>It is crucial that critical appraisal is¬ sues arise from patient problems that the learner is currently confronting, demonstrating that critical appraisal is a pragmatic and central aspect, not an academic or tangential element of op¬ timal patient care. The problem select¬ ed for critical appraisal must be one that the learners recognize as important, feel uncertain, and do not fully trust expert opinion; in other words, they must feel it is worth the effort to find out what the literature says on a topic. The likeliest candidate topics are common problems where learners have been exposed to divergent opinions (and thus there is disagreement and/or uncertainty among the learners). The clinical teacher should keep these requirements in mind when considering questions to encourage the learners to address. It can be useful to ask all members of the group their opin¬ ion about the clinical problem at hand. One can then ensure that the problem is appropriate for a critical appraisal ex¬ ercise by asking the group the following questions:</p>\n<p>1. It seems the group is uncertain about the optimal approach. Is that right?</p>\n<p>2. Do you feel it is important for us to sort out this question by going to the original literature?</p></section>\n<section><header>Methodological Criteria</header>\n<p>Criteria for methodological rigor must be few and simple. Most published crite¬ ria can be overwhelming for the novice. Suggested criteria for studies of diagno¬ sis, treatment, and review articles follow:</p>\n<p>Diagnosis.-Has the diagnostic test been evaluated in a patient sample that included an appropriate spectrum of mild and severe, treated and untreated dis¬ ease, plus individuals with different but commonly confused disorders?28 Was there an independent, blind comparison with a \"gold standard\" of diagnosis?28</p>\n<p>Treatment.-Was the assignment of patients to treatments randomized?29 Were all patients who entered the study accounted for at its conclusion?29 Review Articles.-Were explicit methods used to determine which arti¬ cles to include in the review?30</p>\n<p>As learners become more sophisticat¬ ed, additional criteria can be introduced. The criteria should not be presented in such a way that fosters nihilism (if the study is not randomized, it is useless and provides no valuable information), but as a way of helping arrive at the strength of inference associated with a clinical decision. Teachers can point out instances in which criteria can be vio¬ lated without reducing the strength of inference.</p></section>\n<section><header>METHODS FOR SCALING THE BARRIERS TO THE DISSEMINATION OF EVIDENCE-BASED MEDICINE Misapprehensions About</header></section>\n<section><header>Evidence-Based Medicine</header>\n<p>In developing the practice and teach¬ ing of evidence-based medicine at our institution, we have found that the na¬ ture of the new paradigm is sometimes misinterpreted. Recognizing the limita¬ tions of intuition, experience, and un¬ derstanding of pathophysiology in per¬ mitting strong inferences may be mis¬ interpreted as rejecting these routes to knowledge. Specific misinterpretations ofevidence-based medicine and their cor¬ rections follow: Misinterpretation 1.-Evidence- based medicine ignores clinical experi¬ ence and clinical intuition.</p>\n<p>Correction.-On the contrary, it is important to expose learners to excep¬ tional clinicians who have a gift for in¬ tuitive diagnosis, a talent for precise observation, and excellent judgment in making difficult management decisions. Untested signs and symptoms should not be rejected out of hand. They may prove extremely useful and ultimately be proved valid through rigorous test¬ ing. The more the experienced clinicians can dissect the process they use in di¬ agnosis,31 and clearly present it to learn¬ ers, the greater the benefit. Similarly, the gain for students will be greatest when clues to optimal diagnosis and treatment are culled from the barrage of clinical information in a systematic and reproducible fashion.</p>\n<p>Institutional experience can also pro¬ vide important insights. Diagnostic tests may differ in their accuracy depending on the skill of the practitioner. A local expert in, for instance, diagnostic ultra¬ sound may produce far better results than the average from the published lit¬ erature. The effectiveness and compli¬ cations associated with therapeutic in¬ terventions, particularly surgical pro¬ cedures, may also differ among institu¬ tions. When optimal care is taken to both record observations reproducibly and avoid bias, clinical and institutional experience evolves into the systematic search for knowledge that forms the core of evidence-based medicine.32 Misinterpretation 2.-Understand¬ ing ofbasic investigation and pathophysiology plays no part in evidence-based medicine.</p>\n<p>Correction.-The dearth of adequate evidence demands that clinical problem solving must rely on an understanding of underlying pathophysiology. More¬ over, a good understanding of patho¬ physiology is necessary for interpreting clinical observations and for appropri¬ ate interpretation of evidence (especial¬ ly in deciding on its generalizability).</p>\n<p>Misinterpretation 3.-Evidence- based medicine ignores standard aspects of clinical training, such as the physical examination.</p>\n<p>Correction.-Careful history taking and physical examination provide much, and often the best, evidence for diag¬ nosis and direct treatment decisions. The clinical teacher of evidence-based med¬ icine must give considerable attention to teaching the methods of history tak¬ ing and clinical examination, with par¬ ticular attention to which items have demonstrated validity and to strategies that enhance observer agreement.</p></section>\n<section><header>Barriers to Teaching</header>\n<p>Evidence-Based Medicine Difficulties we have encountered in teaching evidence-based medicine in¬ clude the following:</p>\n<p>1. Many house staff start with rudi¬ mentary critical appraisal skills and the topic may be threatening for them.</p>\n<p>2. People like quick and easy answers. Cookbook medicine has its appeal. Crit¬ ical appraisal involves additional time and effort and may be perceived as in¬ efficient and distracting from the real goal (to provide optimal care for pa¬ tients).</p>\n<p>3. For many clinical questions, highquality evidence is lacking. If such ques¬ tions predominate in attempts to intro¬ duce critical appraisal, a sense of futility can result.</p>\n<p>4. The concepts of evidence-based medicine are met with skepticism by many faculty members who are there¬ fore unenthusiastic about modifying their teaching and practice in accordance with its dictates. These problems can be ameliorated by use of the strategies described in the previous section on effective teaching of evidence-based medicine. Threat can be reduced by making a contract with the residents, which sets out modest and achievable goals, and further reduced by the attending physician role model¬ ing the practice of evidence-based med¬ icine. Inefficiency can be reduced by teaching effective searching skills and simple guidelines for assessing the va¬ lidity of the papers. In addition, one can emphasize that critical appraisal as a strategy for solving clinical problems is most appropriate when the problems are common in one's own practice. Futility can be reduced by, particularly initially, targeting critical appraisal exercises to areas in which there is likely to be highquality evidence that will affect clinical decisions. Skepticism of faculty mem¬ bers can be reduced by the availability of \"quick and dirty\" (as well as more sophisticated) courses on critical apprais¬ al of evidence and by the teaching part¬ nerships and teaching workshops de¬ scribed earlier.</p>\n<p>Many problems in the practice and teaching of evidence-based medicine re¬ main. Many physicians, including both residents and faculty members, are still skeptical about the tenets of the new paradigm. A medical residency is full of competing demands, and the appropri¬ ate balance between goals is not always evident. At the same time, we are buoyed by the number of residents and faculty who have enthusiastically adopted the new approach and found ways to inte¬ grate it into their learning and practice. Barriers </p></section>\n<section><header>to Practicing</header>\n<p>Evidence-Based Medicine Even if our residency program is suc¬ cessful in producing graduates who en¬ ter the world of clinical practice enthu¬ siastic to apply what they have learned about evidence-based medicine, they will face difficult challenges. Economic con¬ straints and counterproductive incen¬ tives may compete with the dictates of evidence as determinants of clinical de¬ cisions; the relevant literature may not be readily accessible; and the time avail¬ able may be insufficient to carefully re¬ view the evidence (which may be volu¬ minous) relevant to a pressing clinical problem.</p>\n<p>Some solutions to these problems are already available. Optimal integration of computer technology into clinical prac¬ tice facilitates finding and accessing ev¬ idence. Reference to literature over- views meeting scientific principles30,33 and collections of methodologically sound and highly relevant articles14 can mark¬ edly increase efficiency. Other solutions will emerge over time. Health educa¬ tors will continue to find better ways of role modeling and teaching evidence- based medicine. Standards in writing reviews and texts are likely to change, with a greater focus on methodological rigor.15•16 Evidence-based summaries will therefore become increasingly available. Practical approaches to making evi¬ dence-based summaries easier to apply in clinical practice, many based on com¬ puter technology, will be developed and expanded. As described earlier, we are already using computer searching on the ward. In the future, the results of di¬ agnostic tests may be provided with the associated sensitivity, specificity, and likelihood ratios. Health policymakers may find that the structure of medical practice must be shifted in basic ways to facilitate the practice of evidence-based medicine. Increasingly, scientific over¬ views will be systematically integrated with information regarding toxicity and side effects, cost, and the consequences of alternative courses of action to de¬ velop clinical policy guidelines.34 The prospects for these developments are both bright and exciting.</p></section>\n<section><header>DOES TEACHING AND LEARNING EVIDENCE-BASED MEDICINE IMPROVE PATIENT OUTCOMES?</header>\n<p>The proof of the pudding of evidence- based medicine lies in whether patients cared for in this fashion enjoy better health. This proof is no more achievable for the new paradigm than it is for the old, for no long-term randomized trials of traditional and evidence-based med¬ ical education are likely to be carried out. What we do have are a number of short-term studies which confirm that the skills of evidence-based medicine can be taught to medical students35 and med¬ ical residents.36 In addition, a study com¬ pared the graduates of a medical school that operates under the new paradigm (McMaster) with the graduates of a tra¬ ditional school. A random sample of McMaster graduates who had chosen careers in family medicine were more knowledgeable with respect to current therapeutic guidelines in the treatment of hypertension than were the gradu¬ ates of the traditional school.37 These results suggest that the teaching of ev¬ idence-based medicine may help grad¬ uates stay up-to-date. Further evalua¬ tion of the evidence-based medicine ap¬ proach is necessary.</p>\n<p>Our advocating evidence-based med¬ icine in the absence of definitive evi¬ dence of its superiority in improving pa- tient outcomes may appear to be an in¬ ternal contradiction. As has been point¬ ed out, however, evidence-based medicine does not advocate a rejection of all innovations in the absence of de¬ finitive evidence. When definitive evi¬ dence is not available, one must fall back on weaker evidence (such as the com¬ parison of graduates of two medical schools that use different approaches cited above) and on biologic rationale. The rationale in this case is that physi¬ cians who are up-to-date as a function of their ability to read the current litera¬ ture critically, and are able to distin¬ guish strong from weaker evidence, are likely to be more judicious in the ther¬ apy they recommend. Physicians who understand the properties of diagnostic tests and are able to use a quantitative approach to those tests are likely to make more accurate diagnoses. While this ra¬ tionale appears compelling to us, com¬ pelling rationale has often proved mis¬ leading. Until more definitive evidence is adduced, adoption of evidence-based medicine should appropriately be re¬ stricted to two groups. One group com¬ prises those who find the rationale com¬ pelling, and thus believe that use of the evidence-based medicine approach is likely to improve clinical care. A second group comprises those who, while skep¬ tical of improvements in patient out¬ come, believe it is very unlikely that deterioration in care results from the evidence-based approach and who find that the practice of medicine in the new paradigm is more exciting and fun.</p></section>\n<section><header>CONCLUSION</header>\n<p>Based on an awareness of the limita¬ tions of traditional determinants of clin¬ ical decisions, a new paradigm for med¬ ical practice has arisen. Evidence-based medicine deals directly with the uncer¬ tainties of clinical medicine and has the potential for transforming the educa¬ tion and practice of the next generation of physicians. These physicians will con¬ tinue to face an exploding volume of literature, rapid introduction of new technologies, deepening concern about burgeoning medical costs, and increas¬ ing attention to the quality and outcomes of medical care. The likelihood that ev¬ idence-based medicine can help amelio¬ rate these problems should encourage its dissemination.</p>\n<p>Evidence-based medicine will require new skills for the physician, skills that residency programs should be equipped to teach. While strategies for inculcat¬ ing the principles ofevidence-based med¬ icine remain to be refined, initial expe¬ rience has revealed a number of effec¬ tive approaches. Incorporating these practices into postgraduate medical ed- ucation and continuing to work on their further development will result in more rapid dissemination and integration of the new paradigm into medical practice.</p></section>\n<section><p>The Evidence-Based Medicine Working Group comprised the following: Gordon Guyatt (chair), MD, MSc, John Cairns, MD, David Churchill, MD, MSc, Deborah Cook, MD, MSc, Brian  Haynes, MD, MSc, PhD, Jack Hirsh, MD, Jan Irvine, MD, MSc, Mark Levine, MD, MSc, Mitchell Levine, MD, MSc, Jim Nishikawa, MD, and David Sackett, MD, MSc, Departments of Medicine and Clinical Epidemiol¬ ogy and Biostatistics, McMaster University, Hamilton, Ontario; Patrick Brill-Edwards, MD, Hertzel Gerstein, MD, MSc, Jim Gibson, MD, Ro¬ man Jaeschke, MD, MSc, Anthony Kerigan, MD, MSc, Alan Neville, MD, and Akbar Panju, MD, De- References partment of Medicine, McMaster University; Allan Detsky, MD, PhD, Department of Clinical Epide¬ miology and Biostatistics, McMaster University and Departments of Health Administration and Medicine, University of Toronto (Ontario); Murray Enkin, MD, Departments of Clinical Epidemiology and Biostatistics and Obstetrics and Gynaecology, McMaster University; Pamela Frid, MD, Depart¬ ment of Pediatrics, Queen's University, Kingston, Ontario; Martha Gerrity, MD, Department of Med¬ icine, University of North Carolina, Chapel Hill; Andreas Laupacis, MD, MSc, Department of Clin¬ ical Epidemiology and Biostatistics, McMaster University and Department of Medicine, Univer¬ sity of Ottawa (Ontario); Valerie Lawrence, MD, Department of Medicine, University of Texas Health Science Center at San Antonio and Audie L. Murphy Memorial Veterans Hospital, San Antonio, Tex; Joel Menard, MD, Centre de Medicine Trezen- tize Cardio-Vasculaires, Paris, France; Virginia Moyer, MD, Department of Pediatrics, University of Texas, Houston; Cynthia Mulrow, MD, Depart¬ ment of Medicine, University of Texas, San Anto¬ nio; Paul Links, MD, MSc, Department of Psychi¬ atry, McMaster University; Andrew Oxman, MD, MSc, Departments of Clinical Epidemiology and Biostatistics and Family Medicine, McMaster Uni¬ versity; Jack Sinclair, MD, Departments of Clinical Epidemiology and Biostatistics and Pediatrics, McMaster University; and Peter Tugwell, MD, MSc, Department of Medicine, University of Ot¬ tawa (Ontario). Drs Cook and Guyatt are Career Scientists of the Ontario Ministry of Health. Dr Haynes is a Na¬ tional Health Scientist, National Health Research and Development Program, Canada. Drs Jaeschke and Cook are Scholars of the St Joseph's Hospital Foundation, Hamilton, Ontario.</p></section></content>",
    "ctr": 0.1,
    "custom_score": 1.0,
    "id": {
        "dois": [
            "10.1001/jama.1992.03490170092032"
        ]
    },
    "issued_at": 720835200,
    "languages": [
        "en"
    ],
    "links": [
        {
            "cid": "bafyb4ietu2woi625bbidxu7beqh63w3qrt7nllucex5bo27lnm6ud4kihq",
            "extension": "pdf",
            "filesize": 1108750,
            "md5": "84b4a61d6e0d16909cd4b837416690e7",
            "type": "primary"
        }
    ],
    "metadata": {
        "container_title": "JAMA",
        "first_page": 2420,
        "issns": [
            "0098-7484"
        ],
        "issue": "17",
        "volume": "268"
    },
    "page_rank": 0.32078427,
    "referenced_by_count": 2273,
    "tags": [
        "General Medicine"
    ],
    "title": "Evidence-Based Medicine: A New Approach to Teaching the Practice of Medicine",
    "type": "journal-article",
    "updated_at": 1693701872
}