{
    "authors": [
        {
            "family": "Prasad",
            "given": "Vinay",
            "sequence": "first"
        },
        {
            "family": "Rho",
            "given": "Jason",
            "sequence": "additional"
        },
        {
            "family": "Cifu",
            "given": "Adam",
            "sequence": "additional"
        }
    ],
    "ctr": 0.1,
    "custom_score": 1.0,
    "id": {
        "dois": [
            "10.1001/archinternmed.2012.195"
        ]
    },
    "issued_at": 1340582400,
    "languages": [
        "en"
    ],
    "metadata": {
        "container_title": "Archives of Internal Medicine",
        "issns": [
            "0003-9926"
        ],
        "issue": "12",
        "publisher": "American Medical Association (AMA)",
        "volume": "172"
    },
    "page_rank": 0.19774811,
    "referenced_by_count": 25,
    "tags": [
        "Internal Medicine"
    ],
    "title": "The Diagnosis and Treatment of Pulmonary Embolism: A Metaphor for Medicine in the Evidence-Based Medicine Era",
    "type": "journal-article",
    "updated_at": 1695723375
}