{
    "authors": [
        {
            "family": "Wijnberge",
            "given": "Marije",
            "sequence": "first"
        },
        {
            "family": "Geerts",
            "given": "Bart F.",
            "sequence": "additional"
        },
        {
            "family": "Hol",
            "given": "Liselotte",
            "sequence": "additional"
        },
        {
            "family": "Lemmers",
            "given": "Nikki",
            "sequence": "additional"
        },
        {
            "family": "Mulder",
            "given": "Marijn P.",
            "sequence": "additional"
        },
        {
            "family": "Berge",
            "given": "Patrick",
            "sequence": "additional"
        },
        {
            "family": "Schenk",
            "given": "Jimmy",
            "sequence": "additional"
        },
        {
            "family": "Terwindt",
            "given": "Lotte E.",
            "sequence": "additional"
        },
        {
            "family": "Hollmann",
            "given": "Markus W.",
            "sequence": "additional"
        },
        {
            "family": "Vlaar",
            "given": "Alexander P.",
            "sequence": "additional"
        },
        {
            "family": "Veelo",
            "given": "Denise P.",
            "sequence": "additional"
        }
    ],
    "ctr": 0.1,
    "custom_score": 1.0,
    "id": {
        "dois": [
            "10.1001/jama.2020.0592"
        ]
    },
    "issued_at": 1584403200,
    "languages": [
        "en"
    ],
    "links": [
        {
            "cid": "bafkr4idxba6vnm3q7hu7bwebjouo4z3eb2675mmgiod5mfstsq5t7rgi3y",
            "extension": "pdf",
            "filesize": 440649,
            "md5": "5626602fa0ae7a820279b1e91d639d95",
            "type": "primary"
        }
    ],
    "metadata": {
        "container_title": "JAMA",
        "first_page": 1052,
        "issns": [
            "0098-7484"
        ],
        "issue": "11",
        "publisher": "American Medical Association (AMA)",
        "volume": "323"
    },
    "page_rank": 0.2104849,
    "referenced_by_count": 217,
    "references": [
        {
            "doi": "10.1002/bjs.2019.106.issue-2",
            "type": "reference"
        },
        {
            "doi": "10.1213/ane.0000000000004121",
            "type": "reference"
        },
        {
            "doi": "10.1016/j.amjmed.2014.11.030",
            "type": "reference"
        },
        {
            "doi": "10.1097/aln.0000000000000922",
            "type": "reference"
        },
        {
            "doi": "10.1016/j.archger.2015.07.006",
            "type": "reference"
        },
        {
            "doi": "10.1097/aln.0000000000000765",
            "type": "reference"
        },
        {
            "doi": "10.1097/eja.0000000000000735",
            "type": "reference"
        },
        {
            "doi": "10.1097/aln.0000000000000756",
            "type": "reference"
        },
        {
            "doi": "10.1097/aln.0b013e3181c14930",
            "type": "reference"
        },
        {
            "doi": "10.1097/aln.0000000000002300",
            "type": "reference"
        },
        {
            "doi": "10.1213/ane.0000000000003482",
            "type": "reference"
        },
        {
            "doi": "10.1186/s13063-019-3637-4",
            "type": "reference"
        },
        {
            "doi": "10.1097/01.sla.0000133083.54934.ae",
            "type": "reference"
        },
        {
            "doi": "10.1007/s10877-019-00284-1",
            "type": "reference"
        },
        {
            "doi": "10.1186/s13741-018-0094-7",
            "type": "reference"
        },
        {
            "doi": "10.1080/09638288.2016.1223177",
            "type": "reference"
        },
        {
            "doi": "10.1097/00000421-198212000-00014",
            "type": "reference"
        },
        {
            "doi": "10.1097/aln.0000000000001432",
            "type": "reference"
        },
        {
            "doi": "10.1016/j.bja.2019.01.013",
            "type": "reference"
        },
        {
            "doi": "10.1001/jama.2017.14172",
            "type": "reference"
        },
        {
            "doi": "10.1016/j.bja.2018.04.036",
            "type": "reference"
        },
        {
            "doi": "10.1016/j.bja.2019.01.011",
            "type": "reference"
        }
    ],
    "tags": [
        "General Medicine"
    ],
    "title": "Effect of a Machine Learning–Derived Early Warning System for Intraoperative Hypotension vs Standard Care on Depth and Duration of Intraoperative Hypotension During Elective Noncardiac Surgery: The HYPE Randomized Clinical Trial",
    "type": "journal-article",
    "updated_at": 1694001168
}