{
    "authors": [
        {
            "family": "Alba",
            "given": "Ana Carolina"
        },
        {
            "family": "Agoritsas",
            "given": "Thomas"
        },
        {
            "family": "Walsh",
            "given": "Michael"
        },
        {
            "family": "Hanna",
            "given": "Steven"
        },
        {
            "family": "Iorio",
            "given": "Alfonso"
        },
        {
            "family": "Devereaux",
            "given": "P. J."
        },
        {
            "family": "McGinn",
            "given": "Thomas"
        },
        {
            "family": "Guyatt",
            "given": "Gordon"
        }
    ],
    "content": "Clinical Scenario\nYou are a general internist seeing an ambulatory consult. This new patient is a 54-year-old male with a history of hypertension treated with calcium channel blockers. He smokes and has a sedentary lifestyle but has not had any previous cardiovascular events. What is the risk of a cardiovascular event for this patient? Recent laboratory results show normal levels of total cholesterol (198 mg/dL) and low-density lipoprotein cholesterol (138 mg/dL), but a decreased level of high-density lipoprotein cholesterol (39 mg/dL). On physical examination, his systolic and diastolic blood pressure is 130 mm Hg and 80 mm Hg, respectively. Based on this information and using an online tool (Pooled Cohort Equations [modified from the Framingham risk score, which is recommended by the American Heart Association]), you calculate his risk of a cardiovascular event (myocardial infarction, stroke, or death due to coronary artery disease) to be 12.4% at 10 years. Given this risk, current US, European, and Canadian guidelines recommend smoking cessation, regular physical activity, and initiation of statin therapy for primary prevention. When presented with the risk estimate, the patient is concerned, and although open to trying to stop smoking and exercise more, is reluctant to begin medication. Questioning the risk estimate, he points out that based on his family history of long survival without heart disease, the instrument has probably overestimated his risk. You are aware that another laboratory assay, N-terminal pro-B-type natriuretic peptide (NT-proBNP), may help to further differentiate patients at varying risk and consider whether this would help resolve the current dilemma. Before suggesting the test to the patient, you review the evidence regarding whether NT-proBNP will help to better categorize your patient's risk.\n\nWhy Clinicians Measure Prognosis\nAccurate prognostic information is vitally important for patients and physicians to make optimal health-related and life decisions. For example, if a patient is at low risk of a future adverse event, the absolute benefit offered by an effective therapy may be small in relation to the potential harm, burden, and cost. Among higher-risk patients, the same treatment may offer substantial benefits. Thus, accurate prognostic assessment assists patients and physicians in the shared decision-making process, preventing testing in low-risk situations, and avoiding delays in treatment when there is a high probability of a favorable net benefit.\n\nHow Can Clinicians Estimate Prognosis?\nThere are several ways to estimate a patient's prognosis. First, it may sometimes be adequate for patients and clinicians to use their intuition. However, use of intuition is often limited; for example, patients with heart failure tend to overestimate their life expectancy, particularly if they are younger and more symptomatic. In contrast, primary care physicians overestimate mortality risk in patients with heart failure, particularly in patients who are stable and mildly symptomatic. Second, clinicians might consider estimates of the mean prognosis from observational studies or randomized clinical trials of broad populations, or from meta-analyses of such studies. For example, a report from the registry of the International Society for Heart and Lung Transplantation described, in approximately 23 000 adults receiving their first heart transplant between 2006 and 2012, a 1-and 5-year mortality risk of 14% and 27%, respectively. Such risk estimates may provide a starting point, but are limited by failure to consider factors (eg, age and the presence of comorbidities) that are likely to define the individual risk more accurately than the population average. Accurate information regarding prognosis is fundamental to optimal clinical care. The best approach to assess patient prognosis relies on prediction models that simultaneously consider a number of prognostic factors and provide an estimate of patients' absolute risk of an event. Such prediction models should be characterized by adequately discriminating between patients who will have an event and those who will not and by adequate calibration ensuring accurate prediction of absolute risk. This Users' Guide will help clinicians understand the available metrics for assessing discrimination, calibration, and the relative performance of different prediction models. This article complements existing Users' Guides that address the development and validation of prediction models. Together, these guides will help clinicians to make optimal use of existing prediction models.Third, clinicians may rely on studies that address such prediction factors. However, interpretation of the relative effects from these prognostic studies depends on accurate estimates of baseline risk. Many prognostic studies report only relative measures of association such as a relative risk or hazard ratio. For example, a large US cohort study reported that among patients with an implantable cardioverter-defibrillator, receiving a shock was associated with a doubling of mortality. This study failed to report the absolute risk of dying. If the baseline 1-year mortality risk in patients who have an implantable cardioverter-defibrillator without shocks is 2%, receiving a shock increases the risk to 4% (an absolute increase of 2%), whereas if the baseline risk is 20%, receiving a shock increases the risk to 40% (an absolute increase of 20%). If physician-judged estimates of baseline risk differ substantially from the actual risk, the application of the relative effects associated with patient characteristics will be misleading.Fourth, a more informative approach relies on models that simultaneously consider a number of prognostic factors (eg, age, sex, symptoms, signs, laboratory results) and provide an estimate of patients' absolute risk of an event (eg, prediction or prognostic rules, guides, or models to assess the risk of stroke or death or the likelihood of a diagnosis (eg, diagnostic rules, guides, or models to aid in the diagnosis of Alzheimer disease 10 or pulmonary embolism or to address the possibility of having a concerning intraabdominal diagnosis in patients visiting emergency departments ). Investigators developing such models use sophisticated statistical techniques to identify a manageable number of variables that provide estimates of a patient's likelihood of the target outcome or diagnosis of interest.Although there are a wide variety of clinical prediction rules or models available, many are seldom used. Reasons for this limited uptake may relate to the absence of guidelines recommending their use and consequent physician unawareness, 13 complexity of the underlying clinical problem, 13 impracticality of a model or difficulty accessing the model, or uncertainty of the effect on clinical management. The Transparent Reporting of a Multivariable Prediction Model for Individual Prognosis or Diagnosis (TRIPOD) statement provides guidelines for researchers reporting on studies presenting a new model or validating an existing model. Previous Users' Guides 17,18 have (1) reviewed the steps in the development and validation of prediction models (eFigure in the Supplement);(2) provided an approach for judging the credibility of the prediction models (eBox in Supplement); and (3) focused on the available study designs, issues in implementation of the designs, and the appropriate inferences given the design, implementation, and results. Among the issues the guides have addressed is the optimal conduct of the studies in which authors developed their models. Clinicians particularly interested in this issue can, in addition to previous Users' Guides, find useful discussion elsewhere. Investigators can address the prognostic capability of their model at the time they first develop it or at the stage of initial or more robust validation. An important issue that previous Users' Guides have left largely unaddressed is evaluating the prediction capability of the model (ie, judging how well the model predicts the outcome). The purpose of this Users' Guide is to introduce clinicians to the available approaches for assessing the prognostic capability of prediction rules, outline the strengths and limitations of these approaches, and provide guidance on how to interpret the results (Box).\n\nWhat Makes a Good Model?\nAn ideal but probably unrealistic model will correctly identify every patient who will develop an event vs those who will not, and will not misclassify any patients. The extent to which any model comes close to achieving this goal can be characterized by the 2 related properties of discrimination and calibration.Discrimination refers to how well the model differentiates those at higher risk of having an event from those at lower risk. Discrimination depends on the distribution of patient characteristics in the population in which the model is being used. A model could well discriminate patients with events from those without events in a heterogenous population with widely different values of predictors included in the model (eg, age, sex, laboratory values); however, the same model could fail to discriminate patients in a more homogenous population. An extreme example is a model including age as a predictor that may work well in a population with a flat age distribution between 20 and 90 years, but fail in another population in which all patients are between the ages of 50 and 60 years.However, discrimination alone is insufficient to assess a model's prediction capability. Consider a model that accurately characterizes patient 2 at double the risk of patient 1, and patient 3 at 3 times the risk of patient 1. Such a relative characterization may be correct, but will nevertheless be misleading if it predicts that patients 1, 2, and 3 have respective absolute risks of 1%, 2%, and 3% when in fact their true risks are 10%, 20%, and 30%.Although discrimination alone is insufficient, clinicians should not use a model that fails to differentiate between those with higher risk and those with lower risk. When discrimination is poor, there is no need to further assess other model characteristics.The second necessary property of a model informs clinicians how similar the predicted absolute risk is to the true (observed) risk in groups of patients classified in different risk strata. Calibration refers to the accuracy of absolute risk estimates. To the extent that the estimates are accurate, the model is well calibrated.Calibration may be excellent in some patients, but not as good in others. For example, a model can be accurate at estimating risk for individuals in the range 0% to 20%, but overestimates risks in How well calibrated is the model? Does a visual representation suggest a consistent good fit between predicted and observed outcomes in patients at different risk categories? When comparing 2 models or a modification of an existing model (ie, addition of a new variable), does 1 of the models predict risk more accurately? individuals at higher risk. Such poor calibration among patients with higher risk may or may not be a problem. For instance, if the threshold for decision making is 10% (ie, an intervention is warranted if the risk is Ն10%), a model that overestimates risk by more than 20% would still be clinically applicable. The overestimates among patients at higher risk would be irrelevant. A useful model should have both satisfactory discrimination and calibration, but this example suggests that a superficial examination may provide a misleading inference about what is satisfactory.\n\nMeasuring Discrimination\nMeasures of discrimination address the extent to which a model predicts a higher probability of having an event among patients who will vs those who will not have an event. There are a number ways to assess discrimination. For binary (eg, dead or alive) outcomes, discrimination is typically characterized using the receiver operating characteristic (ROC) curve or C statistic. After taking all possible pairs of patients and comparing the predicted probabilities, if the model cannot discriminate between which patients will have vs will not have an event, the C statistic (or ROC) is 0.5 (ie, no better than chance). If the model always produces a higher probability for patients having events vs those not having events, the C statistic is 1.0. The true-positive and false-positive rates must be balanced against each other by choosing a cut point or threshold of the test result (or model score) for deciding whether a patient is at increased or decreased risk of experiencing an event. Choosing a cut point that increases the true-positive rate will increase the falsepositive rate (and vice versa).Figure depicts the hypothetical relationship between a model's sensitivity and false-positive rate, which is called an ROC curve. This example illustrates the performance of a score derived from a regression model in which different weights (β coefficients) given to each predictor are added (ie, in a model with 3 predictors: predictor 1 × β 1 + predictor 2 × β 2 + predictor 3 × β 3 ). Looking at Figure , consider first curve B. Using a high threshold of a test result (ie, requiring a high risk score before predicting the patient will have an event), there will be no false-positive results; however, only 30% of those destined to have the event will be correctly identified (point x on curve B in Figure ). Choosing a lower threshold increases sensitivity, but at the cost of more false-positive results (point y, sensitivity of 75%, 20% are false-positive results). The cost of a high sensitivity with an even lower threshold limits the model's ability to identify patients who will not experience an event (point z, sensitivity of 95%, 70% are false-positive results).The greater the area under the ROC curve (the less is given up in false-positive results as sensitivity increases), the better the prediction model. A perfect ROC curve would have an area under the curve of 100%. The model will accurately classify all patients with events as higher risk relative to those without events (curve A in Figure ). An ROC curve no better than chance would have an area under the curve of 50%. The model would have equal probability of assigning patients with vs those without events to a risk stratum (curve C in Figure ).Both the ROC curve and the C statistic represent the probability that the score or risk prediction is higher for a random patient with an event than for a random patient without an event, which is a characterization that unfortunately fails to provide an intuitive sense of the value of the prediction guide. A generally accepted approach suggests that an area under the ROC curve or C statistic of less than 0.60 reflects poor discrimination; 0.60 to 0.75, possibly helpful discrimination; and more than 0.75, clearly useful discrimination. Such thresholds provide some notion of the prediction capability for existing models (a number of which are listed in the eTable in the Supplement) but are arbitrary to some extent. This is particularly true because the clinical implications of the probability of patients correctly vs incorrectly classified are specific to the clinical context. For example, it may (or may not) be more problematic to misclassify a patient with pulmonary embolism as being thrombosis-free than misclassifying a patient as having a pulmonary embolism.A model can have excellent discrimination (and thus a high C statistic) and still provide misleading absolute risks. Correctly identifying a 5-fold gradient in risk is impressive, but if the model predicts risks of 1% and 5% in the 2 groups and the real risks are 10% and 50%, it is not useful. Such a model is referred to as being poorly calibrated.For example, the European System for Cardiac Operative Risk Evaluation Score II (EuroSCORE II), a model to predict mortality associated with cardiac surgery, showed excellent discrimination (C static of 0.80) in a validation cohort. However, it substantially The test or model correctly identifies all patients experiencing an event without misclassifying any patients who do not experience an event (AUC = 1.0). Curve B shows a more typical curve of a potentially useful test. The model correctly classifies more patients with events than misclassifies patients without events (AUC = 0.8). Curve C shows a test that it is no better than chance. The model has similar chances of correctly classifying patients with vs patients without events (AUC = 0.5). Point x on curve B represents a model with a high threshold for a positive result (ie, requiring a high-risk score before predicting the patient will have an event) and no false-positive results; however, only 30% of those destined to have the event will be correctly identified. Point y represents an example of a model with increased sensitivity but at the cost of more false-positive results (sensitivity of 75%, 20% are false-positive results). Point z represents a model with a high sensitivity (95%) but with limited ability to identify patients who will not experience an event (70% are false-positive results). overestimated mortality in higher-risk patients. For instance, an individual undergoing elective surgery with a EuroSCORE II predicted mortality risk of 50% would have an actual risk of dying after surgery of 25%. This falsely high mortality risk may lead a patient to choose not to undergo surgery, whereas understanding the true risk may lead to the opposite decision. Thus, models need more than discriminatory power to function optimally, and clinicians need to know more than discrimination to judge their usefulness. Critics of the ROC curve and the C statistic have further noted that they are insensitive to changes in absolute risk estimates. The addition of a new predictor may contribute important prognostic and discriminatory power to a model; however, the C statistic may not increase substantially, particularly if the initial C statistic model is already high.\n\nMeasuring Calibration\nCalibration or goodness of fit is often considered the most important property of a model, and reflects the extent to which a model correctly estimates the absolute risk (ie, if the values predicted by the model agree with the observed values). Poorly calibrated models will underestimate or overestimate the outcome of interest.Assessing calibration involves comparing predicted and observed risk at different levels 28 in (1) the whole population (mean calibration); (2) different groups of patients based on predicted risk; or (3) different groups of patients based on combinations of predictors (covariates). An excellent model will show strong calibration for different groups of patients with different characteristics; however, simulation exercises suggest that accurate calibration for different populations may be unrealistic. Models that are well calibrated to predict average population risk could have poor discrimination and thus no clinical value. A model with adequate calibration by predicted risk strata will provide useful information for clinical decision making.Consider the following example. Based on registry data, patients can expect a survival rate of approximately 85% at 1 year after heart transplantation. Patients with advanced heart failure should have a predicted mortality of more than 15% prior to heart transplantation to provide a mortality benefit over the course of 1 year. The Meta-analysis Global Group in Chronic Heart Failure (MAGGIC) risk score has been developed to predict mortality. A validation study showed good overall discrimination using the MAGGIC risk score among patients with heart failure as assessed by the C statistic (0.77). However, among patients with an actual mortality of greater than 30%, the model underestimated mortality risk by 10% or greater (Figure ). Some individuals in whom the model predicted mortality risk of 30% might still decide to continue with medical therapy and delay heart transplant (such individuals had an actual mortality of approximately 50%). Therefore, use of the model would lead some patients to inappropriately defer transplant.Although the visual representation of the relationship between predicted and observed (Figure ) is the best way to evaluate calibration, an alternative is to evaluate the difference between the predicted and the observed values using statistical tests (eg, the Hosmer-Lemeshow test) to determine whether chance can explain the difference between the predicted and the observed event rate. However, the Hosmer-Lemeshow test has limitations. A statistically significant result suggests that there is a difference be-tween the predicted and the observed event rate that cannot be explained by chance, but gives no indication of the magnitude of the difference or whether (as in Figure ) it varies among patients with low vs high risk.The Hosmer-Lemeshow test may be also misleading when the sample size is large. In this case, a clinically trivial difference between the predicted and the observed risk could lead to a statistically significant Hosmer-Lemeshow test result.Discrimination and calibration are both important characteristics in the evaluation of model performance; however, they remain underreported in the published medical literature. A systematic review addressing prediction models of cardiovascular outcomes noted that only 63% reported on discrimination and only 36% reported on calibration.\n\nComparison of 2 Models\nThe effectiveness of risk prediction models can be assessed in various ways. For example, the Akaike index criterion and the Bayesian index criterion provide statistics that rate model calibration as better or worse (a lower value using the Akaike or Bayesian index criterion suggests a better model fit or calibration), but provide no indication of how close the best model predicts the actual observed risk. Similarly, comparing C statistics does not provide insight into the relative merits of alternative models for predicting risk.One popular method for assessing how much better a new model is at predicting risk than another is called net reclassification. Net reclassification involves classifying patients in risk categories and determining how a new model reclassifies patients into various risk categories compared with a previous model. Risk differences are classified based on the actual outcome patients experienced (ie, having vs not having the event of interest such as death or a stroke). 31 The graph represents the relationship between observed (the data markers represent the mean and the error bars represent the 95% CI) and predicted 1-year mortality using the Meta-analysis Global Group in Chronic Heart Failure (MAGGIC) risk score (orange line). The model underestimated mortality in patients with a predicted mortality greater than 30%. Adapted from Sartipy et al. The relative merit of the 2 models may be summarized by calculating (1) the number of patients who had the event of interest to whom the new model assigns a higher risk category than the prior model (a desirable reclassification), and (2) the number of patients who did not have the event to whom it assigns a lower risk category (also a desirable reclassification). There are different ways of summarizing the extent of reclassification. One of the most widely used summary statistics has been labeled as the net reclassification index (NRI). Calculating the NRI requires adding the percentage of patients having an event correctly reclassified (No. with the event who have a greater risk in the new model compared with the old model − No. with the event and Patients with events (n=10 000, 50% of total)Patients without events (n=10 000, 50% of total)Patients with events (n=1000, 9% of total)Patients without events (n=10 000, 91% of total) . This is the most commonly used method and is called the additive NRI (Figure ). The absolute NRI calculates the absolute number of patients correctly reclassified: net reclassification of patients with the event + net reclassification of patients without the event/total No. of patients.The additive NRI can range from 200 (all patients with events had higher risk prediction and all patients without events had lower risk prediction with the new model) to −200 (the opposite) and its value does not represent a proportion, whereas the absolute NRI can range from −100% to 100% representing the proportion of patients incorrectly or correctly reclassified. The major limitation of the additive NRI is that it does not consider the prevalence of the events and nonevents in the population. Therefore, if a prediction model does better among patients who had an event in a sample in which the number of patients with events is small, but worse in a sample in which the number of patients without events is large, the results could be misleading. The absolute NRI avoids this problem. The following examples illustrate this advantage.Consider the hypothetical scenarios presented in Figure in which there is an equal proportion of patients with and without events. In this scenario, the additive NRI will always be 2-fold the absolute NRI (12 and 6%, respectively). The absolute NRI represents the actual proportion reclassified better and is 6% in this case.In Figure , the proportion of patients with and without the event is 9% and 91%, respectively. The amount of reclassification is the same as in Figure . There is an identical additive NRI of 12, favoring the new model. The new model does considerably better in the patients with events, but these patients now represent a far smaller group. The model still incorrectly classifies patients without events, but these patients are now a much larger group. The absolute NRI results in −150/11 000 or −1.34% of patients. When the incidence of events is low, the additive NRI can be misleading, whereas the absolute NRI better reflects the model's limitations.The use of NRI and the pitfalls associated with additive NRIs can be illustrated from the results of a study 33 evaluating the benefit of adding the coronary computed tomographic angiography (CCTA) score to a perioperative score (Revised Cardiac Risk Index) that predicts the postoperative risk of myocardial infarction or cardiovascular death. In this study, 955 patients underwent noncardiac surgery and 74 patients (7.7%) experienced cardiovascular death or myocardial infarction. Figure shows the risk reclassification of patients with and without events using the Revised Cardiac Risk Index and also when CCTA was added. The addition of CCTA improved classification of patients with events; however, it worsened the classification of patients without events. The additive NRI of 11 suggests improved prediction when CCTA was added to the Revised Cardiac Risk Index score. Because there were more patients (92.3% vs 7.7%) without a myocardial infarction or cardiovascular death, the absolute NRI is −78 of 955 or approximately −8%. The overall reclassification by adding CCTA to the Revised Cardiac Risk Index worsened the risk prediction in 8% of the patients compared with using the Revised Cardiac Risk Index alone.The absolute NRI assumes that the consequences of having an event are the same as the consequences of not having an event. This may not always be the case. A refinement of NRI analysis accounts for this. If the misclassification of patients with the event leads to more serious consequences than the misclassification of those without the event, one might value the model that does better classifying patients with the event, and place less weight on the classification of patients without the event.For instance, consider the example in Figure . Of the 955 patients, 74 experienced myocardial infarction or cardiovascular death Patients with myocardial infarction (n=74, 7.7% of total)Patients without myocardial infarction (n=881, 92.3% of total)The addition of CCTA to a risk prediction model results in an additive net reclassification index (NRI) of 11 and an absolute NRI of −8%. There is better classification of patients with events but worse reclassification of patients without events. The gray cells on the diagonal represent risk stratification that is unchanged by the addition of CCTA to the model. The pink cells represent patients incorrectly reclassified by the addition of CCTA, whereas the green cells represent patients correctly reclassified by CCTA. RCRI indicates Revised Cardiac Risk Index.and 16 patients were better classified by the model including CCTA. Of the 881 who did not have an event, 94 were better classified without CCTA. For CCTA to be judged equally good overall, a correct risk classification in a patient destined to have a myocardial infarction or die would have to be judged approximately 6 times more important than misclassifying a patient destined not to experience an event. For CCTA to be judged superior, the deleterious consequences associated with a false-negative result would have to be more than 6 times as important as those associated with a falsepositive result.There are some metrics (eg, relative utility, standardized net benefit) that facilitate the quantification of the relative clinical effect of false-positive and false-negative misclassifications. These metrics are not yet widely used.In summary, the total number of patients misclassified is likely to be informative, but clinicians should also consider the degree to which misclassification of patients with and without events is problematic.\n\nResolving the Clinical Scenario\nReturning to our clinical scenario, a study 36 that enrolled individuals free of cardiovascular disease reported that NT-proBNP independently predicted cardiovascular risk vs the Pooled Cohort Equations. The C statistic generated using Pooled Cohort Equations was 0.753 and increased to 0.757 after NT-proBNP was added to the model, suggesting slight improvement in discrimination. The study did not report calibration.The reclassification analysis further informs the value of the additional test. The additive NRI was 9.4; however, the additional use of NT-proBNP resulted in incorrect reclassification in approximately 146 patients without events (3.3%), which was the larger group of patients, and correct reclassification in approximately 40 patients (12.7%) who had an event. Thus, the absolute NRI was approximately −2.4%. These results demonstrate that the measurement of NT-proBNP will, relative to using only Pooled Cohort Equations, increase rather than decrease the absolute number of patients misclassified.Does this necessarily mean a physician should not use the additional NT-proBNP results in predicting cardiovascular events? The answer is probably, but not necessarily. If a physician puts a much higher value on a correct prediction among patients destined to have events (adding NT-proBNP will result in fewer false-negative results) than among those destined not to have events (adding NT-proBNP will result in more false-positive results), then he or she might still consider using the additional information from the test.\n\nConclusions\nConsidering the limited valuable prognostic information provided by NT-proBNP and the patient inclination to avoid unnecessary statin therapy, the final decision is against additional testing (relatively more value in avoiding false-positive results). You accept your patient's preferences and values as reflected in his reluctance to start statin therapy, and strongly recommend that he quit smoking and engage in regular exercise.\n\nARTICLE INFORMATION\nAccepted for Publication: August 15, 2017.",
    "ctr": 0.1,
    "custom_score": 1.0,
    "id": {
        "dois": [
            "10.1001/jama.2017.12126"
        ]
    },
    "issued_at": 1507593600,
    "languages": [
        "en"
    ],
    "links": [
        {
            "cid": "bafkr4icfaebmsirvf4sva6upki4zwo7xpcwhuvbr7a2jyvuzoas424isku",
            "extension": "pdf",
            "type": "primary"
        }
    ],
    "metadata": {
        "container_title": "JAMA",
        "first_page": 1377,
        "issns": [
            "0098-7484"
        ],
        "issue": "14",
        "volume": "318"
    },
    "page_rank": 0.24029699,
    "referenced_by_count": 705,
    "tags": [
        "General Medicine"
    ],
    "title": "Discrimination and Calibration of Clinical Prediction Models: Users’ Guides to the Medical Literature",
    "type": "journal-article",
    "updated_at": 1693672414
}