{
    "authors": [
        {
            "family": "Pellikka",
            "given": "Patricia A."
        },
        {
            "family": "She",
            "given": "Lilin"
        },
        {
            "family": "Holly",
            "given": "Thomas A."
        },
        {
            "family": "Lin",
            "given": "Grace"
        },
        {
            "family": "Varadarajan",
            "given": "Padmini"
        },
        {
            "family": "Pai",
            "given": "Ramdas G."
        },
        {
            "family": "Bonow",
            "given": "Robert O."
        },
        {
            "family": "Pohost",
            "given": "Gerald M."
        },
        {
            "family": "Panza",
            "given": "Julio A."
        },
        {
            "family": "Berman",
            "given": "Daniel S."
        },
        {
            "family": "Prior",
            "given": "David L."
        },
        {
            "family": "Asch",
            "given": "Federico M."
        },
        {
            "family": "Borges-Neto",
            "given": "Salvador"
        },
        {
            "family": "Grayburn",
            "given": "Paul"
        },
        {
            "family": "Al-Khalidi",
            "given": "Hussein R."
        },
        {
            "family": "Miszalski-Jamka",
            "given": "Karol"
        },
        {
            "family": "Desvigne-Nickens",
            "given": "Patrice"
        },
        {
            "family": "Lee",
            "given": "Kerry L."
        },
        {
            "family": "Velazquez",
            "given": "Eric J."
        },
        {
            "family": "Oh",
            "given": "Jae K."
        }
    ],
    "ctr": 0.1,
    "custom_score": 1.0,
    "id": {
        "dois": [
            "10.1001/jamanetworkopen.2018.1456"
        ]
    },
    "issued_at": 1535673600,
    "languages": [
        "en"
    ],
    "metadata": {
        "container_title": "JAMA Network Open",
        "first_page": 181456,
        "issns": [
            "2574-3805"
        ],
        "issue": "4",
        "volume": "1"
    },
    "page_rank": 0.20594265,
    "referenced_by_count": 125,
    "references": [
        {
            "doi": "10.1016/j.echo.2014.10.003",
            "type": "reference"
        },
        {
            "doi": "10.1016/j.jacc.2012.01.037",
            "type": "reference"
        },
        {
            "doi": "10.1056/nejm199209033271003",
            "type": "reference"
        },
        {
            "doi": "10.1056/nejmoa0900559",
            "type": "reference"
        },
        {
            "doi": "10.1016/0735-1097(89)90093-4",
            "type": "reference"
        },
        {
            "doi": "10.1161/01.cir.88.2.416",
            "type": "reference"
        },
        {
            "doi": "10.1016/s0735-1097(01)01416-4",
            "type": "reference"
        },
        {
            "doi": "10.1136/hrt.57.2.125",
            "type": "reference"
        },
        {
            "doi": "10.1016/j.jacc.2014.02.536",
            "type": "reference"
        },
        {
            "doi": "10.1016/j.echo.2009.05.020",
            "type": "reference"
        },
        {
            "doi": "10.1161/circimaging.114.002917",
            "type": "reference"
        },
        {
            "doi": "10.1002/(issn)1097-0258",
            "type": "reference"
        },
        {
            "doi": "10.1016/s0735-1097(98)00409-4",
            "type": "reference"
        },
        {
            "doi": "10.1016/0735-1097(95)00146-q",
            "type": "reference"
        },
        {
            "doi": "10.1056/nejmoa1602001",
            "type": "reference"
        },
        {
            "doi": "10.1016/j.jcmg.2015.12.020",
            "type": "reference"
        },
        {
            "doi": "10.1093/eurheartj/ehi083",
            "type": "reference"
        },
        {
            "doi": "10.1016/0002-9149(91)90051-l",
            "type": "reference"
        },
        {
            "doi": "10.1016/s0735-1097(01)01711-9",
            "type": "reference"
        },
        {
            "doi": "10.1016/j.jtcvs.2007.05.069",
            "type": "reference"
        },
        {
            "doi": "10.1093/oxfordjournals.eurheartj.a060630",
            "type": "reference"
        },
        {
            "doi": "10.1093/eurheartj/ehs021",
            "type": "reference"
        },
        {
            "doi": "10.1016/j.jacc.2012.07.009",
            "type": "reference"
        },
        {
            "doi": "10.1161/01.cir.0000083233.86078.3e",
            "type": "reference"
        },
        {
            "doi": "10.1177/0962280214534651",
            "type": "reference"
        },
        {
            "doi": "10.11613/issn.1846-7482",
            "type": "reference"
        },
        {
            "doi": "10.1007/s10554-015-0659-1",
            "type": "reference"
        },
        {
            "doi": "10.1016/j.echo.2011.12.002",
            "type": "reference"
        },
        {
            "doi": "10.1161/circulationaha.116.025795",
            "type": "reference"
        },
        {
            "doi": "10.2967/jnumed.111.096057",
            "type": "reference"
        },
        {
            "doi": "10.1111/echo.2013.31.issue-1",
            "type": "reference"
        }
    ],
    "tags": [
        "General Medicine"
    ],
    "title": "Variability in Ejection Fraction Measured By Echocardiography, Gated Single-Photon Emission Computed Tomography, and Cardiac Magnetic Resonance in Patients With Coronary Artery Disease and Left Ventricular Dysfunction",
    "type": "journal-article",
    "updated_at": 1693669997
}