{
    "authors": [
        {
            "family": "Melnick",
            "given": "Edward R.",
            "sequence": "first"
        },
        {
            "family": "Sinsky",
            "given": "Christine A.",
            "sequence": "additional"
        },
        {
            "family": "Krumholz",
            "given": "Harlan M.",
            "sequence": "additional"
        }
    ],
    "ctr": 0.1,
    "custom_score": 1.0,
    "id": {
        "dois": [
            "10.1001/jama.2021.5487"
        ]
    },
    "issued_at": 1622505600,
    "languages": [
        "en"
    ],
    "links": [
        {
            "cid": "bafkr4if72d7kzapm3juwt5gblwgvkmkcuzthzawmgmrzwlwhpfqsbfk6eq",
            "extension": "pdf",
            "type": "primary"
        }
    ],
    "metadata": {
        "container_title": "JAMA",
        "first_page": 2149,
        "issns": [
            "0098-7484"
        ],
        "issue": "21",
        "publisher": "American Medical Association (AMA)",
        "volume": "325"
    },
    "page_rank": 0.16170189,
    "referenced_by_count": 16,
    "references": [
        {
            "doi": "10.1093/jamia/ocab011",
            "type": "reference"
        },
        {
            "doi": "10.1001/jamainternmed.2020.5036",
            "type": "reference"
        },
        {
            "doi": "10.1161/circulationaha.111.044107",
            "type": "reference"
        },
        {
            "doi": "10.1001/jamainternmed.2020.7071",
            "type": "reference"
        },
        {
            "doi": "10.1001/jama.2014.12819",
            "type": "reference"
        }
    ],
    "tags": [
        "General Medicine"
    ],
    "title": "Implementing Measurement Science for Electronic Health Record Use",
    "type": "journal-article",
    "updated_at": 1693659298
}