{
    "authors": [
        {
            "family": "Campbell",
            "given": "J. Peter"
        },
        {
            "family": "Ataer-Cansizoglu",
            "given": "Esra"
        },
        {
            "family": "Bolon-Canedo",
            "given": "Veronica"
        },
        {
            "family": "Bozkurt",
            "given": "Alican"
        },
        {
            "family": "Erdogmus",
            "given": "Deniz"
        },
        {
            "family": "Kalpathy-Cramer",
            "given": "Jayashree"
        },
        {
            "family": "Patel",
            "given": "Samir N."
        },
        {
            "family": "Reynolds",
            "given": "James D."
        },
        {
            "family": "Horowitz",
            "given": "Jason"
        },
        {
            "family": "Hutcheson",
            "given": "Kelly"
        },
        {
            "family": "Shapiro",
            "given": "Michael"
        },
        {
            "family": "Repka",
            "given": "Michael X."
        },
        {
            "family": "Ferrone",
            "given": "Phillip"
        },
        {
            "family": "Drenser",
            "given": "Kimberly"
        },
        {
            "family": "Martinez-Castellanos",
            "given": "Maria Ana"
        },
        {
            "family": "Ostmo",
            "given": "Susan"
        },
        {
            "family": "Jonas",
            "given": "Karyn"
        },
        {
            "family": "Chan",
            "given": "R.V. Paul"
        },
        {
            "family": "Chiang",
            "given": "Michael F."
        }
    ],
    "ctr": 0.1,
    "custom_score": 1.0,
    "id": {
        "dois": [
            "10.1001/jamaophthalmol.2016.0611"
        ]
    },
    "issued_at": 1464739200,
    "languages": [
        "en"
    ],
    "metadata": {
        "container_title": "JAMA Ophthalmology",
        "first_page": 651,
        "issns": [
            "2168-6165"
        ],
        "issue": "6",
        "volume": "134"
    },
    "page_rank": 0.1980888,
    "referenced_by_count": 74,
    "tags": [
        "Ophthalmology"
    ],
    "title": "Expert Diagnosis of Plus Disease in Retinopathy of Prematurity From Computer-Based Image Analysis",
    "type": "journal-article",
    "updated_at": 1693675826
}