{
    "ctr": 0.1,
    "custom_score": 1.0,
    "id": {
        "dois": [
            "10.1001/amajethics.2019.138"
        ]
    },
    "issued_at": 1548979200,
    "languages": [
        "en"
    ],
    "metadata": {
        "container_title": "AMA Journal of Ethics",
        "first_page": 138,
        "issns": [
            "2376-6980"
        ],
        "issue": "2",
        "last_page": 145,
        "volume": "21"
    },
    "page_rank": 0.22964013,
    "referenced_by_count": 37,
    "tags": [
        "Health (social science)",
        "Health Policy",
        "Issues, ethics and legal aspects"
    ],
    "title": "How Should Clinicians Communicate With Patients About the Roles of Artificially Intelligent Team Members?",
    "type": "journal-article",
    "updated_at": 1693668462
}