{
    "authors": [
        {
            "family": "West",
            "given": "Colin P.",
            "sequence": "first"
        },
        {
            "family": "Dyrbye",
            "given": "Liselotte N.",
            "sequence": "additional"
        },
        {
            "family": "Sinsky",
            "given": "Christine",
            "sequence": "additional"
        },
        {
            "family": "Trockel",
            "given": "Mickey",
            "sequence": "additional"
        },
        {
            "family": "Tutty",
            "given": "Michael",
            "sequence": "additional"
        },
        {
            "family": "Nedelec",
            "given": "Laurence",
            "sequence": "additional"
        },
        {
            "family": "Carlasare",
            "given": "Lindsey E.",
            "sequence": "additional"
        },
        {
            "family": "Shanafelt",
            "given": "Tait D.",
            "sequence": "additional"
        }
    ],
    "ctr": 0.1,
    "custom_score": 1.0,
    "id": {
        "dois": [
            "10.1001/jamanetworkopen.2020.9385"
        ]
    },
    "issued_at": 1593648000,
    "languages": [
        "en"
    ],
    "metadata": {
        "container_title": "JAMA Network Open",
        "first_page": 209385,
        "issns": [
            "2574-3805"
        ],
        "issue": "7",
        "publisher": "American Medical Association (AMA)",
        "volume": "3"
    },
    "page_rank": 0.16057575,
    "referenced_by_count": 207,
    "references": [
        {
            "doi": "10.1016/j.mayocp.2018.10.023",
            "type": "reference"
        },
        {
            "doi": "10.1016/s0140-6736(16)31279-x",
            "type": "reference"
        },
        {
            "doi": "10.1001/jamainternmed.2016.7674",
            "type": "reference"
        },
        {
            "doi": "10.1097/acm.0b013e318281696b",
            "type": "reference"
        },
        {
            "doi": "10.1002/(issn)1520-6394",
            "type": "reference"
        },
        {
            "doi": "10.1016/j.paid.2013.11.003",
            "type": "reference"
        },
        {
            "doi": "10.22454/fammed.2019.424025",
            "type": "reference"
        },
        {
            "doi": "10.1136/postgradmedj-2016-134683",
            "type": "reference"
        },
        {
            "doi": "10.1001/archinternmed.2012.3199",
            "type": "reference"
        },
        {
            "doi": "10.1016/j.mayocp.2015.08.023",
            "type": "reference"
        },
        {
            "doi": "10.1016/j.psychres.2007.01.006",
            "type": "reference"
        },
        {
            "doi": "10.1002/(issn)1097-4679",
            "type": "reference"
        },
        {
            "doi": "10.1037/0021-9010.81.2.123",
            "type": "reference"
        },
        {
            "doi": "10.1080/10615809408249357",
            "type": "reference"
        },
        {
            "doi": "10.7326/0003-4819-136-5-200203050-00008",
            "type": "reference"
        },
        {
            "doi": "10.1001/jama.292.23.2880",
            "type": "reference"
        },
        {
            "doi": "10.1097/00001888-200601000-00020",
            "type": "reference"
        },
        {
            "doi": "10.1007/s11606-009-1129-z",
            "type": "reference"
        },
        {
            "doi": "10.1007/s11606-012-2015-7",
            "type": "reference"
        },
        {
            "doi": "10.1016/j.mayocp.2016.10.004",
            "type": "reference"
        },
        {
            "doi": "10.1001/jama.2017.0076",
            "type": "reference"
        },
        {
            "doi": "10.1111/joim.2018.283.issue-6",
            "type": "reference"
        },
        {
            "doi": "10.1200/jop.2005.1.4.140",
            "type": "reference"
        },
        {
            "doi": "10.1245/s10434-007-9579-1",
            "type": "reference"
        },
        {
            "doi": "10.1097/sla.0b013e3181ac4dfd",
            "type": "reference"
        },
        {
            "doi": "10.1016/s0895-4356(97)00126-1",
            "type": "reference"
        },
        {
            "doi": "10.1001/jama.2012.3532",
            "type": "reference"
        }
    ],
    "tags": [
        "General Medicine"
    ],
    "title": "Resilience and Burnout Among Physicians and the General US Working Population",
    "type": "journal-article",
    "updated_at": 1694083497
}