{
    "abstract": "<abstract><section><p>Adverse drug events (ADEs) are a significant and costly cause of injury during hospitalization.</p>\n<p>Objectives.-To evaluate the efficacy of 2 interventions for preventing nonintercepted serious medication errors, defined as those that either resulted in or had potential to result in an ADE and were not intercepted before reaching the patient.</p>\n<p>Design.-Before-after comparison between phase 1 (baseline) and phase 2 (after intervention was implemented) and, within phase 2, a randomized comparison between physican computer order entry (POE) and the combination of POE plus a team intervention.</p>\n<p>Setting.-Large tertiary care hospital.</p>\n<p>Participants.-For the comparison of phase 1 and 2, all patients admitted to a stratified random sample of 6 medical and surgical units in a tertiary care hospital over a 6-month period, and for the randomized comparison during phase 2, all patients admitted to the same units and 2 randomly selected additional units over a subsequent 9-month period.</p>\n<p>Interventions.-A physician computer order entry system (POE) for all units and a team-based intervention that included changing the role of pharmacists, implemented for half the units.</p>\n<p>Main Outcome Measure.-Nonintercepted serious medication errors.</p>\n<p>Results.-Comparing identical units between phases 1 and 2, nonintercepted serious medication errors decreased 55%, from 10.7 events per 1000 patient-days to 4.86 events per 1000 (P=.01). The decline occurred for all stages of the medication-use process. Preventable ADEs declined 17% from 4.69 to 3.88 (P=.37), while nonintercepted potential ADEs declined 84% from 5.99 to 0.98 per 1000 patient-days (P=.002). When POE-only was compared with the POE plus team intervention combined, the team intervention conferred no additonal benefit over POE.</p>\n<p>Conclusions.-Physician computer order entry decreased the rate of nonintercepted serious medication errors by more than half, although this decrease was larger for potential ADEs than for errors that actually resulted in an ADE.</p></section></abstract>",
    "authors": [
        {
            "family": "Bates",
            "given": "David W."
        }
    ],
    "content": "<content><section><p>HOSPITALS, health care delivery systems, and health care providers all aim to provide the safest care possible. However, many injuries occur during hospitalization. Estimates have suggested that 1.3 million injuries may occur in the United States annually. <ref target=\"#b0\" type=\"bibr\">1</ref> Although many hospital injuries are unpredictable and unavoidable, 20% to 70% may be preventable. <ref target=\"#b1\" type=\"bibr\">[2]</ref><ref target=\"#b2\" type=\"bibr\">[3]</ref><ref target=\"#b3\" type=\"bibr\">[4]</ref> Adverse drug events (ADEs) are an important source of injuries. In the Harvard Medical Practice Study, <ref target=\"#b0\" type=\"bibr\">1,</ref><ref target=\"#b4\" type=\"bibr\">5</ref> ADEs accounted for 19% of injuries in hospitalized patients and represented the single most common cause of injury. In addition to their human costs, ADEs are costly to health care systems. Nationally, ADEs occurring after hospitalization have been projected to cost hospitals $2 billion per year, not including malpractice costs or the costs of injuries to patients. <ref target=\"#b5\" type=\"bibr\">6,</ref><ref target=\"#b6\" type=\"bibr\">7</ref> Hospitalizations initiated by ADEs appear to be at least as expensive. <ref target=\"#b7\" type=\"bibr\">8</ref> See also pp 1317, 1339, and 1360. These data suggest that health care organizations should be working hard to prevent ADEs, and indeed a number of efforts to curb them have begun recently. However, enthusiasm for these efforts has been hampered by a lack of data proving that specific strategies can prevent ADEs.</p>\n<p>Accordingly, we conducted an ADE prevention study, not only to evaluate the frequency and types of ADEs <ref target=\"#b8\" type=\"bibr\">9</ref> but also to analyze the associated errors using a multidisciplinary, systems-oriented approach to understand their causes. <ref target=\"#b9\" type=\"bibr\">10,</ref><ref target=\"#b10\" type=\"bibr\">11</ref> We evaluated 2 interventions, the first targeting primarily the ordering stage and the second targeting the administration and dispensing stages. The first intervention was a physician computer order-entry (POE) system, in which physicians wrote all orders online. The second intervention was a \"team\" intervention, comprising several small interventions developed by teams of nurses, physicians, and pharmacists. This intervention primarily targeted the administration and dispensing of drugs. Our primary end point was to reduce the number of preventable ADEs and nonintercepted potential ADEs, the combination of which we refer to as nonintercepted serious medication errors. As secondary end points, we evaluated the numbers of types of events that we expected each intervention to target, for example, drug allergies for the POE intervention.</p></section>\n<section><header>Methods</header></section>\n<section><header>Patient Population</header>\n<p>All adults admitted to study units at Brigham and Women's Hospital, Boston, Mass, a 726-bed tertiary care hospital, during the study periods were included. Phase 1, collection of baseline data for the units, took place over a 6-month period from February through July 1993, <ref target=\"#b8\" type=\"bibr\">9</ref> while phase 2, the intervention phase, was conducted over a 9-month period between October 1994 and July 1995. Although the original study was conducted at 2 hospitals, only Brigham and Women's data are included herein because staff changes and administrative changes at Massachusetts General Hospital, Boston, resulted in inadequate data collection. This study was approved by the institutional review boards of Brigham and Women's Hospital and the Harvard School of Public Health, Boston.</p>\n<p>In phase 1, conducted prior to the implementation of POE, there were 23 adult, nonobstetrical units at Brigham and Women's Hospital. These units were stratified according to whether they were medical or surgical and whether they were intensive care or general care units. Six study units were selected randomly from all units within a stratum using a random number generator. The study units included 2 intensive care units (ICUs) (1 surgical and 1 medical) and 4 general care units (2 medical and 2 surgical). We implemented the 2 interventions (POE or POE plus team) in these same units for phase 2 and, in addition, implemented the intervention in 2 other randomly selected general care units (1 medical and 1 surgical) to increase power. Thus, for phase 2, all units received POE, while half the units (randomly selected within stratum by unit type and level of care) received the team intervention as well (Figure).</p></section>\n<section><header>Interventions</header>\n<p>The 2 interventions evaluated were POE and POE plus team. Two main comparisons were made. The first assessed the effectiveness of the interventions by comparing phase 1 and phase 2 for the units assessed in both phases. The second compared the effect of the team intervention with POE vs POE-only by comparing units randomized to either arm.</p>\n<p>The POE intervention represented a major systems change and included many features that would be expected to reduce errors. As part of the POE application, physicians were provided with a menu of medications from the formulary and default doses and a range of potential doses for each medication. Physicians were required to enter dosage, route, and frequency for all orders. Also, computerization ensured that all orders were legible, including the signatures of the prescribers. Transcription was greatly reduced, although not eliminated, because the medication administration record was still on paper. For a number of medications, relevant laboratory results were displayed on the screen at the time of ordering (eg, potassium levels when furosemide was ordered). Other features included consequent orders, which are orders that should follow from other orders (eg, suggestions to perform aminoglycoside levels when aminoglycosides were ordered), and limited drug-allergy checking, drug-drug interaction checking, and drug-laboratory checking. This included checking for the most frequent drug allergies, about 80 of the most serious drug-drug interactions, <ref target=\"#b11\" type=\"bibr\">12</ref> and several drug-laboratory combinations (eg, potassium levels in patients receiving potassium). More comprehensive checking was implemented in 1996. <ref target=\"#b12\" type=\"bibr\">13</ref> Thus, not all features that could reduce the number of ADEs were in place or present in mature form during the study.</p>\n<p>The POE application <ref target=\"#b13\" type=\"bibr\">14,</ref><ref target=\"#b14\" type=\"bibr\">15</ref> functions as part of an internally developed information system, Brigham Integrated Computing System, which manages the hospital's administrative, financial, and clinical data. <ref target=\"#b15\" type=\"bibr\">16</ref> All orders are written using this application, primarily by house officers, although fellows and attending physicians also write orders. Approximately 16 000 orders are written daily, 40% of them for medications.</p>\n<p>The team intervention was a combination of several specific process changes and was implemented in half the study units selected at random. These process changes included changing the role of the pharmacist; distributing a recommended dilutions chart; making available a computerized drip-rate calculation program; standardizing labeling of intravenous bags, tubes, and pumps; and implementing a pharmacy communication log so that the nursing staff could communicate better with the pharmacy staff. Changing the role of the pharmacists involved changing their work flow so that the pharmacists were much more often present on the unit and available for questions. The pharmacists made daily rounds with the team in the study ICU but not in the control ICU.</p></section>\n<section><header>Primary and Secondary End Points</header>\n<p>Our primary end point was the number of nonintercepted serious medication errors (preventable and nonintercepted potential ADEs). We define preventable ADEs as those resulting from an error or having been preventable by any means currently available. <ref target=\"#b8\" type=\"bibr\">9</ref> Potential ADEs are errors that have potential for harm but do not result in injury. These include errors that are intercepted before injury occurs and nonintercepted potential ADEs, which are errors that by chance resulted in no injury (eg, penicillin given to a patient with a known allergy, but no reaction occurred). <ref target=\"#b8\" type=\"bibr\">9</ref> We excluded intercepted potential ADEs from our primary outcome because these errors serve to demonstrate that the \"safety net\" is working, and this rate could actually increase as error-prevention systems are fine-tuned.</p>\n<p>As secondary outcomes, we evaluated the numbers of errors in each stage and also within specific categories that were targeted by each intervention. For the POE plus team intervention, the main stages targeted were ordering and transcription. For the team intervention, the main stages were the administration and dispensing of drugs. However, we expected some crossover, ie, that ordering errors would also be diminished by certain team interventions (eg, availability of the pharmacist on physician rounds) and that the administration error rate would be decreased by POE because orders would be clearer. Specific categories of errors targeted by POE included wrong dose, known drug allergy, and drug-drug interactions. Specific categories targeted by the team intervention included errors ). In the second phase, 2 units were added to the original 6 to improve the power of the comparison. Then, the units were matched by type and were randomly assigned to 1 of 2 interventions (physician computer order entry [POE]  or POE plus the team intervention [POE+team]. Two main analyses were conducted to determine whether phase 2 affected rates of adverse drug events. First, a before-after analysis was made to determine the effect of the interventions on the 6 study units that were included in phase 1. Second, adverse drug event rates in the 4 units with the POE intervention were compared with adverse drug event rates in the 4 units with the POE plus team interventions.</p>\n<p>in concentration of intravenous solutions, in calculation, and in labeling of intravenous tubing, pumps, and bags.</p></section>\n<section><header>Case Finding</header>\n<p>We used the following 3 mechanisms for identifying incidents: (1) nurses and pharmacists participating in the study and control units were asked to report incidents to study investigators; (2) a study investigator visited each unit at least twice daily on weekdays and solicited information from nurses, pharmacists, and clerical personnel concerning all actual or potential drug-related incidents; and (3) the study investigator reviewed charts of all patients at least daily on weekdays.</p>\n<p>All incidents were evaluated as previously described 9 by 2 physician reviewers blinded to the intervention groups. The reviewers classified each incident as an ADE, a potential ADE, or an exclusion. The ADEs and potential ADEs were furtherclassifiedbyseverityandbypreventability. If an error was present, the reviewer determined the type of error and at what stage the error occurred. Categories of preventability were defined as being definitely preventable, probably preventable, probably not preventable, and definitely not preventable. <ref target=\"#b16\" type=\"bibr\">17</ref> Results were collapsed into preventable (definitely + probably) and not preventable (probably not + definitely not) in the analyses. Categories of severity were defined as fatal, life-threatening,serious,andsignificant. <ref target=\"#b17\" type=\"bibr\">18</ref> The stages of the process were ordering, transcribing, dispensing, and administering the medications. When there were disagreements about how an event should be classified (eg, 1 reviewer scored it as preventable, but the other did not), the reviewers met and reached consensus. If consensus could not be reached, a third reviewer evaluated the incident. Reliability for these judgments has previously reported. <ref target=\"#b8\" type=\"bibr\">9</ref> For judgments about whether an incident was an ADE, was 0.81 to 0.98; for preventability, was 0.92; and for severity was 0.32 to 0.37.</p></section>\n<section><header>Analysis</header>\n<p>For the before-after analysis, paired t tests were used to compare baseline data (phase 1) from the 6 study units with data after the interventions were implemented in the same units (Figure). To compare the effects of the 2 interventions (POE vs POE plus team), we performed 2 additional analyses. First, to evaluate the effect of the team intervention, we compared all phase 2 data for POE plus team with POE-only units, using a multivariate regression model that included level of care (ICU vs general care) and service (medical vs surgical). Second, to compare POE vs no POE, we analyzed data from both phases when available from all 8 units, adjusting for level of care and service status with a multivariate regression model. All 8 units in phase 2 received the POE intervention, 4 also received the team intervention, and the 6 phase 1 units were controls in this analysis. To account for correlation between phase 1 and phase 2 results for specific units, we used a generalized estimating approach to estimate SEs of the regression coefficients. Because the error rate climbed substantially with sedatives in phase 2, which could have obscured an effect by stage, we performed a secondary post hoc analysis removing all sedative errors and determining how this would affect the results by stage. All analyses were performed using SAS (SAS Institute Inc, Cary, NC). <ref target=\"#b18\" type=\"bibr\">19</ref> </p></section>\n<section><header>Results</header>\n<p>Phase 1 included 2491 admissions to 6 units over a 6-month period. Phase 2 included 4220 admissions to 8 units over a 9-month period (Table <ref target=\"#tab_0\" type=\"table\">1</ref>). Phase 2 patients were older, more often female, and more often minority, although these differences were small.</p>\n<p>In paired analyses comparing phase 1 and phase 2 (Table <ref target=\"#tab_1\" type=\"table\">2</ref>), the rate of nonintercepted serious medication errors fell 55%, from 10.7 events per 1000 patientdays to 4.86 events (P=.01). The preventable ADE rate was 17% lower in phase 2, although this result did not achieve statistical significance (P=.37). The rate of nonintercepted potential ADEs fell 84% (P=.002), and the rate of intercepted potential ADEs decreased 58% between the 2 phases, although this result was not statistically significant (P=.15). The rate of nonpreventable ADEs was unchanged at 11.3 events per 1000 patient-days in both phase 1 and phase 2. In unpaired analyses comparing phases 1 and 2 (Table <ref target=\"#tab_2\" type=\"table\">3</ref>), the results were generally similar. When the team intervention was controlled for in the analysis, the results did not change (results available on request). Contem-  *POE indicates physician computer order entry. †Unpaired comparison between phase 1 and 2, controlling for level of care and service, using a generalized estimating approach to control for correlation between phase 1 and 2 rates. The rates, calculated using this approach, are thus similar but not identical to those from Table <ref target=\"#tab_1\" type=\"table\">2</ref>.</p>\n<p>‡Unpaired comparison between POE + team and POE only units in phase 2, controlling for level of care and service.</p>\n<p>§Sum of nonintercepted potential ADEs and preventable ADEs.</p>\n<p>poraneous analyses comparing phase 2 POE plus team intervention with POEonly units showed no significant differences for any of the event types.</p>\n<p>The results by severity show that decreases were seen across all levels of severity for nonintercepted serious medication errors (Table <ref target=\"#tab_3\" type=\"table\">4</ref>), and that the proportions of errors considered life-threatening, serious, and significant remained relatively constant across the 2 phases. However, for preventable ADEs, while the proportion that were life-threatening remained similar, the proportion of ADEs that were classified as serious was higher in phase 2 than in phase 1 (47% vs 22%), and the rate of serious preventable ADEs was about twice as high (1.96 events vs 0.98 events per 1000 patientdays). Of these serious ADEs, 16 (33%) of 48 were due to sedatives.</p></section>\n<section><header>Results by Stage</header>\n<p>When the results were evaluated by steps in the process from ordering to administering, the rate of ordering errors decreased 19% overall (P=.03, Table <ref target=\"#tab_4\" type=\"table\">5</ref>). The number of transcription errors fell by 84% (PϽ.001). The rates of dispensing and administration errors also fell between phases 1 and 2, 68% and 59%, respectively. Contemporaneous within-stage comparisons showed no significant differences between the POE plus team intervention units and the POE-only units.</p></section>\n<section><header>Results by Error and Drug Type</header>\n<p>Analyses of errors expected to be reduced by the POE intervention (Table <ref target=\"#tab_5\" type=\"table\">6</ref>) showed that dose errors decreased 23% (P=.02) and known allergy errors fell 56% (P=.009). Although drug-drug interaction errors fell 40%, this result did not reach statistical significance (P=.89).</p>\n<p>Analysis by drug group revealed that nonintercepted serious medication error rates fell for all classes except for sedatives, which increased 99% (Table <ref target=\"#tab_6\" type=\"table\">7</ref>). Most of these errors involved use of large doses and multiple sedating agents, particularly in the ICUs. Neither intervention had specifically addressed these issues during the study period.</p></section>\n<section><header>Analysis of Errors Not Prevented</header>\n<p>Overall, 134 serious medication errors were not prevented in phase 2. To understand the reasons that some of these were missed, specifically for categories that we expected to be virtually eliminated (such as allergy errors), we evaluated these errors by stage. Analysis of the 81 ordering errors that were not prevented in phase 2 revealed that 34 appeared to be potentially preventable through one of a number of systems changes that have been subsequently developed or that are being developed, another 12 should have been prevented by systems already in place, and 35 did not appear to be amenable to an automated approach.</p>\n<p>Among the 34 errors potentially preventable through new approaches, the strategies that would yield the best results appear to be from a program currently being tested that adjusts doses for renal failure (7 events), adjusts doses for age (7 events), offers additional druglaboratory checking capabilities (5 events), includes a dose-checking program (4 events), and makes additional suggestions about prophylaxis for specific medications (4 events).</p>\n<p>However, 12 events occurred in areas we expected the current systems would have addressed effectively. Seven of these were allergy errors, 4 were drug-drug interactions, and 1 was an error in electrolyte replacement. Further investigation showed, in most instances, that clinicians often failed to enter allergy information into the computer regularly when patients had had allergic reactions during hospitalization, and the medications were ordered again for the patients. Of the 114 new reactions that occurred during the study, we found that allergy information was entered into the computer in only 18 cases (16%). Sensitivities were entered less often than true allergies.</p>\n<p>Among 35 ordering errors not preventable by an automated approach, oversedation due to multiple sedating drugs accounted for 19 errors. This problem was much more common in phase 2 than in phase 1.</p>\n<p>All 5 of the transcription errors in phase 2 potentially could have been prevented by placing medication administration information online. Of the 7 dispensing errors, 3 might have been prevented had a bar code been used, and 3 might have been prevented had automated delivery devices been used. *Unpaired comparison controlling for level of care and service, using a generalized estimating approach to control for correlation between phase 1 and 2 rates. Percentages may not add to 100 because of rounding. Phase 2 data include both POE and POE plus team. †Three of these events were fatal. There were no fatal ADEs in phase 2, and none of the preventable ADEs were fatal in either phase. We also classified the 41 administration errors into those that could have been prevented by automation (n=15) and those that were not obviously amenable to an automated approach-judgment-related and technique-related errors (n=26). Automated approaches that would address the greatest number of problems identified were implementing automated delivery devices with a bar code (n=8) and placing all medication administration information online (n=5).</p></section>\n<section><header>COMMENT</header>\n<p>We found that using a POE system prevented more than half of the serious medication errors. We noted a reduction in errors for all stages of the process. These results suggest that implementing even a modest POE system can result in important error reduction, if the system includes a dose selection menu, simple drug-allergy and drug-drug checking, and the requirement that clinicians indicate the route and frequency of drug doses. Furthermore, a computer system resolves the difficulty of translating illegible orders and greatly reduces the need for transcription.</p>\n<p>However, potential ADEs were prevented out of proportion to those that actually resulted in an ADE. While we had not expected the decrease in the preventable ADE rate to reach statistical significance, we did hope that these events would be decreased in proportion to the potential ADEs. That this did not occur suggests that errors that actually cause injuries may be different, and examination of the individual events bears this out. In particular, 42% of the preventable ADEs that persisted in phase 2 were due to judgment errors associated with the use of multiple sedating drugs. The computer program did not address this issue.</p>\n<p>Others have evaluated POE systems 20 and the use of computerized information in reducing the frequency of ADEs 21 and improving care. <ref target=\"#b21\" type=\"bibr\">22</ref> Tierney et al <ref target=\"#b19\" type=\"bibr\">20</ref> found that implementation of a POE system on a medical service resulted in a reduction in the average length-of-stay days by 0.89 days and a 12.7% reduction in charges. Evans et al <ref target=\"#b20\" type=\"bibr\">21</ref> found that implementation of computerized ADE surveillance, coupled with alerts to pharmacists about drug allergies, standardization of antibiotic administration rates, and physician notification about ADEs, reduced ADE rates. In another study, Evans et al <ref target=\"#b21\" type=\"bibr\">22</ref> found that in a computer-assisted management program for antibiotics substantially decreased costs and improved quality of care in an ICU, by reducing the number of times patients experienced an allergic reaction to drugs and improving the appropriateness of drug dosing.</p>\n<p>Our POE program is continuously being improved and, at the time of the study, did not include all the decision support that could have been beneficial. Other improvements that we expect will substantially reduce ADEs rates are guided dose algorithms that suggest appropriate dosing for drugs, such as aminoglycosides and heparin; drug-laboratory checking; and drugpatient characteristic checking, which would include adjusting doses for renal failure and age. <ref target=\"#b22\" type=\"bibr\">23</ref> Other features, such as drug-allergy checking and drug-drug interaction checking, have already been significantly refined since the study period. Given the potential of these improvements, the point estimate described in this study represents a lower bound for the efficacy of POE for reducing ADE rates.</p>\n<p>To evaluate the effect of POE, it would have been ideal to randomize half of the units to POE while maintaining the remainder on a paper system. However, this was not possible. Implementation of a POE system in which all orders are written online is a systems change of the first magnitude, which is very difficult to accomplish. <ref target=\"#b23\" type=\"bibr\">24,</ref><ref target=\"#b24\" type=\"bibr\">25</ref> Therefore, we relied on time-series comparisons.</p>\n<p>No effect was seen for the team intervention, and there was actually a trend toward a higher rate of serious medication errors, primarily at the ordering stage, which was not the main target of the in-tervention. Our power to detect a small effect for the team intervention was limited, and the impact of the POE intervention was large enough that it could have obscured an incremental benefit of the team intervention. One part of this intervention was to have a pharmacist become a member of the clinical team and increase his or her presence on the unit. In other studies, having pharmacists play a larger clinical role has proved effective, <ref target=\"#b25\" type=\"bibr\">26</ref> and we think that this and other components of the team intervention should be investigated further. Our findings do illustrate the difficulty of linking process improvements to reduction in ADE rates and suggest that small changes are likely to have limited overall impact.</p>\n<p>An important question is whether introduction of POE is cost-effective. We previously estimated the annual costs of preventable ADEs at this hospital to be $2.8 million <ref target=\"#b6\" type=\"bibr\">7</ref> . In this study, we observed a decrease in the preventable ADE rate of 17% (although this decrease was not significant); if this were the hospital-wide decrease, the annual savings would be $480 000. This figure does not include the costs of injuries borne by patients, of admissions due to drug errors, of malpractice suits, or of the extra work generated by the nonserious medication errors. For ourinstitution,thecostsofdevelopingand implementing POE have been estimated *Unpaired comparison between phase 1 and 2 (before and after intervention was implemented, respectively), controlling for level of care and service, using generalized estimating approaches to control for correlation between the 2 phases. *Unpaired comparison between phase 1 and 2 (before and after intervention was implemented, respectively), controlling for level of care and service, using generalized estimating approaches to control for correlation between the 2 phases.</p>\n<p>to be $1.9 million, with maintenance costs of $500 000 per year. <ref target=\"#b26\" type=\"bibr\">27</ref> The net savings have been estimated to be between $5 to $10 million per year. <ref target=\"#b26\" type=\"bibr\">27</ref> While these estimates are crude, they suggest that POE not only improves the quality of care but it could save money. We were surprised that the error rate did not fall as much for the ordering stage as rates for other stages. One reason was the unexpected increase in errors related to the use of sedating medications. After excluding these errors, the percent difference from phase 1 to phase 2 was 34% rather than 17% but was still smaller than the reductions seen for other stages.</p>\n<p>The results for individual types of error give further insight into the potential impact of future prevention strategies. The dosing error rate fell 23%, probably because prescribers made selections from menus that showed only appropriate alternatives. While the rate for serious allergy errors decreased 56%, there were still 7 such errors, caused by clinicians failing to enter new information about allergies when reactions had occurred during the hospitalization. We currently are pursuing an initiative that encourages physicians to enter information about reactions that occur in the hospital. The issues regarding sensitivities, such as a patient's need for specific premedication for amphotericin, are more complex. We need to enable such information to travel with the patient, so it is available to all pre-scribers at the appropriate times.</p>\n<p>The number of drug-drug interactions fell with POE, but not to near-zero, because the system at the time of the study was programmed to catch only the most severe interactions, which come up infrequently. We have since introduced a much more complete index of interactions. <ref target=\"#b12\" type=\"bibr\">13</ref> However, we have used many fewer interactions than most commercial databases report, because most are not significant. An overload of information could lead to indifference so that health care professionals might ignore serious interactions, increasing the rate of important errors. <ref target=\"#b27\" type=\"bibr\">28</ref> This study has several limitations, some of which have been mentioned above. The study took place at only 1 tertiary care hospital, so the results may not be generalizable to other hospitals or health care settings. Because the beforeafter comparisons showed improvement, a temporal trend could have caused some of the differences seen. However, we found no evidence for an underlying temporal trend, and the nonpreventable ADE rates remained the same across the 2 phases. Also, as noted earlier, the POE intervention did not include all the features that would be expected to make a difference; thus, our estimate of effect probably represents a lower bound. In addition, the study did not address omissions, drugs that should have been given but were not. Finally, the between re-viewers was lower for severity than for other determinations in part because of the multiple categories involved. This has also been the case in prior studies. <ref target=\"#b8\" type=\"bibr\">9,</ref><ref target=\"#b28\" type=\"bibr\">29</ref> We conclude that a POE system decreased the number of medication errors with potential for harm by more than half. With additional improvements, even further reductions should be possible. Refinement of this approach and introduction of other systems changes in which more automation is brought to the drug dispensing and administration stages should result in further decreases in the numbers of nonintercepted serious medication errors and, in turn, the injuries they cause. These data add to the body of knowledge suggesting that POE can reduce costs and improve quality and suggest that hospitals should consider adopting such systems.</p></section>\n<section><p>This study was supported by grants from the Risk Management Foundation, Boston, Mass, and from the American Society of Health-System Pharmacists Foundation, Bethesda, Md. Dr Petersen was supported in part through an award from the Career Development Award Program of the Veterans Administration Research and Development Service, Washington, DC.</p>\n<p>We would like to thank the nurses, pharmacists, physicians, and other persons working on the study units. We also thank William Churchill, RPh, MS, and Sheridan Kassirer for their support in carrying out the study. We are especially grateful to Priscilla Dasse and the Risk Management Foundation for the support and encouragement they have given us since the inception of the study.</p>\n<p>A list of participants in the ADE Prevention Study Group can be found in JAMA (1995;274:29-34).</p></section></content>",
    "ctr": 0.1,
    "custom_score": 1.0,
    "id": {
        "dois": [
            "10.1001/jama.280.15.1311"
        ]
    },
    "issued_at": 908928000,
    "languages": [
        "en"
    ],
    "links": [
        {
            "cid": "bafkr4ifwgiob5vbu7hebumyjc2gp43npnxupeng3psktnmrq7eajsgh44u",
            "extension": "pdf",
            "filesize": 119588,
            "md5": "e5e1a021dee9df5f4b9b7020d4ff0e87",
            "type": "primary"
        }
    ],
    "metadata": {
        "container_title": "JAMA",
        "first_page": 1311,
        "issns": [
            "0098-7484"
        ],
        "issue": "15",
        "volume": "280"
    },
    "page_rank": 0.32683146,
    "referenced_by_count": 1238,
    "tags": [
        "General Medicine"
    ],
    "title": "Effect of Computerized Physician Order Entry and a Team Intervention on Prevention of Serious Medication Errors",
    "type": "journal-article",
    "updated_at": 1693698852
}