{
    "authors": [
        {
            "family": "Pennie",
            "given": "Michelle L."
        },
        {
            "family": "Soon",
            "given": "Seaver L."
        },
        {
            "family": "Risser",
            "given": "Jessica B."
        },
        {
            "family": "Veledar",
            "given": "Emir"
        },
        {
            "family": "Culler",
            "given": "Steven D."
        },
        {
            "family": "Chen",
            "given": "Suephy C."
        }
    ],
    "ctr": 0.1,
    "custom_score": 1.0,
    "id": {
        "dois": [
            "10.1001/archderm.143.4.488"
        ]
    },
    "issued_at": 1175385600,
    "languages": [
        "en"
    ],
    "metadata": {
        "container_title": "Archives of Dermatology",
        "issns": [
            "0003-987X"
        ],
        "issue": "4",
        "publisher": "American Medical Association (AMA)",
        "volume": "143"
    },
    "page_rank": 0.30487853,
    "referenced_by_count": 64,
    "tags": [
        "Dermatology",
        "General Medicine"
    ],
    "title": "Melanoma Outcomes for Medicare Patients: Association of Stage and Survival With Detection by a Dermatologist vs a Nondermatologist",
    "type": "journal-article",
    "updated_at": 1695060645
}