{
    "authors": [
        {
            "family": "Badano",
            "given": "Aldo"
        },
        {
            "family": "Graff",
            "given": "Christian G."
        },
        {
            "family": "Badal",
            "given": "Andreu"
        },
        {
            "family": "Sharma",
            "given": "Diksha"
        },
        {
            "family": "Zeng",
            "given": "Rongping"
        },
        {
            "family": "Samuelson",
            "given": "Frank W."
        },
        {
            "family": "Glick",
            "given": "Stephen J."
        },
        {
            "family": "Myers",
            "given": "Kyle J."
        }
    ],
    "ctr": 0.1,
    "custom_score": 1.0,
    "id": {
        "dois": [
            "10.1001/jamanetworkopen.2018.5474"
        ]
    },
    "issued_at": 1543536000,
    "languages": [
        "en"
    ],
    "metadata": {
        "container_title": "JAMA Network Open",
        "issns": [
            "2574-3805"
        ],
        "issue": "7",
        "publisher": "American Medical Association (AMA)",
        "volume": "1"
    },
    "page_rank": 0.17564406,
    "referenced_by_count": 90,
    "references": [
        {
            "doi": "10.1001/jama.2014.6421",
            "type": "reference"
        },
        {
            "doi": "10.1056/nejmra1512592",
            "type": "reference"
        },
        {
            "doi": "10.1115/1.4035866",
            "type": "reference"
        },
        {
            "doi": "10.1126/science.7280685",
            "type": "reference"
        },
        {
            "doi": "10.1002/mp.12579",
            "type": "reference"
        },
        {
            "doi": "10.1118/1.4905232",
            "type": "reference"
        },
        {
            "doi": "10.1118/1.3669486",
            "type": "reference"
        },
        {
            "doi": "10.1118/1.4800501",
            "type": "reference"
        },
        {
            "doi": "10.1364/josaa.18.000473",
            "type": "reference"
        },
        {
            "doi": "10.1118/1.2174127",
            "type": "reference"
        },
        {
            "doi": "10.1088/0031-9155/60/3/1259",
            "type": "reference"
        },
        {
            "doi": "10.1118/1.3231824",
            "type": "reference"
        },
        {
            "doi": "10.1088/0031-9155/28/12/008",
            "type": "reference"
        },
        {
            "doi": "10.1118/1.3040178",
            "type": "reference"
        },
        {
            "doi": "10.1088/1361-6560/aa5dd9",
            "type": "reference"
        },
        {
            "doi": "10.1088/1361-6560/aa5ddc",
            "type": "reference"
        },
        {
            "doi": "10.1115/1.4005694",
            "type": "reference"
        },
        {
            "doi": "10.1088/1361-6560/aa4f6e",
            "type": "reference"
        },
        {
            "doi": "10.1364/josaa.4.002447",
            "type": "reference"
        },
        {
            "doi": "10.1364/josaa.20.001725",
            "type": "reference"
        },
        {
            "doi": "10.1364/josaa.28.001145",
            "type": "reference"
        },
        {
            "doi": "10.1109/tmi.2015.2395433",
            "type": "reference"
        },
        {
            "doi": "10.1016/j.acra.2005.11.030",
            "type": "reference"
        },
        {
            "doi": "10.1016/j.breast.2014.12.002",
            "type": "reference"
        },
        {
            "doi": "10.1118/1.4816309",
            "type": "reference"
        },
        {
            "doi": "10.1016/j.nima.2010.11.054",
            "type": "reference"
        },
        {
            "doi": "10.1080/10543406.2017.1300907",
            "type": "reference"
        },
        {
            "doi": "10.2214/ajr.17.17979",
            "type": "reference"
        },
        {
            "doi": "10.1118/1.4942485",
            "type": "reference"
        }
    ],
    "tags": [
        "General Medicine"
    ],
    "title": "Evaluation of Digital Breast Tomosynthesis as Replacement of Full-Field Digital Mammography Using an In Silico Imaging Trial",
    "type": "journal-article",
    "updated_at": 1693669324
}