{
    "authors": [
        {
            "family": "Greenland",
            "given": "Philip",
            "sequence": "first"
        }
    ],
    "ctr": 0.1,
    "custom_score": 1.0,
    "id": {
        "dois": [
            "10.1001/jama.290.7.891"
        ]
    },
    "issued_at": 1061337600,
    "languages": [
        "en"
    ],
    "metadata": {
        "container_title": "JAMA",
        "first_page": 891,
        "issns": [
            "0098-7484"
        ],
        "issue": "7",
        "publisher": "American Medical Association (AMA)",
        "volume": "290"
    },
    "page_rank": 0.46965486,
    "referenced_by_count": 702,
    "tags": [
        "General Medicine"
    ],
    "title": "Major Risk Factors as Antecedents of Fatal and Nonfatal Coronary Heart Disease Events",
    "type": "journal-article",
    "updated_at": 1694821542
}