{
    "authors": [
        {
            "family": "Berg",
            "given": "Wendie A."
        }
    ],
    "ctr": 0.1,
    "custom_score": 1.0,
    "id": {
        "dois": [
            "10.1001/jama.299.18.2151"
        ]
    },
    "issued_at": 1210723200,
    "languages": [
        "en"
    ],
    "metadata": {
        "container_title": "JAMA",
        "first_page": 2151,
        "issns": [
            "0098-7484"
        ],
        "issue": "18",
        "publisher": "American Medical Association (AMA)",
        "volume": "299"
    },
    "page_rank": 0.33556563,
    "referenced_by_count": 1077,
    "tags": [
        "General Medicine"
    ],
    "title": "Combined Screening With Ultrasound and Mammography vs Mammography Alone in Women at Elevated Risk of Breast Cancer",
    "type": "journal-article",
    "updated_at": 1695211917
}