{
    "authors": [
        {
            "family": "Daniel",
            "given": "Ebenezer"
        },
        {
            "family": "Quinn",
            "given": "Graham E."
        },
        {
            "family": "Hildebrand",
            "given": "P. Lloyd"
        },
        {
            "family": "Ells",
            "given": "Anna"
        },
        {
            "family": "Hubbard",
            "given": "G. Baker"
        },
        {
            "family": "Capone",
            "given": "Antonio"
        },
        {
            "family": "Martin",
            "given": "E. Revell"
        },
        {
            "family": "Ostroff",
            "given": "Candace P."
        },
        {
            "family": "Smith",
            "given": "Eli"
        },
        {
            "family": "Pistilli",
            "given": "Maxwell"
        },
        {
            "family": "Ying",
            "given": "Gui-Shuang"
        }
    ],
    "ctr": 0.1,
    "custom_score": 1.0,
    "id": {
        "dois": [
            "10.1001/jamaophthalmol.2015.0460"
        ]
    },
    "issued_at": 1433116800,
    "languages": [
        "en"
    ],
    "metadata": {
        "container_title": "JAMA Ophthalmology",
        "first_page": 675,
        "issns": [
            "2168-6165"
        ],
        "issue": "6",
        "volume": "133"
    },
    "page_rank": 0.18741526,
    "referenced_by_count": 59,
    "tags": [
        "Ophthalmology"
    ],
    "title": "Validated System for Centralized Grading of Retinopathy of Prematurity: Telemedicine Approaches to Evaluating Acute-Phase Retinopathy of Prematurity (e-ROP) Study",
    "type": "journal-article",
    "updated_at": 1693678137
}