{
    "authors": [
        {
            "family": "Jayakumar",
            "given": "Prakash",
            "sequence": "first"
        },
        {
            "family": "Moore",
            "given": "Meredith G.",
            "sequence": "additional"
        },
        {
            "family": "Furlough",
            "given": "Kenneth A.",
            "sequence": "additional"
        },
        {
            "family": "Uhler",
            "given": "Lauren M.",
            "sequence": "additional"
        },
        {
            "family": "Andrawis",
            "given": "John P.",
            "sequence": "additional"
        },
        {
            "family": "Koenig",
            "given": "Karl M.",
            "sequence": "additional"
        },
        {
            "family": "Aksan",
            "given": "Nazan",
            "sequence": "additional"
        },
        {
            "family": "Rathouz",
            "given": "Paul J.",
            "sequence": "additional"
        },
        {
            "family": "Bozic",
            "given": "Kevin J.",
            "sequence": "additional"
        }
    ],
    "ctr": 0.1,
    "custom_score": 1.0,
    "id": {
        "dois": [
            "10.1001/jamanetworkopen.2020.37107"
        ]
    },
    "issued_at": 1613606400,
    "languages": [
        "en"
    ],
    "metadata": {
        "container_title": "JAMA Network Open",
        "first_page": 2037107,
        "issns": [
            "2574-3805"
        ],
        "issue": "2",
        "publisher": "American Medical Association (AMA)",
        "volume": "4"
    },
    "page_rank": 0.17024729,
    "referenced_by_count": 44,
    "references": [
        {
            "doi": "10.1002/acr.22897",
            "type": "reference"
        },
        {
            "doi": "10.1073/pnas.1703856114",
            "type": "reference"
        },
        {
            "doi": "10.1002/art.v68.7",
            "type": "reference"
        },
        {
            "doi": "10.2105/ajph.2011.300423",
            "type": "reference"
        },
        {
            "doi": "10.1097/mlr.0b013e3181e419b1",
            "type": "reference"
        },
        {
            "doi": "10.1186/1748-5908-4-75",
            "type": "reference"
        },
        {
            "doi": "10.1016/j.injury.2006.01.030",
            "type": "reference"
        },
        {
            "doi": "10.1056/nejmp1109283",
            "type": "reference"
        },
        {
            "doi": "10.1001/jama.2020.1525",
            "type": "reference"
        },
        {
            "doi": "10.1007/s11999-010-1740-7",
            "type": "reference"
        },
        {
            "doi": "10.2106/jbjs.17.00608",
            "type": "reference"
        },
        {
            "doi": "10.1016/j.jclinepi.2017.04.012",
            "type": "reference"
        },
        {
            "doi": "10.5435/jaaos-d-16-00631",
            "type": "reference"
        },
        {
            "doi": "10.1016/j.jclinepi.2017.04.017",
            "type": "reference"
        },
        {
            "doi": "10.1016/j.jclinepi.2017.04.014",
            "type": "reference"
        },
        {
            "doi": "10.1377/hlthaff.2015.1362",
            "type": "reference"
        },
        {
            "doi": "10.1007/s11999-016-4770-y",
            "type": "reference"
        },
        {
            "doi": "10.1016/j.media.2012.02.005",
            "type": "reference"
        },
        {
            "doi": "10.1056/nejmp1606181",
            "type": "reference"
        },
        {
            "doi": "10.1016/j.joca.2019.06.011",
            "type": "reference"
        },
        {
            "doi": "10.1001/jama.2016.12226",
            "type": "reference"
        },
        {
            "doi": "10.1186/1471-2474-12-149",
            "type": "reference"
        },
        {
            "doi": "10.1016/j.pec.2013.05.009",
            "type": "reference"
        },
        {
            "doi": "10.1007/s11999-016-4719-1",
            "type": "reference"
        },
        {
            "doi": "10.1007/s11136-009-9496-9",
            "type": "reference"
        },
        {
            "doi": "10.1136/ebm.12.5.149",
            "type": "reference"
        },
        {
            "doi": "10.1001/archinte.166.10.1092",
            "type": "reference"
        },
        {
            "doi": "10.1097/01.mlr.0000093487.78664.3c",
            "type": "reference"
        },
        {
            "doi": "10.1046/j.1525-1497.2001.016009606.x",
            "type": "reference"
        },
        {
            "doi": "10.1016/j.jbi.2008.08.010",
            "type": "reference"
        },
        {
            "doi": "10.1093/biomet/75.4.800",
            "type": "reference"
        },
        {
            "doi": "10.1007/s11999-009-0834-6",
            "type": "reference"
        },
        {
            "doi": "10.2106/jbjs.17.01617",
            "type": "reference"
        },
        {
            "doi": "10.1007/s11136-020-02577-4",
            "type": "reference"
        },
        {
            "doi": "10.2106/00004623-200107000-00005",
            "type": "reference"
        },
        {
            "doi": "10.2106/jbjs.m.00004",
            "type": "reference"
        },
        {
            "doi": "10.1016/j.joca.2015.07.024",
            "type": "reference"
        },
        {
            "doi": "10.2106/jbjs.16.01045",
            "type": "reference"
        },
        {
            "doi": "10.2106/jbjs.19.00004",
            "type": "reference"
        },
        {
            "doi": "10.1186/1471-2474-11-213",
            "type": "reference"
        },
        {
            "doi": "10.1016/j.arth.2014.09.006",
            "type": "reference"
        },
        {
            "doi": "10.1016/j.jval.2016.01.006",
            "type": "reference"
        },
        {
            "doi": "10.1016/j.arth.2017.06.017",
            "type": "reference"
        },
        {
            "doi": "10.1007/s00167-016-3993-5",
            "type": "reference"
        },
        {
            "doi": "10.1002/acr.24240",
            "type": "reference"
        },
        {
            "doi": "10.1007/s00167-018-5320-9",
            "type": "reference"
        },
        {
            "doi": "10.1007/s00167-016-4405-6",
            "type": "reference"
        },
        {
            "doi": "10.1016/j.knee.2012.02.001",
            "type": "reference"
        },
        {
            "doi": "10.1002/acr.20218",
            "type": "reference"
        },
        {
            "doi": "10.1007/s11136-019-02381-9",
            "type": "reference"
        },
        {
            "doi": "10.1016/j.jamcollsurg.2013.06.002",
            "type": "reference"
        },
        {
            "doi": "10.1186/s12891-019-2434-2",
            "type": "reference"
        },
        {
            "doi": "10.1001/jama.2017.0616",
            "type": "reference"
        },
        {
            "doi": "10.1007/s11999-014-3570-5",
            "type": "reference"
        },
        {
            "doi": "10.1186/s12911-018-0731-6",
            "type": "reference"
        },
        {
            "doi": "10.1016/j.joca.2019.04.004",
            "type": "reference"
        },
        {
            "doi": "10.1002/acr.v71.9",
            "type": "reference"
        },
        {
            "doi": "10.1377/hlthaff.2011.0686",
            "type": "reference"
        },
        {
            "doi": "10.1016/j.joca.2017.05.022",
            "type": "reference"
        },
        {
            "doi": "10.1016/j.joca.2017.08.018",
            "type": "reference"
        },
        {
            "doi": "10.2106/jbjs.17.00405",
            "type": "reference"
        },
        {
            "doi": "10.1002/art.v66.8",
            "type": "reference"
        },
        {
            "doi": "10.1007/s12178-012-9139-6",
            "type": "reference"
        },
        {
            "doi": "10.2106/jbjs.16.00473",
            "type": "reference"
        },
        {
            "doi": "10.5435/jaaos-d-18-00785",
            "type": "reference"
        },
        {
            "doi": "10.1126/science.aaw0029",
            "type": "reference"
        },
        {
            "doi": "10.1016/j.jss.2020.03.046",
            "type": "reference"
        }
    ],
    "tags": [
        "General Medicine"
    ],
    "title": "Comparison of an Artificial Intelligence–Enabled Patient Decision Aid vs Educational Material on Decision Quality, Shared Decision-Making, Patient Experience, and Functional Outcomes in Adults With Knee Osteoarthritis: A Randomized Clinical Trial",
    "type": "journal-article",
    "updated_at": 1694212004
}