{
    "authors": [
        {
            "family": "Smith-Bindman",
            "given": "Rebecca",
            "sequence": "first"
        },
        {
            "family": "Miglioretti",
            "given": "Diana L.",
            "sequence": "additional"
        },
        {
            "family": "Johnson",
            "given": "Eric",
            "sequence": "additional"
        },
        {
            "family": "Lee",
            "given": "Choonsik",
            "sequence": "additional"
        },
        {
            "family": "Feigelson",
            "given": "Heather Spencer",
            "sequence": "additional"
        },
        {
            "family": "Flynn",
            "given": "Michael",
            "sequence": "additional"
        },
        {
            "family": "Greenlee",
            "given": "Robert T.",
            "sequence": "additional"
        },
        {
            "family": "Kruger",
            "given": "Randell L.",
            "sequence": "additional"
        },
        {
            "family": "Hornbrook",
            "given": "Mark C.",
            "sequence": "additional"
        },
        {
            "family": "Roblin",
            "given": "Douglas",
            "sequence": "additional"
        },
        {
            "family": "Solberg",
            "given": "Leif I.",
            "sequence": "additional"
        },
        {
            "family": "Vanneman",
            "given": "Nicholas",
            "sequence": "additional"
        },
        {
            "family": "Weinmann",
            "given": "Sheila",
            "sequence": "additional"
        },
        {
            "family": "Williams",
            "given": "Andrew E.",
            "sequence": "additional"
        }
    ],
    "ctr": 0.1,
    "custom_score": 1.0,
    "id": {
        "dois": [
            "10.1001/jama.2012.5960"
        ]
    },
    "issued_at": 1339545600,
    "languages": [
        "en"
    ],
    "metadata": {
        "container_title": "JAMA",
        "issns": [
            "0098-7484"
        ],
        "issue": "22",
        "publisher": "American Medical Association (AMA)",
        "volume": "307"
    },
    "page_rank": 0.29302236,
    "referenced_by_count": 583,
    "tags": [
        "General Medicine"
    ],
    "title": "Use of Diagnostic Imaging Studies and Associated Radiation Exposure for Patients Enrolled in Large Integrated Health Care Systems, 1996-2010",
    "type": "journal-article",
    "updated_at": 1695719876
}