{
    "authors": [
        {
            "family": "Senni",
            "given": "Michele"
        },
        {
            "family": "Tribouilloy",
            "given": "Christophe M."
        },
        {
            "family": "Rodeheffer",
            "given": "Richard J."
        },
        {
            "family": "Jacobsen",
            "given": "Steven J."
        },
        {
            "family": "Evans",
            "given": "Jonathan M."
        },
        {
            "family": "Bailey",
            "given": "Kent R."
        },
        {
            "family": "Redfield",
            "given": "Margaret M."
        }
    ],
    "ctr": 0.1,
    "custom_score": 1.0,
    "id": {
        "dois": [
            "10.1001/archinte.159.1.29"
        ]
    },
    "issued_at": 916012800,
    "languages": [
        "en"
    ],
    "metadata": {
        "container_title": "Archives of Internal Medicine",
        "first_page": 29,
        "issns": [
            "0003-9926"
        ],
        "issue": "1",
        "volume": "159"
    },
    "page_rank": 0.7776652,
    "referenced_by_count": 261,
    "tags": [
        "Internal Medicine"
    ],
    "title": "Congestive Heart Failure in the Community: Trends in Incidence and Survival in a 10-Year Period",
    "type": "journal-article",
    "updated_at": 1693698569
}