{
    "authors": [
        {
            "family": "Zulman",
            "given": "Donna M."
        },
        {
            "family": "Shah",
            "given": "Nigam H."
        },
        {
            "family": "Verghese",
            "given": "Abraham"
        }
    ],
    "ctr": 0.1,
    "custom_score": 1.0,
    "id": {
        "dois": [
            "10.1001/jama.2016.9538"
        ]
    },
    "issued_at": 1473120000,
    "languages": [
        "en"
    ],
    "metadata": {
        "container_title": "JAMA",
        "first_page": 923,
        "issns": [
            "0098-7484"
        ],
        "issue": "9",
        "volume": "316"
    },
    "page_rank": 0.15883833,
    "referenced_by_count": 44,
    "tags": [
        "General Medicine"
    ],
    "title": "Evolutionary Pressures on the Electronic Health Record: Caring for Complexity",
    "type": "journal-article",
    "updated_at": 1693675213
}