{
    "authors": [
        {
            "family": "Karimkhani",
            "given": "Chante"
        },
        {
            "family": "Dellavalle",
            "given": "Robert P."
        },
        {
            "family": "Coffeng",
            "given": "Luc E."
        },
        {
            "family": "Flohr",
            "given": "Carsten"
        },
        {
            "family": "Hay",
            "given": "Roderick J."
        },
        {
            "family": "Langan",
            "given": "Sinéad M."
        },
        {
            "family": "Nsoesie",
            "given": "Elaine O."
        },
        {
            "family": "Ferrari",
            "given": "Alize J."
        },
        {
            "family": "Erskine",
            "given": "Holly E."
        },
        {
            "family": "Silverberg",
            "given": "Jonathan I."
        },
        {
            "family": "Vos",
            "given": "Theo"
        },
        {
            "family": "Naghavi",
            "given": "Mohsen"
        }
    ],
    "ctr": 0.1,
    "custom_score": 1.0,
    "id": {
        "dois": [
            "10.1001/jamadermatol.2016.5538"
        ]
    },
    "issued_at": 1493596800,
    "languages": [
        "en"
    ],
    "metadata": {
        "container_title": "JAMA Dermatology",
        "first_page": 406,
        "issns": [
            "2168-6068"
        ],
        "issue": "5",
        "volume": "153"
    },
    "page_rank": 0.20342657,
    "referenced_by_count": 362,
    "references": [
        {
            "doi": "10.1016/s0140-6736(12)61689-4",
            "type": "reference"
        },
        {
            "doi": "10.1016/s0140-6736(14)61682-2",
            "type": "reference"
        },
        {
            "doi": "10.1016/s0140-6736(12)61899-6",
            "type": "reference"
        },
        {
            "doi": "10.1056/nejmra1201534",
            "type": "reference"
        },
        {
            "doi": "10.1001/jamadermatol.2014.709",
            "type": "reference"
        },
        {
            "doi": "10.1016/s0140-6736(15)61340-x",
            "type": "reference"
        },
        {
            "doi": "10.1016/s2214-109x(15)00069-8",
            "type": "reference"
        },
        {
            "doi": "10.1016/s0140-6736(15)60692-4",
            "type": "reference"
        },
        {
            "doi": "10.1038/jid.2013.446",
            "type": "reference"
        },
        {
            "doi": "10.15171/ijhpm.2014.120",
            "type": "reference"
        },
        {
            "doi": "10.1016/s0140-6736(14)62006-7",
            "type": "reference"
        },
        {
            "doi": "10.1016/j.jaad.2004.08.016",
            "type": "reference"
        },
        {
            "doi": "10.1016/s0025-7125(05)70419-3",
            "type": "reference"
        },
        {
            "doi": "10.1111/bjd.2015.172.issue-6",
            "type": "reference"
        },
        {
            "doi": "10.1155/2015/167847",
            "type": "reference"
        },
        {
            "doi": "10.1038/jid.2014.355",
            "type": "reference"
        },
        {
            "doi": "10.1093/fampra/cmn036",
            "type": "reference"
        }
    ],
    "tags": [
        "Dermatology"
    ],
    "title": "Global Skin Disease Morbidity and Mortality: An Update From the Global Burden of Disease Study 2013",
    "type": "journal-article",
    "updated_at": 1693673425
}