{
    "authors": [
        {
            "family": "Matulevicius",
            "given": "Susan A.",
            "sequence": "first"
        },
        {
            "family": "Kho",
            "given": "Kimberly A.",
            "sequence": "additional"
        },
        {
            "family": "Reisch",
            "given": "Joan",
            "sequence": "additional"
        },
        {
            "family": "Yin",
            "given": "Helen",
            "sequence": "additional"
        }
    ],
    "ctr": 0.1,
    "custom_score": 1.0,
    "id": {
        "dois": [
            "10.1001/jamanetworkopen.2021.13539"
        ]
    },
    "issued_at": 1623715200,
    "languages": [
        "en"
    ],
    "metadata": {
        "container_title": "JAMA Network Open",
        "first_page": 2113539,
        "issns": [
            "2574-3805"
        ],
        "issue": "6",
        "publisher": "American Medical Association (AMA)",
        "volume": "4"
    },
    "page_rank": 0.17539397,
    "referenced_by_count": 67,
    "references": [
        {
            "doi": "10.1001/jama.2020.14797",
            "type": "reference"
        },
        {
            "doi": "10.1056/nejmsa1916935",
            "type": "reference"
        },
        {
            "doi": "10.1001/jamanetworkopen.2021.3997",
            "type": "reference"
        },
        {
            "doi": "10.1186/s12913-018-3663-z",
            "type": "reference"
        },
        {
            "doi": "10.7326/m18-1422",
            "type": "reference"
        },
        {
            "doi": "10.1016/j.ygyno.2017.06.026",
            "type": "reference"
        },
        {
            "doi": "10.1001/jamainternmed.2017.4340",
            "type": "reference"
        },
        {
            "doi": "10.1038/d41586-020-01294-9",
            "type": "reference"
        },
        {
            "doi": "10.1016/s0140-6736(20)31412-4",
            "type": "reference"
        },
        {
            "doi": "10.1089/jwh.2017.6457",
            "type": "reference"
        },
        {
            "doi": "10.1007/s11162-017-9454-2",
            "type": "reference"
        },
        {
            "doi": "10.1097/acm.0b013e3181900ebd",
            "type": "reference"
        },
        {
            "doi": "10.1097/acm.0b013e3181b6b243",
            "type": "reference"
        }
    ],
    "tags": [
        "General Medicine"
    ],
    "title": "Academic Medicine Faculty Perceptions of Work-Life Balance Before and Since the COVID-19 Pandemic",
    "type": "journal-article",
    "updated_at": 1694246874
}