{
    "authors": [
        {
            "family": "Kellum",
            "given": "John A."
        }
    ],
    "ctr": 0.1,
    "custom_score": 1.0,
    "id": {
        "dois": [
            "10.1001/archinte.167.15.1655"
        ]
    },
    "issued_at": 1186963200,
    "languages": [
        "en"
    ],
    "metadata": {
        "container_title": "Archives of Internal Medicine",
        "first_page": 1655,
        "issns": [
            "0003-9926"
        ],
        "issue": "15",
        "publisher": "American Medical Association (AMA)",
        "volume": "167"
    },
    "page_rank": 0.32317507,
    "referenced_by_count": 551,
    "tags": [
        "Internal Medicine"
    ],
    "title": "Understanding the Inflammatory Cytokine Response in Pneumonia and Sepsis: Results of the Genetic and Inflammatory Markers of Sepsis (GenIMS) Study",
    "type": "journal-article",
    "updated_at": 1695097027
}