{
    "authors": [
        {
            "family": "Stamler",
            "given": "Jeremiah"
        }
    ],
    "ctr": 0.1,
    "custom_score": 1.0,
    "id": {
        "dois": [
            "10.1001/jama.1986.03380200061022"
        ]
    },
    "issued_at": 533520000,
    "languages": [
        "en"
    ],
    "metadata": {
        "container_title": "JAMA",
        "first_page": 2823,
        "issns": [
            "0098-7484"
        ],
        "issue": "20",
        "volume": "256"
    },
    "page_rank": 0.5136789,
    "referenced_by_count": 1112,
    "tags": [
        "General Medicine"
    ],
    "title": "Is Relationship Between Serum Cholesterol and Risk of Premature Death From Coronary Heart Disease Continuous and Graded?: Findings in 356 222 Primary Screenees of the Multiple Risk Factor Intervention Trial (MRFIT)",
    "type": "journal-article",
    "updated_at": 1693703707
}