{
    "authors": [
        {
            "family": "Chan",
            "given": "An-Wen",
            "sequence": "first"
        },
        {
            "family": "Hróbjartsson",
            "given": "Asbjørn",
            "sequence": "additional"
        },
        {
            "family": "Haahr",
            "given": "Mette T.",
            "sequence": "additional"
        },
        {
            "family": "Gøtzsche",
            "given": "Peter C.",
            "sequence": "additional"
        },
        {
            "family": "Altman",
            "given": "Douglas G.",
            "sequence": "additional"
        }
    ],
    "ctr": 0.1,
    "custom_score": 1.0,
    "id": {
        "dois": [
            "10.1001/jama.291.20.2457"
        ]
    },
    "issued_at": 1085529600,
    "languages": [
        "en"
    ],
    "metadata": {
        "container_title": "JAMA",
        "first_page": 2457,
        "issns": [
            "0098-7484"
        ],
        "issue": "20",
        "publisher": "American Medical Association (AMA)",
        "volume": "291"
    },
    "page_rank": 0.5675118,
    "referenced_by_count": 1209,
    "tags": [
        "General Medicine"
    ],
    "title": "Empirical Evidence for Selective Reporting of Outcomes in Randomized Trials: Comparison of Protocols to Published Articles",
    "type": "journal-article",
    "updated_at": 1694844369
}