{
    "authors": [
        {
            "family": "Rana",
            "given": "Aman",
            "sequence": "first"
        },
        {
            "family": "Lowe",
            "given": "Alarice",
            "sequence": "additional"
        },
        {
            "family": "Lithgow",
            "given": "Marie",
            "sequence": "additional"
        },
        {
            "family": "Horback",
            "given": "Katharine",
            "sequence": "additional"
        },
        {
            "family": "Janovitz",
            "given": "Tyler",
            "sequence": "additional"
        },
        {
            "family": "Da Silva",
            "given": "Annacarolina",
            "sequence": "additional"
        },
        {
            "family": "Tsai",
            "given": "Harrison",
            "sequence": "additional"
        },
        {
            "family": "Shanmugam",
            "given": "Vignesh",
            "sequence": "additional"
        },
        {
            "family": "Bayat",
            "given": "Akram",
            "sequence": "additional"
        },
        {
            "family": "Shah",
            "given": "Pratik",
            "sequence": "additional"
        }
    ],
    "ctr": 0.1,
    "custom_score": 1.0,
    "id": {
        "dois": [
            "10.1001/jamanetworkopen.2020.5111"
        ]
    },
    "issued_at": 1589932800,
    "languages": [
        "en"
    ],
    "metadata": {
        "container_title": "JAMA Network Open",
        "first_page": 205111,
        "issns": [
            "2574-3805"
        ],
        "issue": "5",
        "publisher": "American Medical Association (AMA)",
        "volume": "3"
    },
    "page_rank": 0.15593502,
    "referenced_by_count": 32,
    "references": [
        {
            "doi": "10.1016/j.juro.2007.09.033",
            "type": "reference"
        },
        {
            "doi": "10.1109/msp.2014.2346443",
            "type": "reference"
        },
        {
            "doi": "10.1126/science.1189992",
            "type": "reference"
        },
        {
            "doi": "10.4103/jpi.jpi_11_17",
            "type": "reference"
        },
        {
            "doi": "10.1016/s1470-2045(19)30154-8",
            "type": "reference"
        },
        {
            "doi": "10.1016/s1387-2656(05)11007-2",
            "type": "reference"
        },
        {
            "doi": "10.1109/tip.2011.2109730",
            "type": "reference"
        },
        {
            "doi": "10.1109/tip.2005.860338",
            "type": "reference"
        },
        {
            "doi": "10.2307/2529310",
            "type": "reference"
        },
        {
            "doi": "10.1364/josaa.20.001292",
            "type": "reference"
        },
        {
            "doi": "10.1371/journal.pone.0205387",
            "type": "reference"
        },
        {
            "doi": "10.1038/nphoton.2016.94",
            "type": "reference"
        },
        {
            "doi": "10.1038/s41551-017-0165-y",
            "type": "reference"
        },
        {
            "doi": "10.1073/pnas.1416955111",
            "type": "reference"
        },
        {
            "doi": "10.1038/nmeth.1709",
            "type": "reference"
        },
        {
            "doi": "10.4103/jpi.jpi_61_17",
            "type": "reference"
        },
        {
            "doi": "10.1038/s41551-016-0027",
            "type": "reference"
        },
        {
            "doi": "10.1039/c6an02072k",
            "type": "reference"
        },
        {
            "doi": "10.1016/j.compmedimag.2005.09.003",
            "type": "reference"
        },
        {
            "doi": "10.1038/s41551-019-0362-y",
            "type": "reference"
        },
        {
            "doi": "10.1038/s41551-019-0362-y",
            "type": "reference"
        },
        {
            "doi": "10.1038/s41746-019-0148-3",
            "type": "reference"
        },
        {
            "doi": "10.1007/978-1-4939-1050-2_3",
            "type": "reference"
        }
    ],
    "tags": [
        "General Medicine"
    ],
    "title": "Use of Deep Learning to Develop and Analyze Computational Hematoxylin and Eosin Staining of Prostate Core Biopsy Images for Tumor Diagnosis",
    "type": "journal-article",
    "updated_at": 1694057599
}