{
    "authors": [
        {
            "family": "Berkowitz",
            "given": "Seth A."
        },
        {
            "family": "Hulberg",
            "given": "Amy Catherine"
        },
        {
            "family": "Standish",
            "given": "Sara"
        },
        {
            "family": "Reznor",
            "given": "Gally"
        },
        {
            "family": "Atlas",
            "given": "Steven J."
        }
    ],
    "ctr": 0.1,
    "custom_score": 1.0,
    "id": {
        "dois": [
            "10.1001/jamainternmed.2016.7691"
        ]
    },
    "issued_at": 1485907200,
    "languages": [
        "en"
    ],
    "metadata": {
        "container_title": "JAMA Internal Medicine",
        "first_page": 244,
        "issns": [
            "2168-6106"
        ],
        "issue": "2",
        "volume": "177"
    },
    "page_rank": 0.36016744,
    "referenced_by_count": 137,
    "tags": [
        "Internal Medicine"
    ],
    "title": "Addressing Unmet Basic Resource Needs as Part of Chronic Cardiometabolic Disease Management",
    "type": "journal-article",
    "updated_at": 1693673951
}