{
    "authors": [
        {
            "family": "Baskaran",
            "given": "Mani"
        },
        {
            "family": "Foo",
            "given": "Reuben C."
        },
        {
            "family": "Cheng",
            "given": "Ching-Yu"
        },
        {
            "family": "Narayanaswamy",
            "given": "Arun K."
        },
        {
            "family": "Zheng",
            "given": "Ying-Feng"
        },
        {
            "family": "Wu",
            "given": "Renyi"
        },
        {
            "family": "Saw",
            "given": "Seang-Mei"
        },
        {
            "family": "Foster",
            "given": "Paul J."
        },
        {
            "family": "Wong",
            "given": "Tien-Yin"
        },
        {
            "family": "Aung",
            "given": "Tin"
        }
    ],
    "ctr": 0.1,
    "custom_score": 1.0,
    "id": {
        "dois": [
            "10.1001/jamaophthalmol.2015.1110"
        ]
    },
    "issued_at": 1438387200,
    "languages": [
        "en"
    ],
    "metadata": {
        "container_title": "JAMA Ophthalmology",
        "first_page": 874,
        "issns": [
            "2168-6165"
        ],
        "issue": "8",
        "volume": "133"
    },
    "page_rank": 0.19737475,
    "referenced_by_count": 81,
    "tags": [
        "Ophthalmology"
    ],
    "title": "The Prevalence and Types of Glaucoma in an Urban Chinese Population: The Singapore Chinese Eye Study",
    "type": "journal-article",
    "updated_at": 1693677815
}