{
    "authors": [
        {
            "family": "Mohamed",
            "given": "Quresh"
        },
        {
            "family": "Gillies",
            "given": "Mark C."
        },
        {
            "family": "Wong",
            "given": "Tien Y."
        }
    ],
    "ctr": 0.1,
    "custom_score": 1.0,
    "id": {
        "dois": [
            "10.1001/jama.298.8.902"
        ]
    },
    "issued_at": 1187740800,
    "languages": [
        "en"
    ],
    "links": [
        {
            "cid": "bafkr4ib43ulefdoogvoeauve47odz2fejoebmuqt6mf6v52i3mjbqkv57e",
            "extension": "pdf",
            "filesize": 225683,
            "md5": "77837a993fa18fecbdb04603904678d7",
            "type": "primary"
        }
    ],
    "metadata": {
        "container_title": "JAMA",
        "first_page": 902,
        "issns": [
            "0098-7484"
        ],
        "issue": "8",
        "publisher": "American Medical Association (AMA)",
        "volume": "298"
    },
    "page_rank": 0.1931504,
    "referenced_by_count": 577,
    "tags": [
        "General Medicine"
    ],
    "title": "Management of Diabetic Retinopathy: A Systematic Review",
    "type": "journal-article",
    "updated_at": 1695098349
}