{
    "authors": [
        {
            "family": "Stern",
            "given": "Robert S.",
            "sequence": "first"
        }
    ],
    "ctr": 0.1,
    "custom_score": 1.0,
    "id": {
        "dois": [
            "10.1001/archdermatol.2010.4"
        ]
    },
    "issued_at": 1267401600,
    "languages": [
        "en"
    ],
    "metadata": {
        "container_title": "Archives of Dermatology",
        "issns": [
            "0003-987X"
        ],
        "issue": "3",
        "publisher": "American Medical Association (AMA)",
        "volume": "146"
    },
    "page_rank": 0.18105136,
    "referenced_by_count": 271,
    "tags": [
        "Dermatology",
        "General Medicine"
    ],
    "title": "Prevalence of a History of Skin Cancer in 2007: Results of an Incidence-Based Model",
    "type": "journal-article",
    "updated_at": 1695403468
}