{
    "authors": [
        {
            "family": "Coleman",
            "given": "Eric A."
        },
        {
            "family": "Parry",
            "given": "Carla"
        },
        {
            "family": "Chalmers",
            "given": "Sandra"
        },
        {
            "family": "Min",
            "given": "Sung-joon"
        }
    ],
    "ctr": 0.1,
    "custom_score": 1.0,
    "id": {
        "dois": [
            "10.1001/archinte.166.17.1822"
        ]
    },
    "issued_at": 1159142400,
    "languages": [
        "en"
    ],
    "metadata": {
        "container_title": "Archives of Internal Medicine",
        "first_page": 1822,
        "issns": [
            "0003-9926"
        ],
        "issue": "17",
        "publisher": "American Medical Association (AMA)",
        "volume": "166"
    },
    "page_rank": 0.3236661,
    "referenced_by_count": 1352,
    "tags": [
        "Internal Medicine"
    ],
    "title": "The Care Transitions Intervention: Results of a Randomized Controlled Trial",
    "type": "journal-article",
    "updated_at": 1694980346
}