{
    "authors": [
        {
            "family": "Kansagara",
            "given": "Devan"
        },
        {
            "family": "Englander",
            "given": "Honora"
        },
        {
            "family": "Salanitro",
            "given": "Amanda"
        },
        {
            "family": "Kagen",
            "given": "David"
        },
        {
            "family": "Theobald",
            "given": "Cecelia"
        },
        {
            "family": "Freeman",
            "given": "Michele"
        },
        {
            "family": "Kripalani",
            "given": "Sunil"
        }
    ],
    "ctr": 0.1,
    "custom_score": 1.0,
    "id": {
        "dois": [
            "10.1001/jama.2011.1515"
        ]
    },
    "issued_at": 1318982400,
    "languages": [
        "en"
    ],
    "metadata": {
        "container_title": "JAMA",
        "first_page": 1688,
        "issns": [
            "0098-7484"
        ],
        "issue": "15",
        "publisher": "American Medical Association (AMA)",
        "volume": "306"
    },
    "page_rank": 0.24002764,
    "referenced_by_count": 1239,
    "tags": [
        "General Medicine"
    ],
    "title": "Risk Prediction Models for Hospital Readmission: A Systematic Review",
    "type": "journal-article",
    "updated_at": 1695598909
}