{
    "authors": [
        {
            "family": "Ashley",
            "given": "Euan A."
        }
    ],
    "ctr": 0.1,
    "custom_score": 1.0,
    "id": {
        "dois": [
            "10.1001/jama.2015.3595"
        ]
    },
    "issued_at": 1433203200,
    "languages": [
        "en"
    ],
    "metadata": {
        "container_title": "JAMA",
        "first_page": 2119,
        "issns": [
            "0098-7484"
        ],
        "issue": "21",
        "volume": "313"
    },
    "page_rank": 0.18747953,
    "referenced_by_count": 357,
    "tags": [
        "General Medicine"
    ],
    "title": "The Precision Medicine Initiative: A New National Effort",
    "type": "journal-article",
    "updated_at": 1693678064
}