{
    "authors": [
        {
            "family": "Stoecker",
            "given": "William V.",
            "sequence": "first"
        },
        {
            "family": "Rader",
            "given": "Ryan K.",
            "sequence": "additional"
        },
        {
            "family": "Halpern",
            "given": "Allan",
            "sequence": "additional"
        }
    ],
    "ctr": 0.1,
    "custom_score": 1.0,
    "id": {
        "dois": [
            "10.1001/jamadermatol.2013.4334"
        ]
    },
    "issued_at": 1372636800,
    "languages": [
        "en"
    ],
    "metadata": {
        "container_title": "JAMA Dermatology",
        "first_page": 884,
        "issns": [
            "2168-6068"
        ],
        "issue": "7",
        "publisher": "American Medical Association (AMA)",
        "volume": "149"
    },
    "page_rank": 0.18435776,
    "referenced_by_count": 3,
    "tags": [
        "Dermatology"
    ],
    "title": "Diagnostic Inaccuracy of Smartphone Applications for Melanoma Detection: Representative Lesion Sets and the Role for Adjunctive Technologies",
    "type": "journal-article",
    "updated_at": 1695885584
}