{
    "authors": [
        {
            "family": "Semigran",
            "given": "Hannah L."
        },
        {
            "family": "Levine",
            "given": "David M."
        },
        {
            "family": "Nundy",
            "given": "Shantanu"
        },
        {
            "family": "Mehrotra",
            "given": "Ateev"
        }
    ],
    "ctr": 0.1,
    "custom_score": 1.0,
    "id": {
        "dois": [
            "10.1001/jamainternmed.2016.6001"
        ]
    },
    "issued_at": 1480550400,
    "languages": [
        "en"
    ],
    "metadata": {
        "container_title": "JAMA Internal Medicine",
        "first_page": 1860,
        "issns": [
            "2168-6106"
        ],
        "issue": "12",
        "volume": "176"
    },
    "page_rank": 0.17357093,
    "referenced_by_count": 85,
    "tags": [
        "Internal Medicine"
    ],
    "title": "Comparison of Physician and Computer Diagnostic Accuracy",
    "type": "journal-article",
    "updated_at": 1693674745
}