{
    "ctr": 0.1,
    "custom_score": 1.0,
    "id": {
        "dois": [
            "10.1001/archopht.122.4.564"
        ]
    },
    "issued_at": 1080777600,
    "languages": [
        "en"
    ],
    "metadata": {
        "container_title": "Archives of Ophthalmology",
        "first_page": 564,
        "issns": [
            "0003-9950"
        ],
        "issue": "4",
        "publisher": "American Medical Association (AMA)",
        "volume": "122"
    },
    "page_rank": 0.24104938,
    "referenced_by_count": 1397,
    "tags": [
        "Ophthalmology"
    ],
    "title": "Prevalence of Age-Related Macular Degeneration in the United States",
    "type": "journal-article",
    "updated_at": 1694840665
}