{
    "authors": [
        {
            "family": "Antman",
            "given": "Elliott M."
        }
    ],
    "ctr": 0.1,
    "custom_score": 1.0,
    "id": {
        "dois": [
            "10.1001/jama.1992.03490020088036"
        ]
    },
    "issued_at": 710553600,
    "languages": [
        "en"
    ],
    "metadata": {
        "container_title": "JAMA",
        "first_page": 240,
        "issns": [
            "0098-7484"
        ],
        "issue": "2",
        "volume": "268"
    },
    "page_rank": 0.3085621,
    "referenced_by_count": 771,
    "tags": [
        "General Medicine"
    ],
    "title": "A Comparison of Results of Meta-analyses of Randomized Control Trials and Recommendations of Clinical Experts: Treatments for Myocardial Infarction",
    "type": "journal-article",
    "updated_at": 1693701945
}