{
    "abstract": "<abstract><section><p>A method is presented for evaluating the amount of information a medical test provides about individual patients. Emphasis is placed on the role of a test in the evaluation of patients with a chronic disease. In this context, the yield of a test is best interpreted by analyzing the prognostic information it furnishes. Information from the history, physical examination, and routine procedures should be used in assessing the yield of a new test. As an example, the method is applied to the use of the treadmill exercise test in evaluating the prognosis of patients with suspected coronary artery disease. The treadmill test is shown to provide surprisingly little prognostic information beyond that obtained from basic clinical measurements.</p></section></abstract>",
    "authors": [
        {
            "family": "Harrell",
            "given": "Frank E."
        }
    ],
    "content": "<content><section><p>NEW MEDICAL tests have increased physicians' diagnostic capabilities, but they have also increased the cost of medical care. Information obtained from many tests is often unnecessari¬ ly redundant. To delineate the appro¬ priate use of the expanding array of tests, a method of assessing the infor¬ mation yield of additional testing for an individual patient is required. This report outlines such a method, using an evaluation of the treadmill exer¬ cise test as an example.</p>\n<p>Medical tests traditionally have been judged by their capability to establish a diagnosis. The manage¬ ment of a chronic disease, however, requires more information than is necessary for diagnosis alone. For example, the location and extent of ischémie heart disease and its effects on cardiac function and life-style is a dynamic process occurring over many years. When evaluating a medi¬ cal test for patients with a chronic disease, the prognostic value of the test should be emphasized.</p>\n<p>Physicians assimilate a variety of data from the history and physical examination to guide clinical deci¬ sion-making. However, most studies of test utility have not explicitly considered such information because of the complexity of describing this assimilation process. This report em¬ phasizes the importance of consider¬ ing all prior relevant clinical infor¬ mation in determining the value of a new or additional test.</p></section>\n<section><header>Methods</header></section>\n<section><header>Patient Population and Information Base</header>\n<p>The computerized information system for patient data has been described previ¬ ously.' Information on all patients un¬ dergoing cardiac catheterization at the Duke University Medical Center, Durham, NC, is collected prospectively. Table  <ref type=\"table\">1</ref> lists the most important measurements ob¬ tained from the routine clinical evalua¬ tion, which form the baseline clinical assessment used in the analysis.</p>\n<p>To determine the value of the treadmill test in the noninvasive setting, treadmill test descriptors were added to this basic set. To examine what useful information is provided by the treadmill test when the results of the cardiac catheterization are known, a selected set of important mea¬ surements from the cardiac catheteriza¬ tion (Table <ref target=\"#tab_3\" type=\"table\">2</ref>) were added to those from the initial patient assessment.</p>\n<p>From 1969 to mid-1981, 5,461 consecu- tive patients have been catheterized for suspected ischémie heart disease at the Duke University Medical Center. This fig¬ ure excludes patients with previous car¬ diac surgery, congenital heart disease, hypertrophie cardiomyopathy, or valvular heart disease other than mitral insuffi¬ ciency thought to be secondary to ischémie heart disease. There were 3,833 medically treated patients, of whom 2,232 had tread¬ mill exercise tests. Thirty-four patients were excluded because of uninterpretable exercise recordings due to conduction defects or baseline artifacts, and 33 patients were excluded because one or more descriptors listed in Tables <ref type=\"table\">1</ref> and<ref target=\"#tab_3\" type=\"table\">2</ref> were not known. The remaining 2,165 patients constitute the study population.</p>\n<p>The criteria and protocol for exercise testing have been described in detail previ¬ ously.2 In general, all patients underwent exercise testing except those with physical disability, severe symptoms, or congestive heart failure. Of the 2,165 patients, 1,051     were eventually found to have significant coronary disease (ie, diameter narrowing of at least 75% in one or more major arteries) by cardiac catheterization. Fol¬ low-up has been obtained at six months, at one year, and at yearly intervals there¬ after; follow-up is 99% complete.</p></section>\n<section><header>Exercise Protocol</header>\n<p>The graded multistage protocol of Bruce1 was used. The criteria for a positive ST-segment interpretation were (1) hori¬ zontal or downsloping ST-segment change of 0.1 mV or greater when no pretest ST abnormalities of at least 0.05 mV were present; (2) ST-segment elevation of 0.1 mV or more than the control tracing in any lead except aVK; (3) additional horizon¬ tal or downsloping ST depression of 0.2 mV or greater with preexisting ST depres¬ sion of at least 0.05 mV. The criteria for a negative result were failure to meet posi¬ tive criteria in addition to the achievement, of 85% of the maximum predicted heart rate.4 Patients who did not meet positive criteria and who failed to reach 85% of the maximum predicted heart rate were con¬ sidered to have indeterminate test results.</p>\n<p>Results for patients with baseline ST- segment depression greater than 0.05 mV who had additional ST-segment depres¬ sion of at least 0.1 mV but not 0.2 mV were also considered indeterminate Method of Evaluating a Medical Test The value of a test for prognosis or diagnosis should be evaluated in a four- step process.</p>\n<p>Step 1: Assessing Prior Information.-Sim¬ ply relating a test result by itself to prognosis is not an adequate analysis of the utility of a test. The first step in the analysis should be to gather all informa¬ tion about the patient that will be avail¬ able before the test is ordered. In the evaluation of the cardiac patient, the his¬ tory, physical examination results, resting ECG, and standard chest x-ray film are almost always obtained before additional testing. Since additional tests add more expense and risk, they will be useful only if they contribute new information.</p>\n<p>Step 2: Coding Test Results.-All perti¬ nent measurements from the test being evaluated should be used in assessing the information provided by the test. Regres¬ sion methods discussed below are useful in evaluating and combining multiple test measurements. Whenever possible, the main test result should be quantified rather than classified as \"positive\" or \"negative.\"</p>\n<p>Step 3: Testing for Additive Information in a</p>\n<p>Test.</p>\n<p>-For an additional test to be clini¬ cally useful, it must provide statistically significant information that is indepen¬ dent of all information already obtained, assuming the analysis is based on an adequate number of patients for the type II error to be small. Clinical significance will be addressed later, but if statistical significance is not obtained, the question of clinical significance is a moot point.</p>\n<p>When considering prognosis, the Cox5 regression model (see \"Statistical Calcula¬ tions\") can assess the usefulness of the information available prior to a test in predicting a patient's survival time and determine if the accuracy of the prediction is improved by the new test. (Survival time is the number of days a patient lives after the baseline clinical evaluation.)</p>\n<p>Step 4: Quantifying Additional Informa¬ tion.-Because statistical significance is only a prerequisite for clinical signifi¬ cance, we desire to know if the informa¬ tion added by the test is useful to the physician. In a traditional statistical assessment, the test variables are evalu¬ ated to see if they provide any predictive information. But we need to devise a relevant measure of how much prognostic information the test actually provides. To obtain such a measure, we propose calcu¬ lating an index of correlation (described subsequently) between the baseline rou¬ tine clinical data and the outcome (length of survival). Then, by examining the incre¬ ment in this correlation index when infor mation from the test is added to the basic set of clinical descriptors, we can quantify the additional prognostic information pro¬ vided by the test.</p>\n<p>An alternate method for assessing the added prognostic information from a new procedure provides a different perspective on the problem. This method consists of quantifying how much the results of the procedure change the best estimates, of prognosis, rightly or wrongly, for individu¬ al patients. Two Cox regression models are developed to predict the probability that each patient will survive for five years from the date of evaluation; one model makes use of the additional information from the test, and one does not. For example, suppose that the predicted prob- ability of surviving five years is .75 for a certain patient. If the posttest model pre¬ dicts a survival probability of .71 after a positive test result is known, the positive test actually lowered the prognostic esti¬ mate very little. To summarize how the test result changed prognostic estimates, the percentage of patients for which the test information changed the five-year probability of survival by more than .10 will be presented. Although this method of quantifying added prognostic information is simple to apply, it does have drawbacks. It does not tie prognostic predictions to individual patients' actual outcomes, and it. does not actually quantify how well any given set of information can actually pre¬ dict the outcome. It also requires one to make a choice as to the time period and change in probability of interest.</p></section>\n<section><header>Statistical Calculations</header>\n<p>The Cox regression modeP is a generali¬ zation of the multiple linear regression model in which the response variable usually represents the time until some event, and its value for some subjects can be censored, ie, for some patients still alive, the survival time is only known to exceed the current follow-up time. For the analyses presented in this article, only cardiovascular deaths are considered as events. For patients suffering noncardio- vascular deaths, the follow-up time is cen¬ sored at. the time of the nonrelated death.</p>\n<p>Any set of clinical measurements for a patient, can be denoted by X,, X.,,</p>\n<p>The Cox model assumes that the probabili¬ ty that, the patient survives past time t is given by So(t) raised to the exp (B,X,+B2X2+</p>\n<p>.. . +BPX\") power, where So(t) is the survival probability for a \"stan¬ dard\" patient, B, is the coefficient or weight for the ith descriptor variable, and exp is the exponential function. A \"stan¬ dard\" patient is a hypothetical one for whom each descriptor variable has a value equal to the mean for thai descriptor variable over the entire patient sample. Using the mode), the set of weights B\" . .</p>\n<p>. Bp are estimated from the data and a prognostic score PS=B,X.+BX+ . . . +BpXp can be calculated so that. PS is optimally related to survival time. The standard survival function So(t) is also estimated from the data, and no particular shape is assumed for this function. Using the estimate for So(t) in conjunction with the prognostic score, the probability of surviving until time t can be estimated for each patient.</p>\n<p>The prognostic score arising from the Cox model captures and condenses the information in any given set of measure¬ ments. The predictive value of a set of patient measurements can be quantified by computing a measure of correlation between survival time and the prognostic score based on that set. A complication arises because only 188 of the 2,165 patients have had cardiovascular deaths to date. The survival times of the remaining 1,977 patients are censored. An index of correlation like the commonly used linear correlation coefficient does not allow for censored values and also makes the restrictive assumption that survival time can be predicted by a purely linear equa¬ tion.</p>\n<p>We chose a measure of correlation that would have a simple, clinically meaningful interpretation, yet still be applicable in follow-up studies. The measure is similar to that of Brown et al.* Draw a pair of patients and determine which patient lived longer from his baseline evaluation.</p>\n<p>Survival times can be validly compared either when both patients have died, or when one has died and the other's followup time has exceeded the survival time of the first. If both patients are still alive, which will live longer is not known, and that pair of patients is not used in the analysis. Otherwise, it can be determined whether the patient with the higher prog¬ nostic score (ie, the weighted combination of baseline and test variables used to predict survival) also had the longer sur¬ vival time. The process is repeated until all possible pairs of patients have been exam¬ ined. Of the pairs of patients for which the ordering of survival times could be inferred, the fraction of pairs such that the patient with the higher score had the longer survival time will be denoted by c. The index c estimates the probability that, of two randomly chosen patients, the patient with the higher prognostic score will outlive the patient with the lower prognostic score. Values of c near .5 indi¬ cate that the prognostic score is no better than a coin-flip in determining which patient will live longer. Values of c near 0 or 1 indicate the baseline data virtually always determine which patient has a better prognosis. The c index measures a probability; many clinicians are more used to dealing with a correlation index that ranges from -1 to +1. A Kendall or Goodman-Kruskal type of correlation in¬ dex' can easily be constructed by calculat¬ ing 7=2(c-.5), where 7 is the estimated probability that the prognostic score cor¬ rectly orders prognosis for a pair of patients minus the probability that it incorrectly orders prognosis. When the prognostic score is unrelated to survival time, 7 is zero. When 7=.5, the relation¬ ship between the prognostic score and survival time is halfway between a ran¬ dom relationship and a perfect relation¬ ship, and the corresponding c value is .75.</p></section>\n<section><header>Evaluation of Treadmill Exercise Test</header>\n<p>Step 1: Summarizing Routine Clinical Infor- mation.-When routine noninvasive de¬ scriptors are combined to form a prognos¬ tic score, the index c is .82 and 7 is .63. In other words, one could correctly determine which of two patients would live longer 82% of the time based on routine data. If, in addition, invasive measurements from a cardiac catheterization such as ventricular contraction patterns and degree of nar¬ rowing in the major coronary arteries were also incorporated into the score, the index of prognostic information is c=.87 with 7=.74, meaning that one can correct¬ ly order survival times 87% of the time. The addition of information obtained by catheterization changed five-year prog¬ nostic estimates by more than 0.10 in 12.8% of the patients.</p>\n<p>Step 2: Coding Exercise Test Informa¬ tion.-Ideally, the exercise test should be coded for the degree of ST-segment abnor¬ mality, the duration of exercise, the maxi¬ mum heart rate achieved, the occurrence of angina during stress, the frequency and type of ventricular arrhythmias, and changes in BP. Because of the difficulty in reliably coding the degree of ST-segment change recorded by different observers, and because rhythm and BP data have been recorded in the computed data bank only since 1974, only the qualitative ST- segment interpretation, duration of exer¬ cise, heart rate, and occurrence of angina were used in this analysis. The following discussion describes how the available information was coded.</p>\n<p>Clinically, we thought that with regard to prognosis, an indeterminate test result should be interpreted as halfway between a negative and a positive result (this assumption was verified statistically). The other measurements of major interest were the duration of exercise, which was coded as the number of minutes of exer¬ cise, and the maximum heart rate. A positive result should be associated with worse prognosis if the ECG changes occur earlier or at a lower heart rate. The most abnormal results should have a significant ST-segment change at the beginning of exercise. Thus, six terms were evaluated: ST-segment interpretation (coded as 0,1, 2 for negative, indeterminate, and positive), duration of exercise, maximum heart rate, presence of angina during exercise, the product of interpretation and duration, and the product of interpretation and heart rate (to allow for the added impor¬ tance of a positive test if the duration, heart rate, or both, were less).</p>\n<p>Step 3: Testing for Additive Information in Exercise Test.-Using the Cox regression model, the six treadmill variables were found to add significant independent prog¬ nostic information to the other noninva¬ sive clinical descriptors (xî=33.8 with 6 df, P&lt;.0001). The most important treadmill variables were the interpretation and the product of interpretation and duration. The x' statistic does not quantify the actual clinical utility of treadmill informa¬ tion, although one can gain perspective by comparing 33.8, the extra x2 contributed by the treadmill variables, to the x2 value of 257.4 due to all other basic noninvasive clinical descriptors.</p>\n<p>Step 4: Quantifying Information Added by Exercise Test.-As stated before, the c value based on routine noninvasive data is .82. Adding treadmill information raises c to .83 (the values for 7 are .63 and .67, respectively). This finding indicates that with treadmill data, one can determine correctly which of two patients will live longer 83% of the time. Although the additional information provided by the treadmill is statistically significant, the question of whether the test is clinically useful when it adds only 1% to the ability to correctly order patients' prognoses must be raised. The incorporation of treadmill test results changed five-year survival probability estimates by more than .10 in only 6.8% of patients. Consist¬ ent with these findings, the treadmill test was also found to provide less prognostic information by itself (c=.73) than the basic measurements provided alone (c=.82).</p></section>\n<section><header>Assessing Yield of Exercise Test</header>\n<p>for Catheterized Patients When invasive information is known, a Cox test of the additional prognostic infor¬ mation of the exercise test yields x2=4.7 with 6 df (P=.58). In other words, if a patient is going to undergo catheteriza¬ tion, the exercise test provides no addi¬ tional prognostic information. For illus¬ tration, however, we could still calculate the indices of test utility. Inclusion of treadmill information means that one can correctly order patients' prognoses 87.1% of the time rather than 86.8% of the time; 7 is increased from .735 to .743. Treadmill test information changed five-year prog¬ nostic estimates by more than .10 in only one of the 2,165 patients.</p></section>\n<section><header>COMMENT</header>\n<p>The foregoing analysis demon¬ strates that if one utilizes all previ¬ ously obtained noninvasive findings, the exercise test provides some addi¬ tional prognostic information. How¬ ever, when the amount of additional information is quantified, it is found to be small. After a patient is cathe¬ terized, the incorporation of exercise treadmill results adds no measur¬ able amount of prognostic informa¬ tion. Thus, the use of exercise test results in making clinical decisions may actually be detrimental to a patient. For example, if a patient with a less severe form of coronary disease and good ventricular function has an early positive treadmill test result (significant ST-segment devia¬ tions occurring in the first six min¬ utes of exercise), the patient still has an excellent prognosis. In the 310 medically treated patients with one- or two-vessel disease and normal left ventricular function without an early positive test result, the survival rate is 95% at four years. However, in the 57 patients with one-or two-vessel disease and normal ventricular func¬ tion having an early positive test result, the four-year survival is 96%. The physician may be unduly con¬ cerned about the patient having an early positive test result, not realizing that once coronary anatomy and ven¬ tricular function are described, the treadmill exercise test results are of no value in assessing prognosis.</p>\n<p>The limitations of the exercise test in relation to diagnosis of coronary disease have been described.8 No pre¬ vious work has outlined the limita¬ tions of the exercise test with regard to prognosis in the noninvasive evalu¬ ation. Certain cautions must be observed in interpreting these results. The addition of the degree of ST- segment change,' the occurrence of ventricular arrhythmias,10 changes in BP with exercise,\" or alternate mea¬ sures of exercise workloads may make the exercise test a more potent pre¬ dictor of outcome. In our opinion, the incremental gain in prognostic infor¬ mation from these measurements will be small. For example, a recent study'2 described a group of men with suspected coronary disease who had excellent prognoses despite the occur¬ rence of profound ST changes with exercise. Of course, exercise testing may be used for purposes other than estimating prognosis, such as evalu¬ ating work capacity or obtaining objective evidence of ischemia for patients in whom the history is unclear.</p>\n<p>Another potential problem affect¬ ing our analyses is that the determi¬ nation of the type of angina can sometimes be influenced by previous tests the patient may have had. To address this problem, we repeated all analyses without using the type of angina in the baseline clinical assess¬ ment. The c indices changed only in the third decimal place. We also repeated the analyses, including only those patients found to have signifi¬ cant coronary disease at catheteriza¬ tion, to evaluate the utility of the treadmill test in assessing prognosis in a more tightly defined patient group. No substantive changes re¬ sulted.</p>\n<p>When diagnosis is considered as a binary end point-the presence or absence of disease-patients can be lumped conveniently into two catego¬ ries. If outcomes are known, the aver¬ age prognosis of each patient with the diagnostic label can be determined.</p>\n<p>However, this information is of lim¬ ited value to the physician caring for a particular patient with a complex chronic disease. Patients with the same disease will have markedly dif¬ ferent prognoses based on individual characteristics. For example, in is¬ chémie heart disease, patients will have different prognoses based on left ventricular function, anatomy, and other information. A patient with stable angina, three-vessel coronary disease, and normal left ventricular function has a two-year survival of 93%, while a patient with progressive angina, three-vessel disease, and ab- normal ventricular function has a two-year survival of 68%.\" Both patients have coronary artery disease (even of the same severity), yet the degree of illness is markedly differ¬ ent. Once prognosis becomes a central focus and the variety of outcomes is realized, the concept of simple catego¬ rization of a disease state changes. Coronary disease is usually thought of as a common disease, but because of its wide prognostic spectrum, patients cannot readily be catego¬ rized.</p>\n<p>We have demonstrated the use of the proposed method to determine the prognostic value of the treadmill exercise test for individual patients evaluated for coronary disease. The same method can be used to assess the independent value of any new test in patients with any chronic disease and can be used to assess the incre¬ </p>\n<formula xml:id=\"formula_1\">mental</formula></section>\n<section><p>00042 from the National Library of Medicine, Bethesda, Md; and grants from the Prudential Insurance Company of America, Newark, NJ, the Kaiser Family Foundation, Palo Alto, Calif, and the Andrew W. Mellon Foundation, New York.</p>\n<p>Eugene A. Stead, Jr, MD, offered us valuable insights and ideas.</p></section></content>",
    "ctr": 0.1,
    "custom_score": 1.0,
    "id": {
        "dois": [
            "10.1001/jama.1982.03320430047030"
        ]
    },
    "issued_at": 390182400,
    "languages": [
        "en"
    ],
    "links": [
        {
            "cid": "bafkr4ichmcl7yquulbcfk5u7vvg7fy7tt46pxnm54f2c2hvwg3j23ixipu",
            "extension": "pdf",
            "filesize": 661759,
            "md5": "cb5332ba94069b620b497553fc49a2a1",
            "type": "primary"
        }
    ],
    "metadata": {
        "container_title": "JAMA: The Journal of the American Medical Association",
        "first_page": 2543,
        "issns": [
            "0098-7484"
        ],
        "issue": "18",
        "volume": "247"
    },
    "page_rank": 0.1699454,
    "referenced_by_count": 1945,
    "tags": [
        "General Medicine"
    ],
    "title": "Evaluating the Yield of Medical Tests",
    "type": "journal-article",
    "updated_at": 1693704914
}