{
    "authors": [
        {
            "family": "Simon",
            "given": "Steven R.",
            "sequence": "first"
        }
    ],
    "ctr": 0.1,
    "custom_score": 1.0,
    "id": {
        "dois": [
            "10.1001/archinternmed.2009.522"
        ]
    },
    "issued_at": 1265587200,
    "languages": [
        "en"
    ],
    "metadata": {
        "container_title": "Archives of Internal Medicine",
        "first_page": 264,
        "issns": [
            "0003-9926"
        ],
        "issue": "3",
        "publisher": "American Medical Association (AMA)",
        "volume": "170"
    },
    "page_rank": 0.1905056,
    "referenced_by_count": 18,
    "tags": [
        "Internal Medicine"
    ],
    "title": "Failure of Automated Telephone Outreach With Speech Recognition to Improve Colorectal Cancer Screening: A Randomized Controlled Trial",
    "type": "journal-article",
    "updated_at": 1695393299
}