{
    "ctr": 0.1,
    "custom_score": 1.0,
    "id": {
        "dois": [
            "10.1001/archopht.121.12.1684"
        ]
    },
    "issued_at": 1070236800,
    "languages": [
        "en"
    ],
    "links": [
        {
            "cid": "bafkr4ibv3l62ezjtzxlingfg5bhnzbheniqjohv55sqyk2moz4zzeaemiu",
            "extension": "pdf",
            "filesize": 159899,
            "md5": "5ed3de6372aa678e6c8fab3d79279495"
        }
    ],
    "metadata": {
        "container_title": "Archives of Ophthalmology",
        "first_page": 1684,
        "issns": [
            "0003-9950"
        ],
        "issue": "12",
        "publisher": "American Medical Association (AMA)",
        "volume": "121"
    },
    "page_rank": 0.17579205,
    "referenced_by_count": 1235,
    "tags": [
        "Ophthalmology"
    ],
    "title": "Revised Indications for the Treatment of Retinopathy of Prematurity: Results of the Early Treatment for Retinopathy of Prematurity Randomized Trial",
    "type": "journal-article",
    "updated_at": 1694831608
}