{
    "authors": [
        {
            "family": "Abràmoff",
            "given": "Michael D.",
            "sequence": "first"
        },
        {
            "family": "Folk",
            "given": "James C.",
            "sequence": "additional"
        },
        {
            "family": "Han",
            "given": "Dennis P.",
            "sequence": "additional"
        },
        {
            "family": "Walker",
            "given": "Jonathan D.",
            "sequence": "additional"
        },
        {
            "family": "Williams",
            "given": "David F.",
            "sequence": "additional"
        },
        {
            "family": "Russell",
            "given": "Stephen R.",
            "sequence": "additional"
        },
        {
            "family": "Massin",
            "given": "Pascale",
            "sequence": "additional"
        },
        {
            "family": "Cochener",
            "given": "Beatrice",
            "sequence": "additional"
        },
        {
            "family": "Gain",
            "given": "Philippe",
            "sequence": "additional"
        },
        {
            "family": "Tang",
            "given": "Li",
            "sequence": "additional"
        },
        {
            "family": "Lamard",
            "given": "Mathieu",
            "sequence": "additional"
        },
        {
            "family": "Moga",
            "given": "Daniela C.",
            "sequence": "additional"
        },
        {
            "family": "Quellec",
            "given": "Gwénolé",
            "sequence": "additional"
        },
        {
            "family": "Niemeijer",
            "given": "Meindert",
            "sequence": "additional"
        }
    ],
    "ctr": 0.1,
    "custom_score": 1.0,
    "id": {
        "dois": [
            "10.1001/jamaophthalmol.2013.1743"
        ]
    },
    "issued_at": 1362096000,
    "languages": [
        "en"
    ],
    "metadata": {
        "container_title": "JAMA Ophthalmology",
        "first_page": 351,
        "issns": [
            "2168-6165"
        ],
        "issue": "3",
        "publisher": "American Medical Association (AMA)",
        "volume": "131"
    },
    "page_rank": 0.23654005,
    "referenced_by_count": 266,
    "tags": [
        "Ophthalmology"
    ],
    "title": "Automated Analysis of Retinal Images for Detection of Referable Diabetic Retinopathy",
    "type": "journal-article",
    "updated_at": 1695836153
}