{
    "authors": [
        {
            "family": "Richman",
            "given": "Ilana B."
        },
        {
            "family": "Fairley",
            "given": "Michael"
        },
        {
            "family": "Jørgensen",
            "given": "Mads Emil"
        },
        {
            "family": "Schuler",
            "given": "Alejandro"
        },
        {
            "family": "Owens",
            "given": "Douglas K."
        },
        {
            "family": "Goldhaber-Fiebert",
            "given": "Jeremy D."
        }
    ],
    "ctr": 0.1,
    "custom_score": 1.0,
    "id": {
        "dois": [
            "10.1001/jamacardio.2016.3517"
        ]
    },
    "issued_at": 1477958400,
    "languages": [
        "en"
    ],
    "metadata": {
        "container_title": "JAMA Cardiology",
        "first_page": 872,
        "issns": [
            "2380-6583"
        ],
        "issue": "8",
        "volume": "1"
    },
    "page_rank": 0.19641536,
    "referenced_by_count": 41,
    "tags": [
        "Cardiology and Cardiovascular Medicine"
    ],
    "title": "Cost-effectiveness of Intensive Blood Pressure Management",
    "type": "journal-article",
    "updated_at": 1693674875
}