{
    "authors": [
        {
            "family": "Steinhauser",
            "given": "Karen E.",
            "sequence": "first"
        }
    ],
    "ctr": 0.1,
    "custom_score": 1.0,
    "id": {
        "dois": [
            "10.1001/jama.284.19.2476"
        ]
    },
    "issued_at": 974246400,
    "languages": [
        "en"
    ],
    "metadata": {
        "container_title": "JAMA",
        "first_page": 2476,
        "issns": [
            "0098-7484"
        ],
        "issue": "19",
        "publisher": "American Medical Association (AMA)",
        "volume": "284"
    },
    "page_rank": 0.19956076,
    "referenced_by_count": 1810,
    "tags": [
        "General Medicine"
    ],
    "title": "Factors Considered Important at the End of Life by Patients, Family, Physicians, and Other Care Providers",
    "type": "journal-article",
    "updated_at": 1694706931
}