{
    "authors": [
        {
            "family": "Kavousi",
            "given": "Maryam"
        },
        {
            "family": "Desai",
            "given": "Chintan S."
        },
        {
            "family": "Ayers",
            "given": "Colby"
        },
        {
            "family": "Blumenthal",
            "given": "Roger S."
        },
        {
            "family": "Budoff",
            "given": "Matthew J."
        },
        {
            "family": "Mahabadi",
            "given": "Amir-Abbas"
        },
        {
            "family": "Ikram",
            "given": "M. Arfan"
        },
        {
            "family": "van der Lugt",
            "given": "Aad"
        },
        {
            "family": "Hofman",
            "given": "Albert"
        },
        {
            "family": "Erbel",
            "given": "Raimund"
        },
        {
            "family": "Khera",
            "given": "Amit"
        },
        {
            "family": "Geisel",
            "given": "Marie H."
        },
        {
            "family": "Jöckel",
            "given": "Karl-Heinz"
        },
        {
            "family": "Lehmann",
            "given": "Nils"
        },
        {
            "family": "Hoffmann",
            "given": "Udo"
        },
        {
            "family": "O’Donnell",
            "given": "Christopher J."
        },
        {
            "family": "Massaro",
            "given": "Joseph M."
        },
        {
            "family": "Liu",
            "given": "Kiang"
        },
        {
            "family": "Möhlenkamp",
            "given": "Stefan"
        },
        {
            "family": "Ning",
            "given": "Hongyan"
        },
        {
            "family": "Franco",
            "given": "Oscar H."
        },
        {
            "family": "Greenland",
            "given": "Philip"
        }
    ],
    "ctr": 0.1,
    "custom_score": 1.0,
    "id": {
        "dois": [
            "10.1001/jama.2016.17020"
        ]
    },
    "issued_at": 1479772800,
    "languages": [
        "en"
    ],
    "metadata": {
        "container_title": "JAMA",
        "first_page": 2126,
        "issns": [
            "0098-7484"
        ],
        "issue": "20",
        "volume": "316"
    },
    "page_rank": 0.15545256,
    "referenced_by_count": 98,
    "tags": [
        "General Medicine"
    ],
    "title": "Prevalence and Prognostic Implications of Coronary Artery Calcification in Low-Risk Women: A Meta-analysis",
    "type": "journal-article",
    "updated_at": 1693674790
}