{
    "authors": [
        {
            "family": "Reid",
            "given": "M. C."
        }
    ],
    "ctr": 0.1,
    "custom_score": 1.0,
    "id": {
        "dois": [
            "10.1001/jama.274.8.645"
        ]
    },
    "issued_at": 809136000,
    "languages": [
        "en"
    ],
    "metadata": {
        "container_title": "JAMA: The Journal of the American Medical Association",
        "first_page": 645,
        "issns": [
            "0098-7484",
            "1538-3598"
        ],
        "issue": "8",
        "last_page": 651,
        "volume": "274"
    },
    "page_rank": 0.6918657,
    "referenced_by_count": 107,
    "tags": [
        "General Medicine"
    ],
    "title": "Use of methodological standards in diagnostic test research. Getting better but still not good",
    "type": "journal-article",
    "updated_at": 1693700565
}