{
    "authors": [
        {
            "family": "Habib",
            "given": "Anand R.",
            "sequence": "first"
        },
        {
            "family": "Grady",
            "given": "Deborah",
            "sequence": "additional"
        },
        {
            "family": "Redberg",
            "given": "Rita F.",
            "sequence": "additional"
        }
    ],
    "ctr": 0.1,
    "custom_score": 1.0,
    "id": {
        "dois": [
            "10.1001/jamainternmed.2021.0161"
        ]
    },
    "issued_at": 1619827200,
    "languages": [
        "en"
    ],
    "metadata": {
        "container_title": "JAMA Internal Medicine",
        "first_page": 588,
        "issns": [
            "2168-6106"
        ],
        "issue": "5",
        "publisher": "American Medical Association (AMA)",
        "volume": "181"
    },
    "page_rank": 0.17772153,
    "referenced_by_count": 9,
    "references": [
        {
            "doi": "10.3322/caac.v70.1",
            "type": "reference"
        },
        {
            "doi": "10.7326/m15-2886",
            "type": "reference"
        },
        {
            "doi": "10.1001/jama.2015.13183",
            "type": "reference"
        },
        {
            "doi": "10.1002/ijc.v141.7",
            "type": "reference"
        },
        {
            "doi": "10.7326/m16-0270",
            "type": "reference"
        }
    ],
    "tags": [
        "Internal Medicine"
    ],
    "title": "Recommendations From Breast Cancer Centers for Frequent Screening Mammography in Younger Women May Do More Harm Than Good",
    "type": "journal-article",
    "updated_at": 1693659607
}