{
    "authors": [
        {
            "family": "Varma",
            "given": "Rohit"
        },
        {
            "family": "Bressler",
            "given": "Neil M."
        },
        {
            "family": "Doan",
            "given": "Quan V."
        },
        {
            "family": "Gleeson",
            "given": "Michelle"
        },
        {
            "family": "Danese",
            "given": "Mark"
        },
        {
            "family": "Bower",
            "given": "Julie K."
        },
        {
            "family": "Selvin",
            "given": "Elizabeth"
        },
        {
            "family": "Dolan",
            "given": "Chantal"
        },
        {
            "family": "Fine",
            "given": "Jennifer"
        },
        {
            "family": "Colman",
            "given": "Shoshana"
        },
        {
            "family": "Turpcu",
            "given": "Adam"
        }
    ],
    "ctr": 0.1,
    "custom_score": 1.0,
    "id": {
        "dois": [
            "10.1001/jamaophthalmol.2014.2854"
        ]
    },
    "issued_at": 1414800000,
    "languages": [
        "en"
    ],
    "metadata": {
        "container_title": "JAMA Ophthalmology",
        "first_page": 1334,
        "issns": [
            "2168-6165"
        ],
        "issue": "11",
        "volume": "132"
    },
    "page_rank": 0.19226117,
    "referenced_by_count": 224,
    "tags": [
        "Ophthalmology"
    ],
    "title": "Prevalence of and Risk Factors for Diabetic Macular Edema in the United States",
    "type": "journal-article",
    "updated_at": 1693679534
}