{
    "authors": [
        {
            "family": "Osseo-Asare",
            "given": "Aba"
        },
        {
            "family": "Balasuriya",
            "given": "Lilanthi"
        },
        {
            "family": "Huot",
            "given": "Stephen J."
        },
        {
            "family": "Keene",
            "given": "Danya"
        },
        {
            "family": "Berg",
            "given": "David"
        },
        {
            "family": "Nunez-Smith",
            "given": "Marcella"
        },
        {
            "family": "Genao",
            "given": "Inginia"
        },
        {
            "family": "Latimore",
            "given": "Darin"
        },
        {
            "family": "Boatright",
            "given": "Dowin"
        }
    ],
    "ctr": 0.1,
    "custom_score": 1.0,
    "id": {
        "dois": [
            "10.1001/jamanetworkopen.2018.2723"
        ]
    },
    "issued_at": 1538092800,
    "languages": [
        "en"
    ],
    "metadata": {
        "container_title": "JAMA Network Open",
        "first_page": 182723,
        "issns": [
            "2574-3805"
        ],
        "issue": "5",
        "volume": "1"
    },
    "page_rank": 0.36646187,
    "referenced_by_count": 271,
    "references": [
        {
            "doi": "10.1126/science.1196783",
            "type": "reference"
        },
        {
            "doi": "10.1111/j.1525-1497.2004.20409.x",
            "type": "reference"
        },
        {
            "doi": "10.1001/jama.284.9.1085",
            "type": "reference"
        },
        {
            "doi": "10.7326/0003-4819-146-1-200701020-00008",
            "type": "reference"
        },
        {
            "doi": "10.1186/s12909-015-0290-9",
            "type": "reference"
        },
        {
            "doi": "10.1007/s11606-010-1478-7",
            "type": "reference"
        },
        {
            "doi": "10.1037/a0027724",
            "type": "reference"
        },
        {
            "doi": "10.1046/j.1365-2923.2003.01622.x",
            "type": "reference"
        },
        {
            "doi": "10.1136/bmj.i2923",
            "type": "reference"
        },
        {
            "doi": "10.1007/s11606-015-3447-7",
            "type": "reference"
        },
        {
            "doi": "10.1001/jamainternmed.2016.9623",
            "type": "reference"
        },
        {
            "doi": "10.1001/jamainternmed.2015.4324",
            "type": "reference"
        },
        {
            "doi": "10.2105/ajph.2011.300552",
            "type": "reference"
        },
        {
            "doi": "10.1001/jama.2017.0196",
            "type": "reference"
        },
        {
            "doi": "10.1371/journal.pone.0181659",
            "type": "reference"
        },
        {
            "doi": "10.1097/acm.0b013e31826d726b",
            "type": "reference"
        },
        {
            "doi": "10.1016/s0027-9684(15)31139-1",
            "type": "reference"
        },
        {
            "doi": "10.1001/jama.280.9.767",
            "type": "reference"
        },
        {
            "doi": "10.1097/00001888-199512000-00015",
            "type": "reference"
        },
        {
            "doi": "10.1177/002188602237789",
            "type": "reference"
        }
    ],
    "tags": [
        "General Medicine"
    ],
    "title": "Minority Resident Physicians’ Views on the Role of Race/Ethnicity in Their Training Experiences in the Workplace",
    "type": "journal-article",
    "updated_at": 1693669788
}