{
    "authors": [
        {
            "family": "Ayers",
            "given": "John W."
        },
        {
            "family": "Althouse",
            "given": "Benjamin M."
        },
        {
            "family": "Johnson",
            "given": "Morgan"
        },
        {
            "family": "Cohen",
            "given": "Joanna E."
        }
    ],
    "ctr": 0.1,
    "custom_score": 1.0,
    "id": {
        "dois": [
            "10.1001/jamainternmed.2013.11933"
        ]
    },
    "issued_at": 1388534400,
    "languages": [
        "en"
    ],
    "metadata": {
        "container_title": "JAMA Internal Medicine",
        "first_page": 146,
        "issns": [
            "2168-6106"
        ],
        "issue": "1",
        "volume": "174"
    },
    "page_rank": 0.21832791,
    "referenced_by_count": 44,
    "tags": [
        "Internal Medicine"
    ],
    "title": "Circaseptan (Weekly) Rhythms in Smoking Cessation Considerations",
    "type": "journal-article",
    "updated_at": 1693681256
}