{
    "authors": [
        {
            "family": "Parekh",
            "given": "Anand K."
        }
    ],
    "ctr": 0.1,
    "custom_score": 1.0,
    "id": {
        "dois": [
            "10.1001/jama.2010.381"
        ]
    },
    "issued_at": 1270598400,
    "languages": [
        "en"
    ],
    "metadata": {
        "container_title": "JAMA",
        "first_page": 1303,
        "issns": [
            "0098-7484"
        ],
        "issue": "13",
        "publisher": "American Medical Association (AMA)",
        "volume": "303"
    },
    "page_rank": 0.3689021,
    "referenced_by_count": 165,
    "tags": [
        "General Medicine"
    ],
    "title": "The Challenge of Multiple Comorbidity for the US Health Care System",
    "type": "journal-article",
    "updated_at": 1695426018
}