{
    "authors": [
        {
            "family": "Chou",
            "given": "Roger"
        },
        {
            "family": "Dana",
            "given": "Tracy"
        },
        {
            "family": "Bougatsos",
            "given": "Christina"
        },
        {
            "family": "Grusing",
            "given": "Sara"
        },
        {
            "family": "Blazina",
            "given": "Ian"
        }
    ],
    "ctr": 0.1,
    "custom_score": 1.0,
    "id": {
        "dois": [
            "10.1001/jama.2016.0783"
        ]
    },
    "issued_at": 1456790400,
    "languages": [
        "en"
    ],
    "metadata": {
        "container_title": "JAMA",
        "first_page": 915,
        "issns": [
            "0098-7484"
        ],
        "issue": "9",
        "volume": "315"
    },
    "page_rank": 0.16861051,
    "referenced_by_count": 62,
    "tags": [
        "General Medicine"
    ],
    "title": "Screening for Impaired Visual Acuity in Older Adults: Updated Evidence Report and Systematic Review for the US Preventive Services Task Force",
    "type": "journal-article",
    "updated_at": 1693676233
}