{
    "authors": [
        {
            "family": "Ting",
            "given": "Daniel Shu Wei"
        },
        {
            "family": "Tan",
            "given": "Gavin Siew Wei"
        },
        {
            "family": "Agrawal",
            "given": "Rupesh"
        },
        {
            "family": "Yanagi",
            "given": "Yasuo"
        },
        {
            "family": "Sie",
            "given": "Nicole Ming"
        },
        {
            "family": "Wong",
            "given": "Chee Wai"
        },
        {
            "family": "San Yeo",
            "given": "Ian Yew"
        },
        {
            "family": "Lee",
            "given": "Shu Yen"
        },
        {
            "family": "Cheung",
            "given": "Chui Ming Gemmy"
        },
        {
            "family": "Wong",
            "given": "Tien Yin"
        }
    ],
    "ctr": 0.1,
    "custom_score": 1.0,
    "id": {
        "dois": [
            "10.1001/jamaophthalmol.2016.5877"
        ]
    },
    "issued_at": 1491004800,
    "languages": [
        "en"
    ],
    "metadata": {
        "container_title": "JAMA Ophthalmology",
        "first_page": 306,
        "issns": [
            "2168-6165"
        ],
        "issue": "4",
        "volume": "135"
    },
    "page_rank": 0.29512128,
    "referenced_by_count": 125,
    "tags": [
        "Ophthalmology"
    ],
    "title": "Optical Coherence Tomographic Angiography in Type 2 Diabetes and Diabetic Retinopathy",
    "type": "journal-article",
    "updated_at": 1693673622
}