{
    "authors": [
        {
            "family": "Tawfik",
            "given": "Daniel S.",
            "sequence": "first"
        },
        {
            "family": "Shanafelt",
            "given": "Tait D.",
            "sequence": "additional"
        },
        {
            "family": "Dyrbye",
            "given": "Liselotte N.",
            "sequence": "additional"
        },
        {
            "family": "Sinsky",
            "given": "Christine A.",
            "sequence": "additional"
        },
        {
            "family": "West",
            "given": "Colin P.",
            "sequence": "additional"
        },
        {
            "family": "Davis",
            "given": "Alexis S.",
            "sequence": "additional"
        },
        {
            "family": "Su",
            "given": "Felice",
            "sequence": "additional"
        },
        {
            "family": "Adair",
            "given": "Kathryn C.",
            "sequence": "additional"
        },
        {
            "family": "Trockel",
            "given": "Mickey T.",
            "sequence": "additional"
        },
        {
            "family": "Profit",
            "given": "Jochen",
            "sequence": "additional"
        },
        {
            "family": "Sexton",
            "given": "J. Bryan",
            "sequence": "additional"
        }
    ],
    "ctr": 0.1,
    "custom_score": 1.0,
    "id": {
        "dois": [
            "10.1001/jamanetworkopen.2021.11575"
        ]
    },
    "issued_at": 1622073600,
    "languages": [
        "en"
    ],
    "metadata": {
        "container_title": "JAMA Network Open",
        "first_page": 2111575,
        "issns": [
            "2574-3805"
        ],
        "issue": "5",
        "publisher": "American Medical Association (AMA)",
        "volume": "4"
    },
    "page_rank": 0.16252708,
    "referenced_by_count": 28,
    "references": [
        {
            "doi": "10.1001/archsurg.2010.310",
            "type": "reference"
        },
        {
            "doi": "10.1007/s11606-013-2581-3",
            "type": "reference"
        },
        {
            "doi": "10.1001/archinternmed.2011.289",
            "type": "reference"
        },
        {
            "doi": "10.1001/archinternmed.2012.3199",
            "type": "reference"
        },
        {
            "doi": "10.1016/j.mayocp.2015.08.023",
            "type": "reference"
        },
        {
            "doi": "10.1016/j.mayocp.2017.08.017",
            "type": "reference"
        },
        {
            "doi": "10.1001/archsurg.2012.835",
            "type": "reference"
        },
        {
            "doi": "10.1016/j.mayocp.2018.10.023",
            "type": "reference"
        },
        {
            "doi": "10.1186/s12909-016-0737-7",
            "type": "reference"
        },
        {
            "doi": "10.1001/jamainternmed.2017.5138",
            "type": "reference"
        },
        {
            "doi": "10.1097/acm.0000000000003521",
            "type": "reference"
        },
        {
            "doi": "10.1097/sla.0000000000002700",
            "type": "reference"
        },
        {
            "doi": "10.1001/jama.288.6.756",
            "type": "reference"
        },
        {
            "doi": "10.1177/000313481708301136",
            "type": "reference"
        },
        {
            "doi": "10.1001/jama.2020.2901",
            "type": "reference"
        },
        {
            "doi": "10.1542/peds.2018-2926",
            "type": "reference"
        },
        {
            "doi": "10.7326/m13-0974",
            "type": "reference"
        },
        {
            "doi": "10.1001/jamanetworkopen.2020.12762",
            "type": "reference"
        },
        {
            "doi": "10.1136/bmjqs-2018-007933",
            "type": "reference"
        },
        {
            "doi": "10.1136/bmjqs-2016-006032",
            "type": "reference"
        },
        {
            "doi": "10.1136/bmjqs-2016-006399",
            "type": "reference"
        },
        {
            "doi": "10.1186/s12913-018-3743-0",
            "type": "reference"
        },
        {
            "doi": "10.1136/bmjopen-2018-022695",
            "type": "reference"
        },
        {
            "doi": "10.1080/17439760.2020.1789707",
            "type": "reference"
        },
        {
            "doi": "10.2196/15562",
            "type": "reference"
        },
        {
            "doi": "10.1001/jama.2018.12212",
            "type": "reference"
        },
        {
            "doi": "10.1007/s11606-016-3720-4",
            "type": "reference"
        },
        {
            "doi": "10.1016/j.mayocp.2018.02.018",
            "type": "reference"
        },
        {
            "doi": "10.1016/j.jss.2017.05.075",
            "type": "reference"
        },
        {
            "doi": "10.1016/j.ijwd.2019.07.001",
            "type": "reference"
        },
        {
            "doi": "10.1016/j.jtcvs.2015.09.057",
            "type": "reference"
        },
        {
            "doi": "10.1016/j.mayocp.2013.07.016",
            "type": "reference"
        },
        {
            "doi": "10.1016/j.jvs.2014.04.077",
            "type": "reference"
        },
        {
            "doi": "10.1001/archinte.162.14.1577",
            "type": "reference"
        },
        {
            "doi": "10.1097/prs.0000000000002955",
            "type": "reference"
        },
        {
            "doi": "10.1186/s12960-020-0448-3",
            "type": "reference"
        },
        {
            "doi": "10.1001/jamainternmed.2017.4340",
            "type": "reference"
        },
        {
            "doi": "10.1007/s40746-019-00147-6",
            "type": "reference"
        },
        {
            "doi": "10.1016/j.mayocp.2016.10.004",
            "type": "reference"
        },
        {
            "doi": "10.1177/0003122411400056",
            "type": "reference"
        },
        {
            "doi": "10.1038/s41372-018-0304-7",
            "type": "reference"
        },
        {
            "doi": "10.1001/jamainternmed.2016.3284",
            "type": "reference"
        },
        {
            "doi": "10.1001/jama.2015.10664",
            "type": "reference"
        },
        {
            "doi": "10.1007/s11606-013-2521-2",
            "type": "reference"
        },
        {
            "doi": "10.1097/acm.0000000000001099",
            "type": "reference"
        },
        {
            "doi": "10.1016/j.genm.2012.04.002",
            "type": "reference"
        },
        {
            "doi": "10.1016/j.alcr.2017.12.003",
            "type": "reference"
        },
        {
            "doi": "10.31478/201905a",
            "type": "reference"
        }
    ],
    "tags": [
        "General Medicine"
    ],
    "title": "Personal and Professional Factors Associated With Work-Life Integration Among US Physicians",
    "type": "journal-article",
    "updated_at": 1693659408
}