{
    "authors": [
        {
            "family": "Wedekind",
            "given": "Lauren"
        },
        {
            "family": "Sainani",
            "given": "Kristin"
        },
        {
            "family": "Pershing",
            "given": "Suzann"
        }
    ],
    "ctr": 0.1,
    "custom_score": 1.0,
    "id": {
        "dois": [
            "10.1001/jamaophthalmol.2016.0316"
        ]
    },
    "issued_at": 1462060800,
    "languages": [
        "en"
    ],
    "metadata": {
        "container_title": "JAMA Ophthalmology",
        "first_page": 537,
        "issns": [
            "2168-6165"
        ],
        "issue": "5",
        "volume": "134"
    },
    "page_rank": 0.17348431,
    "referenced_by_count": 27,
    "tags": [
        "Ophthalmology"
    ],
    "title": "Supply and Perceived Demand for Teleophthalmology in Triage and Consultations in California Emergency Departments",
    "type": "journal-article",
    "updated_at": 1693675981
}