{
    "authors": [
        {
            "family": "Price",
            "given": "W. Nicholson"
        },
        {
            "family": "Gerke",
            "given": "Sara"
        },
        {
            "family": "Cohen",
            "given": "I. Glenn"
        }
    ],
    "ctr": 0.1,
    "custom_score": 1.0,
    "id": {
        "dois": [
            "10.1001/jama.2019.15064"
        ]
    },
    "issued_at": 1573516800,
    "languages": [
        "en"
    ],
    "metadata": {
        "container_title": "JAMA",
        "first_page": 1765,
        "issns": [
            "0098-7484"
        ],
        "issue": "18",
        "volume": "322"
    },
    "page_rank": 0.18874472,
    "referenced_by_count": 162,
    "references": [
        {
            "doi": "10.1038/s41591-018-0300-7",
            "type": "reference"
        },
        {
            "doi": "10.1177/2053951715622512",
            "type": "reference"
        },
        {
            "doi": "10.1001/jama.2019.4914",
            "type": "reference"
        },
        {
            "doi": "10.1017/9781108147972.027",
            "type": "reference"
        }
    ],
    "tags": [
        "General Medicine"
    ],
    "title": "Potential Liability for Physicians Using Artificial Intelligence",
    "type": "journal-article",
    "updated_at": 1693666457
}