{
    "abstract": "<abstract><section><header>Background:</header><p>Recent developments in computer technology have raised expectations that fully automated diagnostic instruments will become available to diagnose cutaneous melanoma without the need of human expertise.<p></section><section><header>Objectives:</header><p>To critically review the contemporary literature on computer diagnosis of melanoma, evaluate the accuracy of such computer diagnosis, analyze the influence of study characteristics, and compare the accuracy of computer diagnosis of melanoma with human diagnosis.<p></section><section><header>Methods:</header><p>Quantitative meta-analysis of published reports.<p></section><section><header>Data sources:</header><p>Eligible studies were identified by a medline search covering the period from january 1991 to march 2002, by manual searches of the reference lists of retrieved articles, and by direct communication with experts.<p></section><section><header>Results:</header><p>Thirty studies with substantial differences in methodological quality were deemed eligible for meta-analysis. five of these complied with the predetermined list of \"good quality\" requirements, but none met all methodological quality requirements. ten of these studies compared the performance of computer diagnosis with human diagnosis. the diagnostic accuracy achieved with computer diagnosis was statistically not different from that of human diagnosis (log odds ratios, 3.36 vs 3.51; p =.80). the diagnostic performance of the computer diagnosis was better for studies that used dermoscopic images than for studies that used clinical images (log odds ratios, 4.2 vs 3.4; p =.08). other study characteristics did not significantly influence the accuracy of the computer diagnosis.<p></section><section><header>Conclusions:</header><p>The computer diagnosis of melanoma is accurate under experimental conditions, but the practical value of automated diagnostic instruments under real-world conditions is currently unknown. we suggest minimum requirements for methodological quality in future experimental studies or, ideally, randomized controlled trials.<p></section></abstract>",
    "authors": [
        {
            "family": "Rosado",
            "given": "Barbara"
        }
    ],
    "ctr": 0.1,
    "custom_score": 1.0,
    "id": {
        "dois": [
            "10.1001/archderm.139.3.361"
        ],
        "pubmed_id": 12622631
    },
    "issued_at": 1047078000,
    "languages": [
        "en"
    ],
    "metadata": {
        "container_title": "Archives of Dermatology",
        "first_page": 361,
        "issns": [
            "0003-987X"
        ],
        "issue": "3",
        "volume": "139"
    },
    "page_rank": 0.3430363,
    "referenced_by_count": 82,
    "tags": [
        "Clinical Trials as Topic",
        "Humans",
        "Image Processing, Computer-Assisted",
        "Melanoma",
        "Nevus, Pigmented",
        "Predictive Value of Tests",
        "Quality Assurance, Health Care",
        "Sensitivity and Specificity",
        "Skin Neoplasms"
    ],
    "title": "Accuracy of Computer Diagnosis of Melanoma: A Quantitative Meta-analysis",
    "type": "journal-article",
    "updated_at": 1695842991
}