{
    "authors": [
        {
            "family": "Feinstein",
            "given": "Matthew J."
        },
        {
            "family": "Nance",
            "given": "Robin M."
        },
        {
            "family": "Drozd",
            "given": "Daniel R."
        },
        {
            "family": "Ning",
            "given": "Hongyan"
        },
        {
            "family": "Delaney",
            "given": "Joseph A."
        },
        {
            "family": "Heckbert",
            "given": "Susan R."
        },
        {
            "family": "Budoff",
            "given": "Matthew J."
        },
        {
            "family": "Mathews",
            "given": "William C."
        },
        {
            "family": "Kitahata",
            "given": "Mari M."
        },
        {
            "family": "Saag",
            "given": "Michael S."
        },
        {
            "family": "Eron",
            "given": "Joseph J."
        },
        {
            "family": "Moore",
            "given": "Richard D."
        },
        {
            "family": "Achenbach",
            "given": "Chad J."
        },
        {
            "family": "Lloyd-Jones",
            "given": "Donald M."
        },
        {
            "family": "Crane",
            "given": "Heidi M."
        }
    ],
    "ctr": 0.1,
    "custom_score": 1.0,
    "id": {
        "dois": [
            "10.1001/jamacardio.2016.4494"
        ]
    },
    "issued_at": 1485907200,
    "languages": [
        "en"
    ],
    "metadata": {
        "container_title": "JAMA Cardiology",
        "first_page": 155,
        "issns": [
            "2380-6583"
        ],
        "issue": "2",
        "volume": "2"
    },
    "page_rank": 0.1646713,
    "referenced_by_count": 90,
    "tags": [
        "Cardiology and Cardiovascular Medicine"
    ],
    "title": "Assessing and Refining Myocardial Infarction Risk Estimation Among Patients With Human Immunodeficiency Virus: A Study by the Centers for AIDS Research Network of Integrated Clinical Systems",
    "type": "journal-article",
    "updated_at": 1693673966
}