{
    "ctr": 0.1,
    "custom_score": 1.0,
    "id": {
        "dois": [
            "10.1001/jama.2013.281053"
        ]
    },
    "issued_at": 1385510400,
    "languages": [
        "en"
    ],
    "links": [
        {
            "cid": "bafkr4ibdkcr4ov4wyh7a2nl5df5w7y6y6ek6xebr655y3exfirgfznaixy",
            "extension": "pdf",
            "type": "primary"
        }
    ],
    "metadata": {
        "container_title": "JAMA",
        "first_page": 2191,
        "issns": [
            "0098-7484"
        ],
        "issue": "20",
        "volume": "310"
    },
    "page_rank": 0.31958437,
    "referenced_by_count": 12916,
    "tags": [
        "General Medicine"
    ],
    "title": "World Medical Association Declaration of Helsinki: Ethical Principles for Medical Research Involving Human Subjects",
    "type": "journal-article",
    "updated_at": 1693681505
}