{
    "authors": [
        {
            "family": "Viola",
            "given": "Kate V.",
            "sequence": "first"
        },
        {
            "family": "Tolpinrud",
            "given": "Whitney L.",
            "sequence": "additional"
        },
        {
            "family": "Gross",
            "given": "Cary P.",
            "sequence": "additional"
        },
        {
            "family": "Kirsner",
            "given": "Robert S.",
            "sequence": "additional"
        },
        {
            "family": "Imaeda",
            "given": "Suguru",
            "sequence": "additional"
        },
        {
            "family": "Federman",
            "given": "Daniel G.",
            "sequence": "additional"
        }
    ],
    "ctr": 0.1,
    "custom_score": 1.0,
    "id": {
        "dois": [
            "10.1001/archdermatol.2011.108"
        ]
    },
    "issued_at": 1305504000,
    "languages": [
        "en"
    ],
    "metadata": {
        "container_title": "Archives of Dermatology",
        "first_page": 556,
        "issns": [
            "0003-987X"
        ],
        "issue": "5",
        "publisher": "American Medical Association (AMA)",
        "volume": "147"
    },
    "page_rank": 0.23883167,
    "referenced_by_count": 55,
    "tags": [
        "Dermatology",
        "General Medicine"
    ],
    "title": "Outcomes of Referral to Dermatology for Suspicious Lesions: Implications for Teledermatology",
    "type": "journal-article",
    "updated_at": 1695555559
}