{
    "abstract": "<abstract>Age-related macular degeneration (AMD) is one of the four most common causes of blindness in the United States. Retinal manifestations of AMD can be categorized as either atrophic or neovascular/exudative. To the best of our knowledge, the proportion of patients legally blind due to the neovascular/exudative manifestations of this disease has not been previously reported. Data from two studies, the Framingham Eye Study and a large case-control study, demonstrate that the vast majority of patients with legal blindness due to AMD have the neovascular/exudative form of the disease. Seventy-nine percent of eyes legally blind due to AMD in the Framingham population and 90% of eyes legally blind due to AMD in the case-control study had neovascular/exudative retinopathy. This is in spite of the fact that neovascular/exudative retinopathy is a relatively infrequent complication of AMD.</abstract>",
    "authors": [
        {
            "family": "Ferris",
            "given": "F. L."
        },
        {
            "family": "Fine",
            "given": "S. L."
        },
        {
            "family": "Hyman",
            "given": "L."
        }
    ],
    "ctr": 0.1,
    "custom_score": 1.0,
    "id": {
        "dois": [
            "10.1001/archopht.1984.01040031330019"
        ],
        "pubmed_id": 6208888
    },
    "issued_at": 468111600,
    "languages": [
        "en"
    ],
    "metadata": {
        "container_title": "Archives of Ophthalmology",
        "first_page": 1640,
        "issns": [
            "0003-9950"
        ],
        "issue": "11",
        "last_page": 1642,
        "volume": "102"
    },
    "page_rank": 0.18533292,
    "referenced_by_count": 653,
    "tags": [
        "Aged",
        "Aging",
        "Blindness",
        "Female",
        "Humans",
        "Laser Therapy",
        "Macula Lutea",
        "Macular Degeneration",
        "Male",
        "Middle Aged",
        "Neovascularization, Pathologic"
    ],
    "title": "Age-Related Macular Degeneration and Blindness due to Neovascular Maculopathy",
    "type": "journal-article",
    "updated_at": 1695798864
}