{
    "authors": [
        {
            "family": "Altman",
            "given": "Douglas G."
        }
    ],
    "ctr": 0.1,
    "custom_score": 1.0,
    "id": {
        "dois": [
            "10.1001/jama.1994.03520020055015"
        ]
    },
    "issued_at": 774057600,
    "languages": [
        "en"
    ],
    "metadata": {
        "container_title": "JAMA",
        "first_page": 129,
        "issns": [
            "0098-7484"
        ],
        "issue": "2",
        "volume": "272"
    },
    "page_rank": 0.19902322,
    "referenced_by_count": 48,
    "tags": [
        "General Medicine"
    ],
    "title": "Transfer of Technology From Statistical Journals to the Biomedical Literature: Past Trends and Future Predictions",
    "type": "journal-article",
    "updated_at": 1693701148
}