{
    "authors": [
        {
            "family": "Mendes-Soares",
            "given": "Helena"
        },
        {
            "family": "Raveh-Sadka",
            "given": "Tali"
        },
        {
            "family": "Azulay",
            "given": "Shahar"
        },
        {
            "family": "Edens",
            "given": "Kim"
        },
        {
            "family": "Ben-Shlomo",
            "given": "Yatir"
        },
        {
            "family": "Cohen",
            "given": "Yossi"
        },
        {
            "family": "Ofek",
            "given": "Tal"
        },
        {
            "family": "Bachrach",
            "given": "Davidi"
        },
        {
            "family": "Stevens",
            "given": "Josh"
        },
        {
            "family": "Colibaseanu",
            "given": "Dorin"
        },
        {
            "family": "Segal",
            "given": "Lihi"
        },
        {
            "family": "Kashyap",
            "given": "Purna"
        },
        {
            "family": "Nelson",
            "given": "Heidi"
        }
    ],
    "ctr": 0.1,
    "custom_score": 1.0,
    "id": {
        "dois": [
            "10.1001/jamanetworkopen.2018.8102"
        ]
    },
    "issued_at": 1549584000,
    "languages": [
        "en"
    ],
    "metadata": {
        "container_title": "JAMA Network Open",
        "issns": [
            "2574-3805"
        ],
        "issue": "2",
        "publisher": "American Medical Association (AMA)",
        "volume": "2"
    },
    "page_rank": 0.23168947,
    "referenced_by_count": 111,
    "references": [
        {
            "doi": "10.1001/jama.2015.10029",
            "type": "reference"
        },
        {
            "doi": "10.1001/archinte.164.19.2090",
            "type": "reference"
        },
        {
            "doi": "10.1016/j.amjcard.2007.03.107",
            "type": "reference"
        },
        {
            "doi": "10.1056/nejmoa012512",
            "type": "reference"
        },
        {
            "doi": "10.1056/nejm200105033441801",
            "type": "reference"
        },
        {
            "doi": "10.3945/ajcn.112.042457",
            "type": "reference"
        },
        {
            "doi": "10.1093/ajcn/87.1.258s",
            "type": "reference"
        },
        {
            "doi": "10.2337/dc08-s061",
            "type": "reference"
        },
        {
            "doi": "10.2337/dc13-2042",
            "type": "reference"
        },
        {
            "doi": "10.1301/nr.2003.may.s49-s55",
            "type": "reference"
        },
        {
            "doi": "10.2337/diab.31.3.203",
            "type": "reference"
        },
        {
            "doi": "10.1046/j.1464-5491.2003.00971.x",
            "type": "reference"
        },
        {
            "doi": "10.1016/j.cell.2015.11.001",
            "type": "reference"
        },
        {
            "doi": "10.1038/ncomms15393",
            "type": "reference"
        },
        {
            "doi": "10.1016/j.cmet.2014.07.006",
            "type": "reference"
        },
        {
            "doi": "10.1016/j.celrep.2017.01.062",
            "type": "reference"
        },
        {
            "doi": "10.1126/science.1212782",
            "type": "reference"
        },
        {
            "doi": "10.1016/j.yclnex.2016.01.001",
            "type": "reference"
        },
        {
            "doi": "10.1017/s1368980010003290",
            "type": "reference"
        },
        {
            "doi": "10.1016/j.amepre.2006.07.025",
            "type": "reference"
        },
        {
            "doi": "10.1089/dia.2007.0293",
            "type": "reference"
        },
        {
            "doi": "10.1089/dia.2008.0083",
            "type": "reference"
        },
        {
            "doi": "10.1093/ajcn/43.1.167",
            "type": "reference"
        },
        {
            "doi": "10.2337/dc13-s011",
            "type": "reference"
        },
        {
            "doi": "10.1001/jama.285.19.2486",
            "type": "reference"
        },
        {
            "doi": "10.1001/archinte.160.11.1573",
            "type": "reference"
        },
        {
            "doi": "10.7717/peerj.1514",
            "type": "reference"
        },
        {
            "doi": "10.2337/diab.19.9.644",
            "type": "reference"
        },
        {
            "doi": "10.3945/ajcn.116.137208",
            "type": "reference"
        },
        {
            "doi": "10.1093/ajcn/78.4.734",
            "type": "reference"
        },
        {
            "doi": "10.1111/nmo.12752",
            "type": "reference"
        },
        {
            "doi": "10.1093/jn/132.9.2574",
            "type": "reference"
        },
        {
            "doi": "10.1093/ajcn/48.4.1041",
            "type": "reference"
        },
        {
            "doi": "10.1056/nejm198812083192302",
            "type": "reference"
        },
        {
            "doi": "10.2337/diab.36.2.179",
            "type": "reference"
        },
        {
            "doi": "10.1056/nejm199212313272701",
            "type": "reference"
        },
        {
            "doi": "10.2147/dmso",
            "type": "reference"
        },
        {
            "doi": "10.1002/9781118530665",
            "type": "reference"
        },
        {
            "doi": "10.1145/2939672.2939785",
            "type": "reference"
        }
    ],
    "tags": [
        "General Medicine"
    ],
    "title": "Assessment of a Personalized Approach to Predicting Postprandial Glycemic Responses to Food Among Individuals Without Diabetes",
    "type": "journal-article",
    "updated_at": 1693668384
}