{
    "authors": [
        {
            "family": "Shah",
            "given": "Ravi V."
        },
        {
            "family": "Spahillari",
            "given": "Aferdita"
        },
        {
            "family": "Mwasongwe",
            "given": "Stanford"
        },
        {
            "family": "Carr",
            "given": "J. Jeffrey"
        },
        {
            "family": "Terry",
            "given": "James G."
        },
        {
            "family": "Mentz",
            "given": "Robert J."
        },
        {
            "family": "Addison",
            "given": "Daniel"
        },
        {
            "family": "Hoffmann",
            "given": "Udo"
        },
        {
            "family": "Reis",
            "given": "Jared"
        },
        {
            "family": "Freedman",
            "given": "Jane E."
        },
        {
            "family": "Lima",
            "given": "Joao A. C."
        },
        {
            "family": "Correa",
            "given": "Adolfo"
        },
        {
            "family": "Murthy",
            "given": "Venkatesh L."
        }
    ],
    "ctr": 0.1,
    "custom_score": 1.0,
    "id": {
        "dois": [
            "10.1001/jamacardio.2017.0944"
        ]
    },
    "issued_at": 1496275200,
    "languages": [
        "en"
    ],
    "metadata": {
        "container_title": "JAMA Cardiology",
        "first_page": 644,
        "issns": [
            "2380-6583"
        ],
        "issue": "6",
        "volume": "2"
    },
    "page_rank": 0.19789705,
    "referenced_by_count": 30,
    "tags": [
        "Cardiology and Cardiovascular Medicine"
    ],
    "title": "Subclinical Atherosclerosis, Statin Eligibility, and Outcomes in African American Individuals: The Jackson Heart Study",
    "type": "journal-article",
    "updated_at": 1693673228
}