{
    "abstract": "<abstract><section><p>How Critical Is the Blood-Brain Barrier to the Development of Neurotherapeutics?</p>\n<p>The blood-brain barrier (BBB), with its charged, lipidbased, continuous basement membrane and specialized transporters, is optimized to exclude potentially threatening compounds from the central nervous system (CNS). In the setting of CNS diseases, the careful construction of the BBB is thought to restrict access of therapeutic agents that may otherwise be effective, contributing to poorer outcomes. However, there is controversy in the neurotherapeutics community about the degree to which this hypothesis is true; some argue that the BBB is not the critical factor because it naturally opens in the setting of brain pathology and that techniques to circumvent the BBB do not improve drug efficacy in many instances. 1 Moreover, some drugs do not need direct access to brain tissue in order to have their therapeutic effect. For example, fingolimod and bevacizumab are effective in patients with multiple sclerosis and glioblastoma, respectively, although their primary mechanism of action is systemic. Additionally, in some brain tumors, achieving target drug concentrations in the brain either fails to show efficacy or, in fact, causes toxicity. <ref target=\"#b1\" type=\"bibr\">2</ref> In these instances, the factor impeding success of neurotherapeutics is clearly not the BBB.</p>\n<p>That said, there is an undisputed need to ensure that adequate local drug concentrations are achieved in many brain diseases. In neuroinfectious diseases, securing the optimal clinical outcome requires achieving the minimum bactericidal concentration at the site of infection. This is true for cerebrospinal fluid and the brain parenchyma, both of which are distinct compartments. <ref target=\"#b0\" type=\"bibr\">1,</ref><ref target=\"#b2\" type=\"bibr\">3</ref> In Parkinson disease, the reversal of bradykinesia is only seen when adequate levels of levodopa are administered to ensure adequate concentrations in the basal ganglia. <ref target=\"#b3\" type=\"bibr\">4</ref> In brain cancer, temozolomide is the leading chemotherapeutic agent in treating gliomas owing in part to its favorable CNS penetration. Given the evidence that tissue concentration matters greatly in some CNS diseases, when drug after drug fails to achieve the desired therapeutic end points, it is tempting to blame the lack of access to the brain as the primary problem in neurotherapeutics. This is likely true for many drugs. However, to have a rational discussion about the power of the BBB to thwart effective therapeutics requires both an adequate understanding of BBB physiology and a systematic investigation of the relationship between braintissue concentration and therapeutic effect. To date, such investigations have rarely been undertaken because it is difficult to address the question of brain concentration and efficacy in the clinical setting. 1 Specific limitations to the investigation of this relationship include the following: (1) standardized methods to estimate drug access to the brain are lacking, (2) the few investigative tools available are invasive (ie, microdialysis</p></section></abstract>",
    "authors": [
        {
            "family": "Giuliano",
            "given": "Armando E."
        }
    ],
    "content": "<content><section><p>or direct tissue sampling) or unsatisfying because they do not directly address the question (ie, cerebrospinal sampling), and (3) these tools often produce single data points that are insufficient because brain diseases (eg, cancer and multiple sclerosis) are heterogeneous, often exhibiting different BBB permeability within different regions of the cerebral vascular bed over time.</p>\n<p>With recent developments in neuroimaging, we are attempting to address these limitations. Capitalizing on the wide clinical use of magnetic resonance imaging, Tofts and Kermode 5 developed analysis techniques that may help to assess the status of the BBB noninvasively and longitudinally. The advantage of such an approach is that it could \"chart\" the likely ability of a given agent to enter brain tissue based on its pharmacological properties. The disadvantage is that it provides a relatively coarse measure of BBB permeability and requires speculation about the ability of any one specific drug to access brain tissue. Position emission tomography allows for a very sensitive assessment of labeled drug kinetics in brain tissue but requires the injection of a radioactive compound; in addition, a specific tracer would have to be made for each drug for maximal sensitivity and specificity. This is highly resource intensive and therefore not applicable on a wide scale. Preclinical studies of novel imaging techniques such as the mass spectrometrybased matrix-assisted laser desorption/ionization technique show promise in both visualizing drug penetration into the brain and providing temporal/spatial maps of drug distribution. <ref target=\"#b5\" type=\"bibr\">6</ref> If such techniques are successfully optimized for clinical translation, it may finally be feasible to assess drug delivery to brain tissue in patients on a relatively routine basis.</p>\n<p>Once tools that allow the assessment of the kinetics of drugs in brain tissue are available for clinical studies, we can rigorously address the question of the relationship between drug time-concentration curves in the brain and clinical efficacy. Until then, those interested in the development of neurotherapeutics are obligated to consider the BBB (and all other factors) that may limit the access of drugs to the brain. When feasible, investigators should pursue tissue-based studies to assess whether the minimal concentration required for efficacy is achieved using the existing tools. Unfortunately, such assessments are largely limited to patients with conditions that require frequent surgery in the course of their clinical care. For example, in neurooncology, an increasingly common clinical strategy is to (1) systemically define the maximum tolerated dose based on toxicity, (2) assess tissue concentrations at the maximum tolerated dose via direct tissue analysis, and if adequate concentration is achieved, (3) proceed with efficacy testing. Although labor intensive, such an ap-proach provides certainty that any drug that advances to efficacy testing is both tolerable to the patient and accessible to the site of the disease. Agents that fail to accomplish this should be eliminated from further clinical development for brain diseases. Despite the additional time and resources that this strategy would require upfront, it may paradoxically reduce the time it would take to iden-tify effective therapeutics for brain disease. It is estimated that the current cost of developing 1 drug for clinical use ranges from $350 million to $5 billion. <ref target=\"#b6\" type=\"bibr\">7</ref> With the ever-increasing cost of clinical trials, it seems prudent to invest some of those dollars in the early investigation of how a drug works inside and outside of the BBB when treating brain disease.</p></section></content>",
    "ctr": 0.1,
    "custom_score": 1.0,
    "id": {
        "dois": [
            "10.1001/jama.2011.90"
        ]
    },
    "issued_at": 1297209600,
    "languages": [
        "en"
    ],
    "links": [
        {
            "cid": "bafkr4iew6ly5w574axhjwluiny6heslbx72ko7mk2f2w4m5rvgv6qbib2u",
            "extension": "pdf",
            "filesize": 38557,
            "md5": "e8da94cde9564a01f215fe4e978acafc",
            "type": "primary"
        }
    ],
    "metadata": {
        "container_title": "JAMA",
        "first_page": 569,
        "issns": [
            "0098-7484"
        ],
        "issue": "6",
        "publisher": "American Medical Association (AMA)",
        "volume": "305"
    },
    "page_rank": 0.22029625,
    "referenced_by_count": 2213,
    "tags": [
        "General Medicine"
    ],
    "title": "Axillary Dissection vs No Axillary Dissection in Women With Invasive Breast Cancer and Sentinel Node Metastasis: A Randomized Clinical Trial",
    "type": "journal-article",
    "updated_at": 1695520379
}