{
    "authors": [
        {
            "family": "Kazemian",
            "given": "Pooyan"
        },
        {
            "family": "Shebl",
            "given": "Fatma M."
        },
        {
            "family": "McCann",
            "given": "Nicole"
        },
        {
            "family": "Walensky",
            "given": "Rochelle P."
        },
        {
            "family": "Wexler",
            "given": "Deborah J."
        }
    ],
    "ctr": 0.1,
    "custom_score": 1.0,
    "id": {
        "dois": [
            "10.1001/jamainternmed.2019.2396"
        ]
    },
    "issued_at": 1569888000,
    "languages": [
        "en"
    ],
    "metadata": {
        "container_title": "JAMA Internal Medicine",
        "issns": [
            "2168-6106"
        ],
        "issue": "10",
        "publisher": "American Medical Association (AMA)",
        "volume": "179"
    },
    "page_rank": 0.31468084,
    "referenced_by_count": 132,
    "references": [
        {
            "doi": "10.1089/pop.2015.0181",
            "type": "reference"
        },
        {
            "doi": "10.2337/dci18-0007",
            "type": "reference"
        },
        {
            "doi": "10.2337/diacare.28.suppl_1.s4",
            "type": "reference"
        },
        {
            "doi": "10.1056/nejmsa1213829",
            "type": "reference"
        },
        {
            "doi": "10.1186/s12981-016-0120-0",
            "type": "reference"
        },
        {
            "doi": "10.1001/jamainternmed.2014.8199",
            "type": "reference"
        },
        {
            "doi": "10.7326/m14-0019",
            "type": "reference"
        },
        {
            "doi": "10.1161/circulationaha.116.021407",
            "type": "reference"
        },
        {
            "doi": "10.1124/pr.57.1.3",
            "type": "reference"
        },
        {
            "doi": "10.1214/aos/1176346391",
            "type": "reference"
        },
        {
            "doi": "10.2337/dc14-2334",
            "type": "reference"
        },
        {
            "doi": "10.1001/jama.298.24.2886",
            "type": "reference"
        },
        {
            "doi": "10.2337/dc17-2524",
            "type": "reference"
        },
        {
            "doi": "10.1056/nejm199306103282306",
            "type": "reference"
        },
        {
            "doi": "10.2337/dc18-0244",
            "type": "reference"
        },
        {
            "doi": "10.2337/dc18-0243",
            "type": "reference"
        },
        {
            "doi": "10.2337/diacare.28.3.514",
            "type": "reference"
        },
        {
            "doi": "10.2337/dc07-1244",
            "type": "reference"
        },
        {
            "doi": "10.2337/dc13-0707",
            "type": "reference"
        },
        {
            "doi": "10.1186/1472-6963-12-72",
            "type": "reference"
        },
        {
            "doi": "10.1007/s11606-015-3247-0",
            "type": "reference"
        },
        {
            "doi": "10.1001/archinternmed.2009.338",
            "type": "reference"
        },
        {
            "doi": "10.1007/s11606-017-4023-0",
            "type": "reference"
        },
        {
            "doi": "10.2337/dc17-0230",
            "type": "reference"
        },
        {
            "doi": "10.1172/jci97233",
            "type": "reference"
        },
        {
            "doi": "10.1080/14728214.2016.1257608",
            "type": "reference"
        },
        {
            "doi": "10.1001/jama.296.4.427",
            "type": "reference"
        },
        {
            "doi": "10.1592/phco.28.4.421",
            "type": "reference"
        },
        {
            "doi": "10.1177/1060028017733272",
            "type": "reference"
        },
        {
            "doi": "10.2337/dc10-s011",
            "type": "reference"
        },
        {
            "doi": "10.1136/bmj.316.7136.989",
            "type": "reference"
        },
        {
            "doi": "10.2337/dc15-1194",
            "type": "reference"
        },
        {
            "doi": "10.2337/dc13-0331",
            "type": "reference"
        },
        {
            "doi": "10.1007/s11606-008-0554-8",
            "type": "reference"
        }
    ],
    "tags": [
        "Internal Medicine"
    ],
    "title": "Evaluation of the Cascade of Diabetes Care in the United States, 2005-2016",
    "type": "journal-article",
    "updated_at": 1693666707
}