{
    "authors": [
        {
            "family": "Pedersen",
            "given": "Simon B."
        },
        {
            "family": "Langsted",
            "given": "Anne"
        },
        {
            "family": "Nordestgaard",
            "given": "Børge G."
        }
    ],
    "ctr": 0.1,
    "custom_score": 1.0,
    "id": {
        "dois": [
            "10.1001/jamainternmed.2016.6875"
        ]
    },
    "issued_at": 1480550400,
    "languages": [
        "en"
    ],
    "metadata": {
        "container_title": "JAMA Internal Medicine",
        "first_page": 1834,
        "issns": [
            "2168-6106"
        ],
        "issue": "12",
        "volume": "176"
    },
    "page_rank": 0.17739977,
    "referenced_by_count": 150,
    "tags": [
        "Internal Medicine"
    ],
    "title": "Nonfasting Mild-to-Moderate Hypertriglyceridemia and Risk of Acute Pancreatitis",
    "type": "journal-article",
    "updated_at": 1693674750
}