{
    "authors": [
        {
            "family": "Willis",
            "given": "Jeffrey R."
        },
        {
            "family": "Doan",
            "given": "Quan V."
        },
        {
            "family": "Gleeson",
            "given": "Michelle"
        },
        {
            "family": "Haskova",
            "given": "Zdenka"
        },
        {
            "family": "Ramulu",
            "given": "Pradeep"
        },
        {
            "family": "Morse",
            "given": "Lawrence"
        },
        {
            "family": "Cantrell",
            "given": "Ronald A."
        }
    ],
    "ctr": 0.1,
    "custom_score": 1.0,
    "id": {
        "dois": [
            "10.1001/jamaophthalmol.2017.2553"
        ]
    },
    "issued_at": 1504224000,
    "languages": [
        "en"
    ],
    "metadata": {
        "container_title": "JAMA Ophthalmology",
        "first_page": 926,
        "issns": [
            "2168-6165"
        ],
        "issue": "9",
        "volume": "135"
    },
    "page_rank": 0.21742529,
    "referenced_by_count": 73,
    "tags": [
        "Ophthalmology"
    ],
    "title": "Vision-Related Functional Burden of Diabetic Retinopathy Across Severity Levels in the United States",
    "type": "journal-article",
    "updated_at": 1693672670
}