{
    "authors": [
        {
            "family": "Wang",
            "given": "Michael D."
        },
        {
            "family": "Khanna",
            "given": "Raman"
        },
        {
            "family": "Najafi",
            "given": "Nader"
        }
    ],
    "ctr": 0.1,
    "custom_score": 1.0,
    "id": {
        "dois": [
            "10.1001/jamainternmed.2017.1548"
        ]
    },
    "issued_at": 1501545600,
    "languages": [
        "en"
    ],
    "metadata": {
        "container_title": "JAMA Internal Medicine",
        "first_page": 1212,
        "issns": [
            "2168-6106"
        ],
        "issue": "8",
        "volume": "177"
    },
    "page_rank": 0.22993419,
    "referenced_by_count": 61,
    "tags": [
        "Internal Medicine"
    ],
    "title": "Characterizing the Source of Text in Electronic Health Record Progress Notes",
    "type": "journal-article",
    "updated_at": 1693672867
}