{
    "authors": [
        {
            "family": "Oeffinger",
            "given": "Kevin C."
        },
        {
            "family": "Fontham",
            "given": "Elizabeth T. H."
        },
        {
            "family": "Etzioni",
            "given": "Ruth"
        },
        {
            "family": "Herzig",
            "given": "Abbe"
        },
        {
            "family": "Michaelson",
            "given": "James S."
        },
        {
            "family": "Shih",
            "given": "Ya-Chen Tina"
        },
        {
            "family": "Walter",
            "given": "Louise C."
        },
        {
            "family": "Church",
            "given": "Timothy R."
        },
        {
            "family": "Flowers",
            "given": "Christopher R."
        },
        {
            "family": "LaMonte",
            "given": "Samuel J."
        },
        {
            "family": "Wolf",
            "given": "Andrew M. D."
        },
        {
            "family": "DeSantis",
            "given": "Carol"
        },
        {
            "family": "Lortet-Tieulent",
            "given": "Joannie"
        },
        {
            "family": "Andrews",
            "given": "Kimberly"
        },
        {
            "family": "Manassaram-Baptiste",
            "given": "Deana"
        },
        {
            "family": "Saslow",
            "given": "Debbie"
        },
        {
            "family": "Smith",
            "given": "Robert A."
        },
        {
            "family": "Brawley",
            "given": "Otis W."
        },
        {
            "family": "Wender",
            "given": "Richard"
        }
    ],
    "ctr": 0.1,
    "custom_score": 1.0,
    "id": {
        "dois": [
            "10.1001/jama.2015.12783"
        ]
    },
    "issued_at": 1445299200,
    "languages": [
        "en"
    ],
    "metadata": {
        "container_title": "JAMA",
        "first_page": 1599,
        "issns": [
            "0098-7484"
        ],
        "issue": "15",
        "volume": "314"
    },
    "page_rank": 0.24959938,
    "referenced_by_count": 1001,
    "tags": [
        "General Medicine"
    ],
    "title": "Breast Cancer Screening for Women at Average Risk: 2015 Guideline Update From the American Cancer Society",
    "type": "journal-article",
    "updated_at": 1693677314
}