{
    "authors": [
        {
            "family": "How",
            "given": "Alicia C. S."
        }
    ],
    "ctr": 0.1,
    "custom_score": 1.0,
    "id": {
        "dois": [
            "10.1001/archophthalmol.2009.134"
        ]
    },
    "issued_at": 1247443200,
    "languages": [
        "en"
    ],
    "metadata": {
        "container_title": "Archives of Ophthalmology",
        "first_page": 894,
        "issns": [
            "0003-9950"
        ],
        "issue": "7",
        "publisher": "American Medical Association (AMA)",
        "volume": "127"
    },
    "page_rank": 0.1541129,
    "referenced_by_count": 103,
    "tags": [
        "Ophthalmology"
    ],
    "title": "Population Prevalence of Tilted and Torted Optic Discs Among an Adult Chinese Population in Singapore: The Tanjong Pagar Study",
    "type": "journal-article",
    "updated_at": 1695321201
}