{
    "authors": [
        {
            "family": "Phillips",
            "given": "Michael"
        },
        {
            "family": "Marsden",
            "given": "Helen"
        },
        {
            "family": "Jaffe",
            "given": "Wayne"
        },
        {
            "family": "Matin",
            "given": "Rubeta N."
        },
        {
            "family": "Wali",
            "given": "Gorav N."
        },
        {
            "family": "Greenhalgh",
            "given": "Jack"
        },
        {
            "family": "McGrath",
            "given": "Emily"
        },
        {
            "family": "James",
            "given": "Rob"
        },
        {
            "family": "Ladoyanni",
            "given": "Evmorfia"
        },
        {
            "family": "Bewley",
            "given": "Anthony"
        },
        {
            "family": "Argenziano",
            "given": "Giuseppe"
        },
        {
            "family": "Palamaras",
            "given": "Ioulios"
        }
    ],
    "ctr": 0.1,
    "custom_score": 1.0,
    "id": {
        "dois": [
            "10.1001/jamanetworkopen.2019.13436"
        ]
    },
    "issued_at": 1571184000,
    "languages": [
        "en"
    ],
    "metadata": {
        "container_title": "JAMA Network Open",
        "first_page": 1913436,
        "issns": [
            "2574-3805"
        ],
        "issue": "10",
        "volume": "2"
    },
    "page_rank": 0.17426153,
    "referenced_by_count": 85,
    "references": [
        {
            "doi": "10.1080/01621459.1988.10478722",
            "type": "reference"
        },
        {
            "doi": "10.1038/nature21056",
            "type": "reference"
        },
        {
            "doi": "10.2217/mmt-2016-0022",
            "type": "reference"
        },
        {
            "doi": "10.1056/nejmp1606181",
            "type": "reference"
        },
        {
            "doi": "10.1016/s1470-2045(02)00679-4",
            "type": "reference"
        },
        {
            "doi": "10.1001/jamadermatol.2013.5517",
            "type": "reference"
        },
        {
            "doi": "10.1001/jamadermatol.2013.2382",
            "type": "reference"
        },
        {
            "doi": "10.1093/annonc/mdy166",
            "type": "reference"
        },
        {
            "doi": "10.1136/bmj.38516.649537.e0",
            "type": "reference"
        },
        {
            "doi": "10.1001/jama.2016.5415",
            "type": "reference"
        },
        {
            "doi": "10.1016/j.bjps.2010.07.006",
            "type": "reference"
        },
        {
            "doi": "10.1111/j.1525-1497.2006.00462.x",
            "type": "reference"
        },
        {
            "doi": "10.4065/74.11.1179",
            "type": "reference"
        },
        {
            "doi": "10.1001/jamadermatol.2013.4337",
            "type": "reference"
        },
        {
            "doi": "10.1016/j.jaad.2012.10.045",
            "type": "reference"
        },
        {
            "doi": "10.1001/jamadermatol.2015.2681",
            "type": "reference"
        },
        {
            "doi": "10.1111/bjd.2015.172.issue-6",
            "type": "reference"
        },
        {
            "doi": "10.1177/1536867x1801800110",
            "type": "reference"
        },
        {
            "doi": "10.1001/jamadermatol.2013.4334",
            "type": "reference"
        }
    ],
    "tags": [
        "General Medicine"
    ],
    "title": "Assessment of Accuracy of an Artificial Intelligence Algorithm to Detect Melanoma in Images of Skin Lesions",
    "type": "journal-article",
    "updated_at": 1693666640
}