{
    "authors": [
        {
            "family": "Kaushal",
            "given": "Rainu",
            "sequence": "first"
        },
        {
            "family": "Shojania",
            "given": "Kaveh G.",
            "sequence": "additional"
        },
        {
            "family": "Bates",
            "given": "David W.",
            "sequence": "additional"
        }
    ],
    "ctr": 0.1,
    "custom_score": 1.0,
    "id": {
        "dois": [
            "10.1001/archinte.163.12.1409"
        ]
    },
    "issued_at": 1056326400,
    "languages": [
        "en"
    ],
    "metadata": {
        "container_title": "Archives of Internal Medicine",
        "first_page": 1409,
        "issns": [
            "0003-9926"
        ],
        "issue": "12",
        "publisher": "American Medical Association (AMA)",
        "volume": "163"
    },
    "page_rank": 1.4855672,
    "referenced_by_count": 888,
    "tags": [
        "Internal Medicine"
    ],
    "title": "Effects of Computerized Physician Order Entry and Clinical Decision Support Systems on Medication Safety: A Systematic Review",
    "type": "journal-article",
    "updated_at": 1694811931
}