{
    "authors": [
        {
            "family": "Leske",
            "given": "M. Cristina"
        }
    ],
    "ctr": 0.1,
    "custom_score": 1.0,
    "id": {
        "dois": [
            "10.1001/archopht.1994.01090180121046"
        ]
    },
    "issued_at": 770428800,
    "languages": [
        "en"
    ],
    "metadata": {
        "container_title": "Archives of Ophthalmology",
        "first_page": 821,
        "issns": [
            "0003-9950"
        ],
        "issue": "6",
        "volume": "112"
    },
    "page_rank": 0.22975296,
    "referenced_by_count": 366,
    "tags": [
        "Ophthalmology"
    ],
    "title": "The Barbados Eye Study: Prevalence of Open Angle Glaucoma",
    "type": "journal-article",
    "updated_at": 1693701208
}