{
    "authors": [
        {
            "family": "Donzé",
            "given": "Jacques",
            "sequence": "first"
        },
        {
            "family": "Aujesky",
            "given": "Drahomir",
            "sequence": "additional"
        },
        {
            "family": "Williams",
            "given": "Deborah",
            "sequence": "additional"
        },
        {
            "family": "Schnipper",
            "given": "Jeffrey L.",
            "sequence": "additional"
        }
    ],
    "ctr": 0.1,
    "custom_score": 1.0,
    "id": {
        "dois": [
            "10.1001/jamainternmed.2013.3023"
        ]
    },
    "issued_at": 1366588800,
    "languages": [
        "en"
    ],
    "metadata": {
        "container_title": "JAMA Internal Medicine",
        "first_page": 632,
        "issns": [
            "2168-6106"
        ],
        "issue": "8",
        "publisher": "American Medical Association (AMA)",
        "volume": "173"
    },
    "page_rank": 0.2779703,
    "referenced_by_count": 380,
    "tags": [
        "Internal Medicine"
    ],
    "title": "Potentially Avoidable 30-Day Hospital Readmissions in Medical Patients: Derivation and Validation of a Prediction Model",
    "type": "journal-article",
    "updated_at": 1695848125
}