{
    "authors": [
        {
            "family": "Classen",
            "given": "David C."
        }
    ],
    "ctr": 0.1,
    "custom_score": 1.0,
    "id": {
        "dois": [
            "10.1001/jama.1991.03470200059035"
        ]
    },
    "issued_at": 691200000,
    "languages": [
        "en"
    ],
    "metadata": {
        "container_title": "JAMA: The Journal of the American Medical Association",
        "first_page": 2847,
        "issns": [
            "0098-7484"
        ],
        "issue": "20",
        "volume": "266"
    },
    "page_rank": 0.15552303,
    "referenced_by_count": 373,
    "tags": [
        "General Medicine"
    ],
    "title": "Computerized Surveillance of Adverse Drug Events in Hospital Patients",
    "type": "journal-article",
    "updated_at": 1693702231
}