{
    "authors": [
        {
            "family": "Reid",
            "given": "Rachel O."
        },
        {
            "family": "Rabideau",
            "given": "Brendan"
        },
        {
            "family": "Sood",
            "given": "Neeraj"
        }
    ],
    "ctr": 0.1,
    "custom_score": 1.0,
    "id": {
        "dois": [
            "10.1001/jamainternmed.2016.5031"
        ]
    },
    "issued_at": 1475280000,
    "languages": [
        "en"
    ],
    "metadata": {
        "container_title": "JAMA Internal Medicine",
        "first_page": 1567,
        "issns": [
            "2168-6106"
        ],
        "issue": "10",
        "volume": "176"
    },
    "page_rank": 0.17090018,
    "referenced_by_count": 49,
    "tags": [
        "Internal Medicine"
    ],
    "title": "Low-Value Health Care Services in a Commercially Insured Population",
    "type": "journal-article",
    "updated_at": 1693675128
}