{
    "authors": [
        {
            "family": "Jaarsma",
            "given": "Tiny"
        }
    ],
    "ctr": 0.1,
    "custom_score": 1.0,
    "id": {
        "dois": [
            "10.1001/archinternmed.2007.83"
        ]
    },
    "issued_at": 1202688000,
    "languages": [
        "en"
    ],
    "metadata": {
        "container_title": "Archives of Internal Medicine",
        "first_page": 316,
        "issns": [
            "0003-9926"
        ],
        "issue": "3",
        "publisher": "American Medical Association (AMA)",
        "volume": "168"
    },
    "page_rank": 0.35987076,
    "referenced_by_count": 390,
    "tags": [
        "Internal Medicine"
    ],
    "title": "Effect of Moderate or Intensive Disease Management Program on Outcome in Patients With Heart Failure<subtitle>Coordinating Study Evaluating Outcomes of Advising and Counseling in Heart Failure (COACH)</subtitle>",
    "type": "journal-article",
    "updated_at": 1695162724
}