{
    "authors": [
        {
            "family": "Wolfe",
            "given": "Robert M.",
            "sequence": "first"
        }
    ],
    "ctr": 0.1,
    "custom_score": 1.0,
    "id": {
        "dois": [
            "10.1001/jama.287.24.3245"
        ]
    },
    "issued_at": 1025049600,
    "languages": [
        "en"
    ],
    "metadata": {
        "container_title": "JAMA",
        "first_page": 3245,
        "issns": [
            "0098-7484"
        ],
        "issue": "24",
        "publisher": "American Medical Association (AMA)",
        "volume": "287"
    },
    "page_rank": 0.22579524,
    "referenced_by_count": 222,
    "tags": [
        "General Medicine"
    ],
    "title": "Content and Design Attributes of Antivaccination Web Sites",
    "type": "journal-article",
    "updated_at": 1694759136
}