{
    "authors": [
        {
            "family": "Adler",
            "given": "Nancy E."
        }
    ],
    "ctr": 0.1,
    "custom_score": 1.0,
    "id": {
        "dois": [
            "10.1001/jama.1993.03500240084031"
        ]
    },
    "issued_at": 740793600,
    "languages": [
        "en"
    ],
    "metadata": {
        "container_title": "JAMA",
        "first_page": 3140,
        "issns": [
            "0098-7484"
        ],
        "issue": "24",
        "volume": "269"
    },
    "page_rank": 0.67652726,
    "referenced_by_count": 575,
    "tags": [
        "General Medicine"
    ],
    "title": "Socioeconomic Inequalities in Health: No Easy Solution",
    "type": "journal-article",
    "updated_at": 1693701672
}