{
    "authors": [
        {
            "family": "Whelton",
            "given": "Paul K."
        }
    ],
    "ctr": 0.1,
    "custom_score": 1.0,
    "id": {
        "dois": [
            "10.1001/jama.1992.03480090061028"
        ]
    },
    "issued_at": 699667200,
    "languages": [
        "en"
    ],
    "metadata": {
        "container_title": "JAMA",
        "first_page": 1213,
        "issns": [
            "0098-7484"
        ],
        "issue": "9",
        "volume": "267"
    },
    "page_rank": 0.5436305,
    "referenced_by_count": 475,
    "tags": [
        "General Medicine"
    ],
    "title": "The Effects of Nonpharmacologic Interventions on Blood Pressure of Persons With High Normal Levels: Results of the Trials of Hypertension Prevention, Phase I",
    "type": "journal-article",
    "updated_at": 1693702033
}