{
    "authors": [
        {
            "family": "Manolio",
            "given": "Teri A.",
            "sequence": "first"
        },
        {
            "family": "Collins",
            "given": "Rory",
            "sequence": "additional"
        }
    ],
    "ctr": 0.1,
    "custom_score": 1.0,
    "id": {
        "dois": [
            "10.1001/jama.2010.1686"
        ]
    },
    "issued_at": 1290556800,
    "languages": [
        "en"
    ],
    "metadata": {
        "container_title": "JAMA",
        "first_page": 2290,
        "issns": [
            "0098-7484"
        ],
        "issue": "20",
        "publisher": "American Medical Association (AMA)",
        "volume": "304"
    },
    "page_rank": 0.22379589,
    "referenced_by_count": 61,
    "tags": [
        "General Medicine"
    ],
    "title": "Enhancing the Feasibility of Large Cohort Studies",
    "type": "journal-article",
    "updated_at": 1695492523
}