{
    "authors": [
        {
            "family": "Hwang",
            "given": "Eui Jin"
        },
        {
            "family": "Park",
            "given": "Sunggyun"
        },
        {
            "family": "Jin",
            "given": "Kwang-Nam"
        },
        {
            "family": "Kim",
            "given": "Jung Im"
        },
        {
            "family": "Choi",
            "given": "So Young"
        },
        {
            "family": "Lee",
            "given": "Jong Hyuk"
        },
        {
            "family": "Goo",
            "given": "Jin Mo"
        },
        {
            "family": "Aum",
            "given": "Jaehong"
        },
        {
            "family": "Yim",
            "given": "Jae-Joon"
        },
        {
            "family": "Cohen",
            "given": "Julien G."
        },
        {
            "family": "Ferretti",
            "given": "Gilbert R."
        },
        {
            "family": "Park",
            "given": "Chang Min"
        }
    ],
    "ctr": 0.1,
    "custom_score": 1.0,
    "id": {
        "dois": [
            "10.1001/jamanetworkopen.2019.1095"
        ]
    },
    "issued_at": 1553212800,
    "languages": [
        "en"
    ],
    "metadata": {
        "container_title": "JAMA Network Open",
        "first_page": 191095,
        "issns": [
            "2574-3805"
        ],
        "issue": "3",
        "volume": "2"
    },
    "page_rank": 0.15439662,
    "referenced_by_count": 220,
    "references": [
        {
            "doi": "10.1378/chest.119.2.590",
            "type": "reference"
        },
        {
            "doi": "10.5588/ijtld.15.0926",
            "type": "reference"
        },
        {
            "doi": "10.1038/nature21056",
            "type": "reference"
        },
        {
            "doi": "10.1016/j.cell.2018.02.010",
            "type": "reference"
        },
        {
            "doi": "10.1001/jama.2016.17216",
            "type": "reference"
        },
        {
            "doi": "10.1148/radiol.2018180237",
            "type": "reference"
        },
        {
            "doi": "10.1001/jama.2017.14585",
            "type": "reference"
        },
        {
            "doi": "10.1148/radiol.2017162326",
            "type": "reference"
        },
        {
            "doi": "10.1136/thx.2010.136986",
            "type": "reference"
        },
        {
            "doi": "10.1097/00004424-199209000-00015",
            "type": "reference"
        },
        {
            "doi": "10.1513/annalsats.201311-405ps",
            "type": "reference"
        },
        {
            "doi": "10.1109/42.974918",
            "type": "reference"
        },
        {
            "doi": "10.1118/1.596790",
            "type": "reference"
        },
        {
            "doi": "10.1007/s11604-008-0259-2",
            "type": "reference"
        },
        {
            "doi": "10.3348/kjr.2012.13.5.564",
            "type": "reference"
        },
        {
            "doi": "10.1148/radiol.2015141991",
            "type": "reference"
        },
        {
            "doi": "10.1155/2017/6014967",
            "type": "reference"
        },
        {
            "doi": "10.1055/s-00000075",
            "type": "reference"
        },
        {
            "doi": "10.1007/978-3-540-79942-9",
            "type": "reference"
        },
        {
            "doi": "10.1111/jmiro.2012.56.issue-2",
            "type": "reference"
        },
        {
            "doi": "10.1183/13993003.02159-2016",
            "type": "reference"
        },
        {
            "doi": "10.1371/journal.pone.0059650",
            "type": "reference"
        },
        {
            "doi": "10.1097/rti.0000000000000200",
            "type": "reference"
        }
    ],
    "tags": [
        "General Medicine"
    ],
    "title": "Development and Validation of a Deep Learning–Based Automated Detection Algorithm for Major Thoracic Diseases on Chest Radiographs",
    "type": "journal-article",
    "updated_at": 1693668107
}