{
    "abstract": "<abstract>Community-acquired pneumonia is an important cause of acute respiratory symptoms (eg, cough) in the ambulatory care setting. Distinguishing pneumonia from other causes of respiratory illnesses, such as acute bronchitis and upper respiratory tract infections, has important therapeutic and prognostic implications. The reference standard for diagnosing pneumonia is chest radiography, but it is likely that many physicians rely on the patient's history and their physical examination to diagnose or exclude this disease. A review of published studies of patients suspected of having pneumonia reveals that there are no individual clinical findings, or combinations of findings, that can rule in the diagnosis of pneumonia for a patient suspected of having this illness. However, some studies have shown that the absence of any vital sign abnormalities or any abnormalities on chest auscultation substantially reduces the likelihood of pneumonia to a point where further diagnostic evaluation may be unnecessary. This article reviews the literature on the appropriate use of the history and physical examination in diagnosing community-acquired pneumonia.</abstract>",
    "authors": [
        {
            "family": "Metlay",
            "given": "Joshua P."
        },
        {
            "family": "Kapoor",
            "given": "Wishwa N."
        },
        {
            "family": "Fine",
            "given": "Michael J."
        }
    ],
    "content": "<content><section><p>office with a cough of more than 1 week's duration. She was in excellent health un¬ til 7 days ago when she developed a non¬ productive cough, mild sore throat, and myalgia. She recalls no past history of asthma or chronic obstructive pulmo¬ nary disease, and she does not smoke. Despite staying home from work for the last 2 days, she has noted increasing spu¬ tum production with her cough and worsening fatigue. She has felt warm but has not documented any fever or night sweats. On physical examination, her oral temperature is 38.3°C (101°F), her heart rate is 110 beats per minute, and auscultation of her chest reveals inspiratory crackles on the left side.</p></section>\n<section><header>WHY IS THIS AN IMPORTANT QUESTION TO ANSWER WITH A CLINICAL EXAMINATION?</header>\n<p>Physicians commonly encounter pa¬ tients with respiratory complaints simi¬ lar to those in the clinical scenario. In 1994, there were over 10 million visits to primary care physicians by adults with a chief complaint of cough, representing over 4% of all visits to physicians that year. Pneumonia represented only 5% of all causes for these visits and was the fifth leading diagnosis, after bron- chitis, upper respiratory tract infection, asthma, and sinusitis.1 Though pneumo¬ nia may represent a small proportion of all acute respiratory illnesses, the accu¬ rate identification of this subgroup is im¬ portant because of the very distinct therapeutic and prognostic features of this illness.</p>\n<p>In the preantibiotic era, mortality from pneumococcal pneumonia was con¬ sistently higher than 20% for all cases, rising to more than 60% for bacteremic cases.2 Since the introduction of antibi¬ otics no one has reported results from large-scale studies comparing antibiotic therapy to nonantibiotic therapy for pa¬ tients with pneumonia. As a result, such therapy is universally recommended and has become a standard of care for all patients with pneumonia. No such stan¬ dard exists for alternative respiratory infections such as bronchitis3 or the com¬ mon cold. 4 Moreover, inappropriate use of antibiotics for these alternative res¬ piratory infections may be an important determinant of the rise in antibiotic re¬ sistance among common respiratory pathogens.5 •6   In terms of prognosis, patients with pneumonia continue to have an overall high mortality from this illness, ranging from as low 5% in studies of hospitalized and ambulatory patients to as high as 37% in studies of patients requiring ad¬ mission to intensive care units. 7 This per¬ need for physicians to choose carefully between home or hospital therapy for all patients with pneumonia.8 For these rea¬ sons, physicians need to know how opti¬ mally to use their clinical examination to identify patients at suitable risk for pneumonia to require further, definitive diagnostic testing.</p>\n<p>Chest radiography is the reference standard for diagnosing community- acquired pneumonia and provides addi¬ tional information on the prognosis of pa¬ tients with this illness,9 as well as the presence of coexisting conditions such as bronchial obstruction or pleural effu¬ sions.10 Moreover, chest radiography is highly reliable,11 safe, generally avail¬ able, and relatively inexpensive, so that it is a standard part of the evaluation of any patient with suspected pneumonia. It is possible that some physicians con¬ tinue to diagnose and manage patients with pneumonia without the aid of chest radiography, while other physicians rou¬ tinely obtain chest radiographs for all pa¬ tients suspected of having pneumonia. We do not know the proportion of physi¬ cians who choose these alternative strat¬ egies. Therefore, the aims of this article are both to assess the validity of the former approach (diagnosing pneumo¬ nia without chest radiography, using his¬ tory and physical examination alone) and to identify elements of the clinical ex¬ amination that might improve the effi¬ ciency of the latter approach (ordering chest radiographs for all patients with suspected pneumonia).</p></section>\n<section><header>PATHOPHYSIOLOGY OF COMMUNITY-ACQUIRED PNEUMONIA</header>\n<p>In patients with community-acquired pneumonia, the site of infection can in¬ volve the pulmonaryinterstitium, alveoli, or both. This provides the physiologic ba¬ sis for the principle chest examination findings in pneumonia, which include dull¬ ness to percussion, changes in the inten¬ sity oftactile fremitus and breath sounds, and inspiratory crackles. Dullness to per¬ cussion and local changes in the intensity of tactile fremitus and breath sounds are the result of diffuse replacement of the pulmonary parenchyma with inflamma¬ tory tissue leading to pulmonary consoli¬ dation or the presence of pleural effu¬ sions.12 In a patient with pneumonia, crackles (formerly called \"rales\") are caused by the delayed opening of alveoli in deflated regions of pathologically in¬ flamed lung.13 Of note, crackles refer to any discontinuous adventitious lung sounds and can therefore be heard in a variety of pulmonary diseases that cause lung stiffening, including congestive heart failure, pulmonary fibrosis, and ob¬ structive lung disease.12 HOW TO ELICIT THESE SYMPTOMS AND SIGNS Patients with community-acquired pneumonia present with a large number of possible symptoms. In a study of more than 1800 patients with community- acquired pneumonia, these presenting symptoms ranged from typical respira¬ tory complaints, including productive cough, dyspnea, and pleuritic chest pain, to predominately systemic complaints of fatigue, anorexia, and myalgias. More¬ over, the pattern of presentingsymptoms varied considerably among patients, par¬ ticularly among elderly patients with pneumonia who less frequently reported a wide range of symptoms.14 As a result, careful history taking in a patient sus¬ pected of having community-acquired pneumonia should consider a broad range of possible symptoms, including both respiratory and nonrespiratory symptoms.</p>\n<p>In contrast, the examination of the chest in patients with suspected pneu¬ monia is traditionally carried out in a structured manner, proceeding through the 4 steps of inspection, palpation, per¬ cussion, and auscultation. The chest is inspected for signs of asymmetric chest expansion, defined as a visible difference in excursion between the 2 sides of the chest. The chest wall is palpated while the patient speaks in order to assess the transmission of sound, or tactile fremi¬ tus. Percussion over symmetric areas of the anterior and posterior chest wall de¬ tects diminution in the resonance of the percussion note, or dullness to percus¬ sion. Finally, auscultation of the lung as¬ sesses the intensity of normal breath sounds, the transmission of spoken words, and the presence of adventitious sounds. Auscultation in the peripheral lung fields may detect the replacement of the normal vesicular breath sounds with tubular or bronchial breath sounds, which are normally heard only over the trachea. Increased transmission of speech may be detected as the increased clarity of whispered phrases, known as whispered pectoriloquy, or as the change in timbre of vowel sounds in the form of \"e\" to \"a,\" known as egophony.12 The principal abnormal sounds in commu¬ nity-acquired pneumonia are known as crackles, which are nonmusical, discon¬ tinuous sounds and should be detected with the patient in the upright position.</p>\n<p>It has been suggested that auscultation of each lung in the lateral dependent po¬ sition is a more sensitive technique for crackles, but this has not been indepen¬ dently validated.15 Auscultation should occur with the patient breathing at nor¬ mal tidal volumes, since inspiration from lower lung volumes (ie, residual volume) can yield abnormal auscultatory findings in as many as 50% of normal subjects.16 Finally, both percussion and ausculta¬ tion of the chest should proceed in a sys¬ tematic fashion, with an examination of symmetric areas on both the anterior and posterior chest wall.</p></section>\n<section><header>Methods</header></section>\n<section><header>Literature Search</header>\n<p>We searched English-language medi¬ cal literature to determine the precision of the clinical examination in patients with community-acquired pneumonia and the accuracy of the examination in diagnosing patients suspected of having this illness. We searched MEDLINE from 1966 through <ref type=\"bibr\">October 1995 based</ref> on an initial search strategy similar to that used by other authors in this series.</p>\n<p>(The search strategy is available on re¬ quest.) The initial retrieval of titles (n=7 for precision, n=140 for diagnostic accu¬ racy) was reviewed by 2 of us (J.P.M., M.J.F.). Articles that focused on hospi¬ tal-acquired pneumonia, pediatrie pneu¬ monia, or acquired immunodeficiency syndrome-related pneumonia were ex¬ cluded. The remaining articles were re¬ trieved, as well as any potentially eli¬ gible articles identified through review ofthe article reference lists (n=7 for pre¬ cision, =52 for diagnostic accuracy).</p>\n<p>A set of explicit inclusion and exclu¬ sion criteria were applied to each re¬ trieved article. Inclusion criteria re¬ quired that the study be an original study of the accuracy or precision of the history and/or physical examination in determining the diagnosis of commu¬ nity-acquired pneumonia. Exclusion cri¬ teria consisted of studies of (1) patients younger than 16 years, (2) patients with known immunosuppression, or <ref target=\"#b2\" type=\"bibr\">(3)</ref> pa¬ tients with nosocomial infections. In ad¬ dition, case series (&lt;10 observations) or review articles without original data were excluded.</p></section>\n<section><header>Quality Review of Articles</header>\n<p>The remaining eligible articles were each evaluated by one of us (J.P.M.) based on a méthodologie quality filter that assigned a level of evidence from I to V based on the internal validity of the study. Level I evidence refers to a pri¬ mary, prospective study of the accuracy or precision ofthe clinical examination in community-acquired pneumonia. For studies dealing with accuracy, this re¬ quires independent, blind comparisons of clinical findings with a criterion stan¬ dard (or \"gold standard\") of diagnosis or etiology among a large number (&gt;50) of consecutive patients suspected of hav¬ ing community-acquired pneumonia.</p>\n<p>For studies dealing with precision, this ÍMean pair agreement rates were not calculated for the signs for which 2 or more physicians in a group failed to report the presence or absence of the sign. requires 2 or more independent blinded raters of symptoms or signs in a large number of patients suspected of having community-acquired pneumonia. Level II studies were analogous to level I stud¬ ies but with smaller numbers of patients (10-50), widening the confidence limits of the resulting calculations. Level III studies were based on a retrospective design (ie, clinical findings determined by chart review). Level IV studies in¬ cluded nonconsecutive patients, gener¬ ally selected because of their definitive results for the findings under study, or a nonblinded comparison of clinical find¬ ings with a gold standard. Level V stud¬ ies included studies with an uncertain gold standard or a poorly defined study population (ie, may not even have com¬ munity-acquired pneumonia). For the purposes of this study, only studies of level I quality, also called grade A evi¬ dence, were considered for the main analyses and tables. Summaries of rel¬ evant level II through V studies are pro¬ vided in the text. <ref type=\"bibr\">Data</ref> </p></section>\n<section><header>Analysis</header>\n<p>Likelihood ratios were calculated for the presence (positive likelihood ratio [LR+]) or absence (negative likelihood ratio [LR-]) of individual clinical find¬ ings.1718 Only those findings significantly associated with the presence or absence of pneumonia in at least 1 study, based on a 2-tailed 2 or Fisher exact test with P&lt;.05, were included in the results.</p>\n<p>However, the actual diagnostic value of statistically significant findings still de¬ pends on both the prior probability of pneumonia and how much the likelihood ratio moves the posterior probability from the prior probability.19</p></section>\n<section><header>Results</header></section>\n<section><header>Precision of Symptoms and Signs of Community-Acquired Pneumonia</header>\n<p>Interobserver variation in the record¬ ing of the presence of symptoms in pa¬ tients with community-acquired pneu- monia has not been directly examined. However, analogous work in assessing symptom prevalence in large-scale epi¬ demiologie studies has revealed consid¬ erable interobserver variation in the re¬ cording of symptoms.20,21 This has led to the adoption of standardized respiratory questionnaires in epidemiologie studies of chronic respiratory illnesses. How¬ ever, no such standardized question¬ naires exist for recording symptoms in patients with acute respiratory infec¬ tions. 22   It has also been appreciated for some time that the physical examination ofthe chest is hampered by a high degree of interobserver error. While no study has specifically addressed the reliability of the physical examination in patients with community-acquired pneumonia, Spiteri et al23 measured reliability among 24 physicians in the examination of 24 patients with a variety of respira¬ tory conditions, 4 of whom had radio- graphic evidence of pneumonia. Table <ref target=\"#tab_0\" type=\"table\">1</ref> presents the calculated interobserver reliability among the physicians for sev¬ eral chest signs. The results are present¬ ed in the form ofboth mean pair observer agreement rates and values, which ac¬ count for rates of chance agreement ranging from 0, when agreement is no better than chance, to 1, when there is perfect agreement. In fact, 2 of the most reliable findings, dullness to percussion and wheezes on auscultation, had only fair to good values of 0.52 and 0.51, corresponding to agreement rates of 77% and 79%, respectively. Crackles had a value of 0.41 (agreement rate of 72%) and several findings such as whispered pectoriloquy, and increased tactile fremitus had values indicating poor agreement (range, 0.01-0.11), in part ex¬ plained by the rarity of these findings overall.</p>\n<p>Similarly poor interobserver reliabil¬ ity has been noted in the chest examina¬ tion of other respiratory disease. For ex¬ ample, Schilling et al24 noted an agree¬ ment rate of 76% for abnormal chest sounds in the examination of 187 men with interstitial lung disease and 88 con¬ trols; this yields a value of 0.25. Smyllie et al25 measured agreement rates among 9 physicians who examined 20 patients with a variety of chronic lung diseases. Agreement rates were generally mid¬ way between chance and perfect agree¬ ment for a number of chest examination findings, including diminished breath sounds, decreased percussion note, and crackles. Though the basis for the rela¬ tively low interobserver reliability in chest examination is unknown, at least 1 group has suggested that deficiencies in the teaching of the clinical examination are to blame. 23   Accuracy of the Clinical History in the Diagnosis of Community-Acquired Pneumonia For this review, 4 studies were judged to have level I evidence on the test characteristics of individual items in the clinical history in the diagnosis of community-acquired pneumonia.26 '29   In each of these studies, the reference standard for the diagnosis of pneumo¬ nia was a new infiltrate on a chest radiograph. Table <ref target=\"#tab_1\" type=\"table\">2</ref> summarizes the value of findings from the history, in¬ cluding respiratory symptoms, nonres- piratory symptoms, and information on past medical history.</p>\n<p>Though all 4 studies were based in emergency departments, variations in the patterns of the results reflect, in part, variation in the selection crite¬ ria for each study. For example, in the study by <ref type=\"bibr\">Diehr et</ref> al,26 chest radio¬ graphs were obtained for all patients presenting with acute cough, while the other studies obtained chest radio¬ graphs only when the primary physi¬ cian previously determined a need for them, often to confirm or exclude a suspected diagnosis of pneumonia. The latter approach provides a more highly selected population of patients with acute respiratory complaints that may alter the measured test characteristics of individual clinical findings. This se¬ lection bias is reflected in the fact that the prevalence of pneumonia in the study populations ranged from as low as 2.6%26 to as high as 38.3%. <ref target=\"#b26\" type=\"bibr\">27</ref> Still, certain patterns emerge. For example, there are no individual items from the clinical history whose pres¬ ence or absence would reduce the odds of disease sufficiently to exclude pneu¬ monia and eliminate the need to obtain a chest radiograph. The 1 exception to this is the presence of a medical his¬ tory of asthma, which reduces the odds of pneumonia by a factor of 0.1, though this has been demonstrated in only <ref target=\"#b0\" type=\"bibr\">1</ref> study. 29   Similarly, the presence of no single item in the clinical history raises the odds of pneumonia high enough to con¬ firm the diagnosis without a chest ra¬ diograph. Though the presence of find¬ ings with a LR+ ranging from 2 (fever or immunosuppression) to 3 (history of dementia) may be helpful, they are not confirmatory, particularly given the typically low prevalence of pneumonia in the study populations. For example, in the study by <ref type=\"bibr\">Diehr et</ref> al, the pres¬ ence of subjective fever (LR+=2.1, 95% confidence interval [CI], 1.4-2.9) had a positive predictive value of only 5.5%, reflecting the low prevalence of pneumonia in the population.26 *Only those findings significantly associated with the presence or absence of pneumonia in at least 1 study were included (P&lt;.05 in a 2-tailed 2 or Fisher exact test). Ellipses indicate the result is not available; NS, result not significant. tPositive likelihood ratio for pneumonia when symptom present (sensitivity/1-specificity).</p>\n<p>^Negative likelihood ratio for pneumonia when symptom absent (1-sensitivity/specificity). *Only those findings that were significantly associated with the presence or absence of pneumonia in at least 1 study were included (P&lt;.05 In a 2-tailed 2 or Fisher exact test). Ellipses indicate result is not available; NS, result not significant. tPositive likelihood ratio for pneumonia when finding present (sensitivity/1 -specificity).</p>\n<p>^Negative likelihood ratio for pneumonia when finding absent (1-sensitivity/specificity). §Actual cut points not specified in this study.</p></section>\n<section><header>Accuracy of Physical Examination</header>\n<p>Findings in the Diagnosis of Community-Acquired Pneumonia Table <ref target=\"#tab_2\" type=\"table\">3</ref> summarizes the accuracy of 10 different potential findings <ref type=\"bibr\">(3 vital</ref> signs and 7 abnormal findings on chest exami¬ nation) from the physical examination in patients with suspected pneumonia based on results from the 4 previously identified studies. Likelihood ratios for the presence of any individual vital sign abnormality (LR+), including tachypnea, tachycardia, or fever, ranged from 2 to 4. Moreover, various cut points for these abnormalities did not have a sub¬ stantial impact on the calculated LRs. <ref target=\"#b26\" type=\"bibr\">27</ref> Similarly, LRs for the absence of any in¬ dividual vital sign abnormality (LR-) ranged from 0.5 to 0.8. However, Gennis et al27 demonstrated an LR-of0.18 (95% CI, 0.07-0.46) for the diagnosis of pneu¬ monia based on the absence of all 3 vital sign abnormalities (ie, respiratory rate &lt;30 breaths per minute, heart rate &lt; 100 beats per minute, and temperature &lt;37.8°C [100°F]). Based on this finding, if the baseline prevalence of pneumonia among ambulatory patients with respi¬ ratory illnesses is assumed to be 5%, a patient without any vital sign abnormali¬ ties would have a predicted probability of pneumonia of less than 1%.</p>\n<p>The presence of several individual findings on chest examination signifi¬ cantly raised the likelihood of pneumo¬ nia. For example, in 1 study the presence of asymmetric respirations essentially guaranteed the diagnosis of pneumonia (LR+=oc,95%CI,3.2-^).26Howeverthe usefulness of this finding was limited by the fact that only 4% of patients with pneumonia were noted to have asym¬ metric respirations. The presence of other findings, including egophony and *Adapted from Emerman et al. <ref target=\"#b32\" type=\"bibr\">33</ref> tFor example, a threshold score of -1 (ie, all patients with scores a-1 are considered to have pneumonia), yields a positive likelihood ratio (LR+)=1.5 and negative likelihood ratio (LR-)=0.22, a threshold score of +1 yields a LR+=5.0 and LR-=0.47, and a threshold score of +3 yields a LR+=14.0 and LR-=0.82, based on the original study <ref type=\"bibr\">data.26</ref> JFIrst calculate Y and then calculate the predicted probability of pneumonia.</p>\n<p>§For example, based on a prevalence of pneumonia of 5%, the presence of 0,1, 2, 3, 4, or 5 findings yields probabilities of pneumonia of &lt;1%, 1%,3%, 10%, 25%, and 50%, respectively, based on a nomogram provided by Heckerling et al. <ref target=\"#b28\" type=\"bibr\">29</ref> dullness to percussion, significantly in¬ creased the likelihood of pneumonia. However, given the low prevalence of pneumonia in the overall study popula¬ tions, the impact of observing these find¬ ings on estimating the probability of pneumonia was only modest. For ex¬ ample, the presence of egophony had a positive predictive value ranging from as low as 20%26 to no higher than 56%. <ref target=\"#b26\" type=\"bibr\">27</ref> Finally, all 4 studies support the con¬ clusion that the presence or absence of crackles on examination would not be sufficient to rule in or rule out the diag¬ nosis. For example, with a prevalence of pneumonia of 5%, the absence of crack¬ les reduces the probability to 3%, at the lowest, and the presence of crackles raises the probability to 10%, at the high¬ est. Moreover, the absence of any abnor¬ mality on chest examination yielded an LR-of 0.57 (95% CI, 0.39-0.83),27 which is too close to the indeterminate LR value of 1.0 to substantially reduce the probability of pneumonia.</p>\n<p>The low accuracy of individual find¬ ings on chest examination for detecting pneumonia has also been supported by studies that relied on retrospective data gathering30•31 or incomplete application of chest radiography to all study pa¬ tients.32 In 1 study, the absence of crack¬ les yielded an LR-of only 0.71 (95% CI, 0.47-0.90) and the absence of any abnor- mal auscultatory findingyielded an LR- of only 0.68 (95% CI, 0.44-0.89), both of which would translate into very small effects on the probability of pneumonia.32</p>\n<p>In contrast, another study found that the absence of any abnormality on chest auscultation resulted in an LR-of 0.13 (95% CI, 0.07-0.24),31 which might sub¬ stantially reduce the probability of pneu¬ monia. However, this result has not been replicated in prospective studies, which would be subject to less bias in the recording of physical examination findings.</p>\n<p>Evaluating Algorithms to Predict Pneumonia Because the accuracy of individual symptoms or signs for predicting pneu¬ monia is low, several studies have at¬ tempted to build prediction rules that incorporate the presence or absence of several history or physical examination findings. Table <ref target=\"#tab_3\" type=\"table\">4</ref> summarizes the features of 3 such rules. Though initially designed as aids in the ordering of chest radio¬ graphs for patients with suspected pneu¬ monia, they are reasonably considered as prediction rules for the diagnosis of pneu¬ monia in these patients and yield prob¬ abilities of pneumonia after completion of the clinical examination. For the rule of Diehr et al, points are assigned for each clinical finding and summed to yield a dis¬ criminant score. For example, a thresh¬ old score of -1 (ie, all patients with scores &gt;-l are considered to have pneumonia) yields an LR+ of 1.5 and an LR-of 0.22, a threshold score of+1 yields an LR+ of 5.0 and an LR-of 0.47, and a threshold score of+3 yields an LR+ of 14.0 and an LR-of 0.82, based on the original study <ref type=\"bibr\">data.26</ref> The rule of Singal et al28 is a logistic func¬ tion that can yield probabilities of pneu¬ monia ranging from 4% (no findings pres¬ ent) to 49% (all 3 findings present).28</p>\n<p>The final prediction rule, by Hecker¬ ling et al,29 is based on the presence or absence of 5 clinical findings. The perfor¬ mance of this prediction rule depends on the pretest probability of pneumonia in the population. In most ambulatory care settings, this probability will be rela¬ tively low. For example, as noted earlier, in a national survey, only 5% of all pa¬ tients visitingprimary care physicians for cough were diagnosed as having pneumo¬ nia.1 In this setting, the presence of 2,3, or 4 predictors would result in predicted probabilities of pneumonia of 3%, 10%, or 25%, respectively, based on a nomogram provided by Heckerling et al. <ref target=\"#b28\" type=\"bibr\">29</ref> The rule would yield a maximum probability of pneumonia of 50% if all 5 of its clinical predictors were present. These findings emphasize the inaccuracy in diagnosing pneumonia clinically, in the absence of confirmatory chest radiography.</p>\n<p>The 3 scores summarized in Table <ref target=\"#tab_3\" type=\"table\">4</ref>, along with the decision rule suggested by Gennis et al (ie, only obtaining chest radiographs for patients suspected of having pneumonia with at least 1 vital sign abnormality),27 were compared for their ability to predict correctly the re¬ sults of chest radiography in an indepen¬ dent study by <ref type=\"bibr\">Emerman et al.33</ref> Patients presenting to an emergency department or outpatient medical clinic with a com¬ plaint of cough were enrolled prospec- tively, and chest radiographs were ob¬ tained for all patients regardless of the primary physician's clinical impression.</p>\n<p>Overall, the prevalence of pneumonia among the study patients was 7%. In the absence of an explicit guideline, physi¬ cian judgment that the patient did not need chest radiography reduced the probability of pneumonia to just less than 2% (LR-=0.25, 95% CI, 0.09-0.61), which exceeded all 4 prediction rules. In contrast, physician judgment that the patient needed chest radiography to diagnose pneumonia only increased the probability of pneumonia to 13% (LR+=2.0,95% CI, 1.5-2.4), which meant that reliance on implicit physician judg¬ ment alone would have led to many un¬ necessary chest radiographs.</p>\n<p>In comparison, the simple decision rule of Gennis et al-ordering chest ra¬ diographs only for patients with abnor¬ mal vital signs-yielded the highest overall LR+ for predicting pneumonia, but the LR+ was a modest 2.6 (95% CI, <ref type=\"bibr\">1.6-3.7)</ref>. Using this rule, 40% fewer ra¬ diographs would have been ordered compared with unaided physician judg¬ ment. However, excluding pneumonia on the basis of the absence of any vital sign abnormalities would have missed 38% of patients subsequently shown to have pneumonia on chest radiography (LR-=0.50 [95% CI, 0.27-0.78], com¬ pared with LR-=0.18 in the original study of Gennis et al27). The clinical sig¬ nificance of this finding remains un¬ known.</p>\n<p>It should be emphasized that an algo¬ rithm that is less than perfect, ie, not all ordered chest radiographs demonstrate a new infiltrate, will still be acceptable given the relatively low cost and risk as¬ sociated with this test. Ultimately, opti¬ mum yields for chest radiography in the evaluation of patients with suspected pneumonia will need to be determined, balancing the costs of the test with the costs of missed diagnoses. Additional factors, such as illness severity and pa¬ tient preferences, will also play a role in determining the appropriate threshold for ordering chest radiographs in pa¬ tients with acute respiratory illnesses. For example, thresholds may be lower for patients who appear severely ill or who express strong desires to have a de¬ finitive diagnosis. We suggest that an algorithm that yields less than a 100% negative predictive value may still be acceptable assuming that the missed cases of pneumonia continue to have good clinical outcomes. However, this hypothesis will need to be tested.</p></section>\n<section><header>RETURN TO THE CLINICAL SCENARIO</header>\n<p>The patient presents with typical symptoms of community-acquired pneu¬ monia, including a productive cough and fever. Physical examination reveals fe¬ ver and crackles on chest auscultation.</p>\n<p>In particular, the patient has 4 of 5 of the clinical pneumonia predictors identified by Heckerling et al (absence of asthma, presence of fever, tachycardia, and crackles). Using the nomogram of Heck¬ erling et al, a 5% prevalence of pneumo¬ nia among outpatients yields a 25% prob¬ ability of pneumonia.29 Similarly, the pa¬ tient is at the threshold score of+3 points on the prediction rule of Diehr et al26 (presence of sore throat, sputum, myal¬ gias, and fever), yielding an LR for pneu¬ monia of 14.0 (based on the original study data) and a calculated probability of pneumonia of 42%. Finally, the patient has 3 of 3 of the criteria of Singal et al, yielding a probability of pneumonia of 49%, based on their logistic <ref type=\"bibr\">formula.28</ref> We conclude that none of these combi¬ nations of findings can be said to \"rule in\" the diagnosis, yet the possibility of pneu¬ monia remains high enough that further diagnostic testing, in particular chest ra¬ diography, is warranted. THE BOTTOM LINE <ref type=\"bibr\">1.</ref> Physicians frequently disagree about the presence or absence of indi¬ vidual findings on chest examinations of patients with respiratory illnesses, in¬ cluding community-acquired pneumonia.</p>\n<p>2. Individual symptoms and signs have inadequate test characteristics to rule in or rule out the diagnosis of pneumonia.</p>\n<p>Decision rules that use the presence or absence of several symptoms and signs to modify the probability of pneumonia are available, the simplest of which re¬ quires the absence of any vital sign ab¬ normalities to exclude the diagnosis. There are no combinations of history and physical examination findings that con- firm the diagnosis of pneumonia. If diag¬ nostic certainty is required in the management of a patient with sus¬ pected pneumonia, then chest radiogra¬ phy should be performed.</p>\n<p>3. Future research should examine ways to improve the precision of the clinical examination in patients with suspected pneumonia, as well as to de¬ termine the accuracy of the clinical ex¬ amination in these patients in settings outside the emergency department. In addition, studies should address appro¬ priate thresholds for obtaining chest ra¬ diographs and treating accordingly vs empirical antimicrobial therapy vs clini¬ cal observation in the management of patients with suspected communityacquired pneumonia. <ref type=\"bibr\">Dr</ref> Metlay was supported by a General Medicine Research Fellowship, National Research Service Award 5 T32 PE11001-08. Dr Fine was supported as a Robert Wood Johnson Foundation Generalist Physician Faculty <ref type=\"bibr\">Scholar.</ref> </p></section>\n<section><p>The authors gratefully acknowledge the contri¬ bution of Melanie E. Smith, MPIA, to the develop¬ ment of the MEDLINE search strategy and initial retrieval ofarticles. We also thank Daniel E. Singer, MD, for editorial suggestions on an earlier version of the manuscript.</p></section></content>",
    "ctr": 0.1,
    "custom_score": 1.0,
    "id": {
        "dois": [
            "10.1001/jama.1997.03550170070035"
        ],
        "pubmed_id": 9356004
    },
    "issued_at": 879462000,
    "languages": [
        "en"
    ],
    "links": [
        {
            "cid": "bafkr4ieflda646onrpqwal4rkid6cptdkbyufvsbuavtzl7cbncua4jeri",
            "extension": "pdf",
            "filesize": 1037599,
            "md5": "03a2fd972c2e3fbb40d2b1a178fe488b",
            "type": "primary"
        }
    ],
    "metadata": {
        "container_title": "JAMA",
        "first_page": 1440,
        "issns": [
            "0098-7484"
        ],
        "issue": "17",
        "last_page": 1445,
        "volume": "278"
    },
    "page_rank": 0.18066077,
    "referenced_by_count": 228,
    "tags": [
        "Community-Acquired Infections",
        "Decision Trees",
        "Humans",
        "Lung",
        "Medical History Taking",
        "Physical Examination",
        "Pneumonia",
        "Radiography"
    ],
    "title": "Does This Patient Have Community-Acquired Pneumonia?: Diagnosing Pneumonia by History and Physical Examination",
    "type": "journal-article",
    "updated_at": 1695791094
}