{
    "authors": [
        {
            "family": "Goffin",
            "given": "John R."
        },
        {
            "family": "Flanagan",
            "given": "William M."
        },
        {
            "family": "Miller",
            "given": "Anthony B."
        },
        {
            "family": "Fitzgerald",
            "given": "Natalie R."
        },
        {
            "family": "Memon",
            "given": "Saima"
        },
        {
            "family": "Wolfson",
            "given": "Michael C."
        },
        {
            "family": "Evans",
            "given": "William K."
        }
    ],
    "ctr": 0.1,
    "custom_score": 1.0,
    "id": {
        "dois": [
            "10.1001/jamaoncol.2015.2472"
        ]
    },
    "issued_at": 1441065600,
    "languages": [
        "en"
    ],
    "metadata": {
        "container_title": "JAMA Oncology",
        "first_page": 807,
        "issns": [
            "2374-2437"
        ],
        "issue": "6",
        "volume": "1"
    },
    "page_rank": 0.18952042,
    "referenced_by_count": 64,
    "tags": [
        "Oncology",
        "Cancer Research"
    ],
    "title": "Cost-effectiveness of Lung Cancer Screening in Canada",
    "type": "journal-article",
    "updated_at": 1693677569
}