{
    "authors": [
        {
            "family": "Colliver",
            "given": "J. A."
        }
    ],
    "ctr": 0.1,
    "custom_score": 1.0,
    "id": {
        "dois": [
            "10.1001/jama.278.9.790"
        ],
        "pubmed_id": 9286845
    },
    "issued_at": 873241200,
    "languages": [
        "en"
    ],
    "metadata": {
        "container_title": "JAMA: The Journal of the American Medical Association",
        "first_page": 790,
        "issns": [
            "0098-7484",
            "1538-3598"
        ],
        "issue": "9",
        "last_page": 791,
        "volume": "278"
    },
    "page_rank": 0.38040796,
    "referenced_by_count": 74,
    "tags": [
        "Clinical Competence",
        "Humans",
        "Patient Simulation",
        "Reproducibility of Results",
        "Students, Medical"
    ],
    "title": "Assessing clinical performance with standardized patients",
    "type": "journal-article",
    "updated_at": 1695776397
}