{
    "abstract": "This study evaluates the adoption of clinician billing for patient portal messages as e-visits, prompted by significant increases in patient messaging after the onset of the COVID-19 pandemic.",
    "authors": [
        {
            "family": "Holmgren",
            "given": "A. Jay"
        },
        {
            "family": "Byron",
            "given": "Maria E."
        },
        {
            "family": "Grouse",
            "given": "Carrie K."
        },
        {
            "family": "Adler-Milstein",
            "given": "Julia"
        }
    ],
    "ctr": 0.1,
    "custom_score": 1.0,
    "id": {
        "dois": [
            "10.1001/jama.2022.24710"
        ]
    },
    "issued_at": 1674518400,
    "languages": [
        "en"
    ],
    "metadata": {
        "container_title": "JAMA",
        "issns": [
            "0098-7484"
        ],
        "issue": "4",
        "publisher": "American Medical Association (AMA)",
        "volume": "329"
    },
    "page_rank": 0.16497459,
    "referenced_by_count": 5,
    "references": [
        {
            "doi": "10.1093/jamia/ocab268",
            "type": "reference"
        },
        {
            "doi": "10.1001/jamanetworkopen.2021.31490",
            "type": "reference"
        },
        {
            "doi": "10.1007/s11606-022-07766-0",
            "type": "reference"
        },
        {
            "doi": "10.1001/jamanetworkopen.2022.44363",
            "type": "reference"
        },
        {
            "doi": "10.1177/1536867x1501500208",
            "type": "reference"
        }
    ],
    "tags": [
        "General Medicine"
    ],
    "title": "Association Between Billing Patient Portal Messages as e-Visits and Patient Messaging Volume",
    "type": "journal-article",
    "updated_at": 1693649221
}