{
    "authors": [
        {
            "family": "Pencina",
            "given": "Michael J."
        },
        {
            "family": "D’Agostino",
            "given": "Ralph B."
        }
    ],
    "ctr": 0.1,
    "custom_score": 1.0,
    "id": {
        "dois": [
            "10.1001/jama.2015.11082"
        ]
    },
    "issued_at": 1441670400,
    "languages": [
        "en"
    ],
    "metadata": {
        "container_title": "JAMA",
        "first_page": 1063,
        "issns": [
            "0098-7484"
        ],
        "issue": "10",
        "volume": "314"
    },
    "page_rank": 0.16391374,
    "referenced_by_count": 222,
    "tags": [
        "General Medicine"
    ],
    "title": "Evaluating Discrimination of Risk Prediction Models: The C Statistic",
    "type": "journal-article",
    "updated_at": 1693677527
}