{
    "abstract": "Importance\nDespite the potential of machine learning to improve multiple aspects of patient care, barriers to clinical adoption remain. Randomized clinical trials (RCTs) are often a prerequisite to large-scale clinical adoption of an intervention, and important questions remain regarding how machine learning interventions are being incorporated into clinical trials in health care.\nObjective\nTo systematically examine the design, reporting standards, risk of bias, and inclusivity of RCTs for medical machine learning interventions.\nEvidence Review\nIn this systematic review, the Cochrane Library, Google Scholar, Ovid Embase, Ovid MEDLINE, PubMed, Scopus, and Web of Science Core Collection online databases were searched and citation chasing was done to find relevant articles published from the inception of each database to October 15, 2021. Search terms for machine learning, clinical decision-making, and RCTs were used. Exclusion criteria included implementation of a non-RCT design, absence of original data, and evaluation of nonclinical interventions. Data were extracted from published articles. Trial characteristics, including primary intervention, demographics, adherence to the CONSORT-AI reporting guideline, and Cochrane risk of bias were analyzed.\nFindings\nLiterature search yielded 19 737 articles, of which 41 RCTs involved a median of 294 participants (range, 17-2488 participants). A total of 16 RCTS (39%) were published in 2021, 21 (51%) were conducted at single sites, and 15 (37%) involved endoscopy. No trials adhered to all CONSORT-AI standards. Common reasons for nonadherence were not assessing poor-quality or unavailable input data (38 trials [93%]), not analyzing performance errors (38 [93%]), and not including a statement regarding code or algorithm availability (37 [90%]). Overall risk of bias was high in 7 trials (17%). Of 11 trials (27%) that reported race and ethnicity data, the median proportion of participants from underrepresented minority groups was 21% (range, 0%-51%).\nConclusions and Relevance\nThis systematic review found that despite the large number of medical machine learning–based algorithms in development, few RCTs for these technologies have been conducted. Among published RCTs, there was high variability in adherence to reporting standards and risk of bias and a lack of participants from underrepresented minority groups. These findings merit attention and should be considered in future RCT design and reporting.",
    "authors": [
        {
            "family": "Plana",
            "given": "Deborah"
        },
        {
            "family": "Shung",
            "given": "Dennis L."
        },
        {
            "family": "Grimshaw",
            "given": "Alyssa A."
        },
        {
            "family": "Saraf",
            "given": "Anurag"
        },
        {
            "family": "Sung",
            "given": "Joseph J. Y."
        },
        {
            "family": "Kann",
            "given": "Benjamin H."
        }
    ],
    "ctr": 0.1,
    "custom_score": 1.0,
    "id": {
        "dois": [
            "10.1001/jamanetworkopen.2022.33946"
        ]
    },
    "issued_at": 1664409600,
    "languages": [
        "en"
    ],
    "metadata": {
        "container_title": "JAMA Network Open",
        "issns": [
            "2574-3805"
        ],
        "issue": "9",
        "publisher": "American Medical Association (AMA)",
        "volume": "5"
    },
    "page_rank": 0.18139055,
    "referenced_by_count": 26,
    "references": [
        {
            "doi": "10.1093/bmb/ldab016",
            "type": "reference"
        },
        {
            "doi": "10.1001/jamainternmed.2018.7117",
            "type": "reference"
        },
        {
            "doi": "10.3390/designs2020013",
            "type": "reference"
        },
        {
            "doi": "10.1186/s13054-019-2351-7",
            "type": "reference"
        },
        {
            "doi": "10.1109/proc.5",
            "type": "reference"
        },
        {
            "doi": "10.2196/15154",
            "type": "reference"
        },
        {
            "doi": "10.1016/s2589-7500(20)30200-4",
            "type": "reference"
        },
        {
            "doi": "10.1371/journal.pmed.1002683",
            "type": "reference"
        },
        {
            "doi": "10.1136/bmj.l6927",
            "type": "reference"
        },
        {
            "doi": "10.1093/jamia/ocx030",
            "type": "reference"
        },
        {
            "doi": "10.1136/bmj.i3140",
            "type": "reference"
        },
        {
            "doi": "10.1136/bmj.323.7308.334",
            "type": "reference"
        },
        {
            "doi": "10.1126/scitranslmed.aao5333",
            "type": "reference"
        },
        {
            "doi": "10.1016/s2213-2600(18)30425-9",
            "type": "reference"
        },
        {
            "doi": "10.1056/nejmc2104626",
            "type": "reference"
        },
        {
            "doi": "10.1001/jama.2020.12067",
            "type": "reference"
        },
        {
            "doi": "10.1038/s42256-021-00373-4",
            "type": "reference"
        },
        {
            "doi": "10.1038/s43856-021-00028-w",
            "type": "reference"
        },
        {
            "doi": "10.1136/bmj.n160",
            "type": "reference"
        },
        {
            "doi": "10.1136/bmj.l6890",
            "type": "reference"
        },
        {
            "doi": "10.1016/j.jclinepi.2016.01.021",
            "type": "reference"
        },
        {
            "doi": "10.1002/jrsm.v13.4",
            "type": "reference"
        },
        {
            "doi": "10.1136/bmj.l4898",
            "type": "reference"
        },
        {
            "doi": "10.1038/s41591-020-1034-x",
            "type": "reference"
        },
        {
            "doi": "10.1016/s2352-4642(20)30239-x",
            "type": "reference"
        },
        {
            "doi": "10.1053/j.gastro.2020.06.023",
            "type": "reference"
        },
        {
            "doi": "10.1097/anc.0000000000000448",
            "type": "reference"
        },
        {
            "doi": "10.1038/s41591-020-1045-7",
            "type": "reference"
        },
        {
            "doi": "10.1016/j.gie.2017.07.039",
            "type": "reference"
        },
        {
            "doi": "10.1001/jamapediatrics.2019.0285",
            "type": "reference"
        },
        {
            "doi": "10.1001/jamaoncol.2020.4759",
            "type": "reference"
        },
        {
            "doi": "10.1001/jamanetworkopen.2020.0255",
            "type": "reference"
        },
        {
            "doi": "10.1053/j.gastro.2020.04.062",
            "type": "reference"
        },
        {
            "doi": "10.1001/jama.2020.0592",
            "type": "reference"
        },
        {
            "doi": "10.1136/bmjresp-2017-000234",
            "type": "reference"
        },
        {
            "doi": "10.1016/s2468-1253(19)30411-x",
            "type": "reference"
        },
        {
            "doi": "10.1016/s2468-1253(19)30413-3",
            "type": "reference"
        },
        {
            "doi": "10.1016/j.eclinm.2019.03.001",
            "type": "reference"
        },
        {
            "doi": "10.2196/mhealth.4160",
            "type": "reference"
        },
        {
            "doi": "10.1007/s00586-019-06054-6",
            "type": "reference"
        },
        {
            "doi": "10.1089/dia.2020.0301",
            "type": "reference"
        },
        {
            "doi": "10.1136/gutjnl-2018-317500",
            "type": "reference"
        },
        {
            "doi": "10.1093/tbm/ibz137",
            "type": "reference"
        },
        {
            "doi": "10.1136/gutjnl-2018-317366",
            "type": "reference"
        },
        {
            "doi": "10.1007/s11325-009-0247-5",
            "type": "reference"
        },
        {
            "doi": "10.2196/24501",
            "type": "reference"
        },
        {
            "doi": "10.1155/2021/4845792",
            "type": "reference"
        },
        {
            "doi": "10.1371/journal.pone.0255261",
            "type": "reference"
        },
        {
            "doi": "10.1136/gutjnl-2021-324471",
            "type": "reference"
        },
        {
            "doi": "10.1007/s00535-021-01808-w",
            "type": "reference"
        },
        {
            "doi": "10.1177/1756284820979165",
            "type": "reference"
        },
        {
            "doi": "10.1001/jamanetworkopen.2020.32320",
            "type": "reference"
        },
        {
            "doi": "10.1002/cam4.v10.20",
            "type": "reference"
        },
        {
            "doi": "10.1001/jamanetworkopen.2020.37107",
            "type": "reference"
        },
        {
            "doi": "10.1055/a-1350-5583",
            "type": "reference"
        },
        {
            "doi": "10.1001/jamainternmed.2021.4097",
            "type": "reference"
        },
        {
            "doi": "10.4103/jhrs.jhrs_91_20",
            "type": "reference"
        },
        {
            "doi": "10.1038/s41591-021-01335-4",
            "type": "reference"
        },
        {
            "doi": "10.1016/s2468-1253(21)00216-8",
            "type": "reference"
        },
        {
            "doi": "10.1001/jamasurg.2020.6361",
            "type": "reference"
        },
        {
            "doi": "10.1148/radiol.2021204021",
            "type": "reference"
        },
        {
            "doi": "10.1016/j.cgh.2021.09.009",
            "type": "reference"
        },
        {
            "doi": "10.1016/j.bja.2020.07.057",
            "type": "reference"
        },
        {
            "doi": "10.4103/sjg.sjg_377_19",
            "type": "reference"
        },
        {
            "doi": "10.1016/j.gie.2019.08.026",
            "type": "reference"
        },
        {
            "doi": "10.3348/kjr.2019.0025",
            "type": "reference"
        },
        {
            "doi": "10.1016/j.artmed.2019.101785",
            "type": "reference"
        },
        {
            "doi": "10.1038/s41746-021-00524-2",
            "type": "reference"
        },
        {
            "doi": "10.1136/bmj.m689",
            "type": "reference"
        },
        {
            "doi": "10.1016/j.mayocp.2020.10.027",
            "type": "reference"
        },
        {
            "doi": "10.1016/j.jvs.2009.01.012",
            "type": "reference"
        },
        {
            "doi": "10.1136/bmjopen-2013-003342",
            "type": "reference"
        }
    ],
    "tags": [
        "General Medicine"
    ],
    "title": "Randomized Clinical Trials of Machine Learning Interventions in Health Care: A Systematic Review",
    "type": "journal-article",
    "updated_at": 1693651913
}