{
    "authors": [
        {
            "family": "Lozano",
            "given": "Paula"
        },
        {
            "family": "Henrikson",
            "given": "Nora B."
        },
        {
            "family": "Dunn",
            "given": "John"
        },
        {
            "family": "Morrison",
            "given": "Caitlin C."
        },
        {
            "family": "Nguyen",
            "given": "Matt"
        },
        {
            "family": "Blasi",
            "given": "Paula R."
        },
        {
            "family": "Anderson",
            "given": "Melissa L."
        },
        {
            "family": "Whitlock",
            "given": "Evelyn P."
        }
    ],
    "ctr": 0.1,
    "custom_score": 1.0,
    "id": {
        "dois": [
            "10.1001/jama.2016.6176"
        ]
    },
    "issued_at": 1470700800,
    "languages": [
        "en"
    ],
    "metadata": {
        "container_title": "JAMA",
        "first_page": 645,
        "issns": [
            "0098-7484"
        ],
        "issue": "6",
        "volume": "316"
    },
    "page_rank": 0.16015242,
    "referenced_by_count": 48,
    "tags": [
        "General Medicine"
    ],
    "title": "Lipid Screening in Childhood and Adolescence for Detection of Familial Hypercholesterolemia: Evidence Report and Systematic Review for the US Preventive Services Task Force",
    "type": "journal-article",
    "updated_at": 1693675380
}