{
    "ctr": 0.1,
    "custom_score": 1.0,
    "id": {
        "dois": [
            "10.1001/archopht.1988.01060130517027"
        ]
    },
    "issued_at": 575856000,
    "languages": [
        "en"
    ],
    "metadata": {
        "container_title": "Archives of Ophthalmology",
        "first_page": 471,
        "issns": [
            "0003-9950"
        ],
        "issue": "4",
        "volume": "106"
    },
    "page_rank": 1.0536883,
    "referenced_by_count": 601,
    "tags": [
        "Ophthalmology"
    ],
    "title": "Multicenter Trial of Cryotherapy for Retinopathy of Prematurity: Preliminary Results",
    "type": "journal-article",
    "updated_at": 1693703237
}