{
    "authors": [
        {
            "family": "Ayers",
            "given": "John W."
        },
        {
            "family": "Nobles",
            "given": "Alicia L."
        },
        {
            "family": "Dredze",
            "given": "Mark"
        }
    ],
    "ctr": 0.1,
    "custom_score": 1.0,
    "id": {
        "dois": [
            "10.1001/jamainternmed.2018.6562"
        ]
    },
    "issued_at": 1551398400,
    "languages": [
        "en"
    ],
    "metadata": {
        "container_title": "JAMA Internal Medicine",
        "first_page": 441,
        "issns": [
            "2168-6106"
        ],
        "issue": "3",
        "volume": "179"
    },
    "page_rank": 0.2785768,
    "referenced_by_count": 9,
    "references": [
        {
            "doi": "10.1001/jama.2014.1505",
            "type": "reference"
        },
        {
            "doi": "10.1001/jamainternmed.2016.0400",
            "type": "reference"
        }
    ],
    "tags": [
        "Internal Medicine"
    ],
    "title": "Media Trends for the Substance Abuse and Mental Health Services Administration 800-662-HELP Addiction Treatment Referral Services After a Celebrity Overdose",
    "type": "journal-article",
    "updated_at": 1693668201
}