{
    "authors": [
        {
            "family": "Zangwill",
            "given": "Linda M."
        }
    ],
    "ctr": 0.1,
    "custom_score": 1.0,
    "id": {
        "dois": [
            "10.1001/archopht.122.1.22"
        ]
    },
    "issued_at": 1072915200,
    "languages": [
        "en"
    ],
    "metadata": {
        "container_title": "Archives of Ophthalmology",
        "first_page": 22,
        "issns": [
            "0003-9950"
        ],
        "issue": "1",
        "volume": "122"
    },
    "page_rank": 0.16967331,
    "referenced_by_count": 69,
    "tags": [
        "Ophthalmology"
    ],
    "title": "Racial Differences in Optic Disc Topography: Baseline Results From the Confocal Scanning Laser OphthalmoscopyAncillary Study to the Ocular Hypertension Treatment Study",
    "type": "journal-article",
    "updated_at": 1693695350
}