{
    "authors": [
        {
            "family": "Lo",
            "given": "Bernard",
            "sequence": "first"
        }
    ],
    "ctr": 0.1,
    "custom_score": 1.0,
    "id": {
        "dois": [
            "10.1001/jama.287.6.749"
        ]
    },
    "issued_at": 1013558400,
    "languages": [
        "en"
    ],
    "metadata": {
        "container_title": "JAMA",
        "first_page": 749,
        "issns": [
            "0098-7484"
        ],
        "issue": "6",
        "publisher": "American Medical Association (AMA)",
        "volume": "287"
    },
    "page_rank": 0.6905915,
    "referenced_by_count": 204,
    "tags": [
        "General Medicine"
    ],
    "title": "Discussing Religious and Spiritual Issues at the End of Life<SUBTITLE>A Practical Guide for Physicians</SUBTITLE>",
    "type": "journal-article",
    "updated_at": 1694741095
}