{
    "abstract": "we will evaluate per-lesion treatment effects in native coronary arteries and bypass grafts. Additional, later reports will describe interrelationships of lipo¬ protein and apolipoprotein levels to change in atherosclerosis in femoral and carotid arteries.",
    "authors": [
        {
            "family": "Blankenhorn",
            "given": "David H."
        }
    ],
    "content": "The Cholesterol-Lowering Atherosclerosis Study (CLAS) was a randomized, placebo-controlled, angiographic trial testing combined colestipol hydrochloride and niacin therapy in 162 nonsmoking men aged 40 to 59 years with previous coronary bypass surgery. During two years of treatment there was a 26% reduction in total plasma cholesterol, a 43% reduction in low-density lipoprotein cholesterol, plus a simultaneous 37% elevation of high-density lipoprotein cholesterol. This resulted in a significant reduction in the average number of lesions per subject that progressed (P<.03) and the percentage of subjects with new atheroma formation (P<.03) in native coronary arteries. Also, the percent- age of subjects with new lesions (P<.04) or any adverse change in bypass grafts (P<.03) was significantly reduced. Deterioration in overall coronary status was significantly less in drug-treated subjects than placebo-treated subjects (P<.001). Atherosclerosis regression, as indicated by perceptible improvement in overall coronary status, occurred in 16.2% of colestipol-niacin treated vs 2.4% placebo treated (P = .002). ;257:3233-3240) Cholesterol-Lowering Athero¬ sclerosis Study (CLAS) was a ran¬ domized placebo-controlled, selectively blinded, angiographie trial designed to test the lipid hypothesis; namely, that aggressive lowering of low-density lipoprotein (LDL) cholesterol with con¬ comitant increase in high-density lipo- protein (HDL) cholesterol will reverse or retard the growth of atherosclerotic lesions. The study was designed to determine whether combined therapy with colestipol hydrochloride plus nia- cin will produce clinically significant change in coronary, carotid, and femoral artery atherosclerosis and coronary by¬ pass graft lesions. Additional objectives were to determine possible correlations between lesion change and plasma lipid and lipoprotein cholesterol levels and to explore interrelationships of atheroscle¬ rosis change in femoral, coronary, and carotid arteries.The rationale for CLAS was lack of convincing evidence that blood choles¬ terol lowering has directly beneficial effects on human atherosclerotic le¬ sions. Blood cholesterol levels influence the prevalence of atherosclerotic heart disease in human populations,1 and two large clinical trials have indicated that morbidity and mortality from ischémie heart disease are reduced by blood cho¬ lesterol-lowering therapy.2,3 Blood cholesterol reduction ameliorates ex¬ perimental atherosclerosis in animal models,4 but the two largest human studies with angiographie observation of arterial lesion change have not dem¬ onstrated significant treatment ef¬ fects. Favorable but inconclusive treatment trends were observed in four angiographie trials not controlled by randomization710 and one too small for evaluation of randomized groups.\"In CLAS, combined coronary, femo¬ ral, and carotid angiograms were ob¬ tained before and after two years of blood cholesterol-lowering therapy. In this study we report the effect of treat¬ ment on our primary, per-subject, car¬ diac end point, the global coronary change score. In a subsequent report MATERIALS AND METHODS\nStudy Population\nThe population under study consisted of nonsmoking men, 40 to 59 years of age, with progressive atherosclerosis (confirmed through angiographie re¬ view), who had coronary bypass sur¬ gery not involving valve replacement (performed at least three months prior to the study admission date) and who had entry fasting blood cholesterol lev¬ els in the range of 185 to 350 mg/dL to 9.10 mmol/L). Eligibility criteria were chosen to produce a relatively homogeneous group with respect to the outcome measures, a group expected to have a good response to blood choles¬ terol-lowering medication, and (3) a group with proved atherosclerosis ex¬ pected to have low two-year mortality.Exclusion criteria included bilateral femoral artery surgery, diabetes mel- litus, hypertension (diastolic blood pressure>115 mm Hg), thyroid disease, renal insufficiency, fasting blood triglyc¬ éride levels of 500 mg/dL 50 mmol/L) or greater, congestive heart failure, major arrhythmia, QRS width exceed¬ ing 0.12 s, and weight exceeding times ideal weight as determined by Multiple Risk Factor Intervention Trial criteria.12The number of subjects recruited was based on power calculations derived from computerized measures of femoral atherosclerosis.1314 These required 188 subjects (94 per treatment group) to be randomized to the study in expectation that 80 per group would complete two years of therapy and two angiograms.The power of the trial was 81% for detecting a 40% treatment effect em¬ ploying a one-sided test with a signifi¬ cance level set at .05. Power calculations were not performed for coronary or carotid end points because the neces¬ sary data were not available. A more detailed presentation of the subject population, entry criteria, and trial de¬ sign will be reported elsewhere. Screening and\nPrerandomization Trial\nThe screening period consisted of five clinic visits, which included a preran¬ domization trial of study drugs. At the first three visits, CLAS was explained, informed consent was obtained, a com¬ plete medical evaluation (including a resting electrocardiogram) was con¬ ducted, and measurements of fasting blood lipid levels, weight, and blood pressure were made. Diet composition was evaluated and diet intervention started at screening At the third screening visit, subjects began a six-week trial-period regimen of colestipol and niacin. To be ran- domized, subjects must have demon¬ strated sufficient response (at least a 15% reduction in total blood cholesterol level) to the study drugs. The preran- domization drug trial also evaluated subject ability and willingness to ad¬ here to the drug regimen, as well as subject tolerance to the medications. One disadvantage of this procedure was that subjects were exposed to the gamut of symptomatic side effects of colestipol and niacin during the preran- domization drug trial and therefore were better able to distinguish between placebo and active treatment later. An advantage of the prerandomization trial was selection of compliant and respon¬ sive subjects.\nRandomization and\nTreatment Groups\nPrior to randomization, subjects were scheduled for angiography to ob¬ tain baseline data on the atherosclerotic disease of the carotid, femoral, and cor¬ onary arteries, as well as of the coro¬ nary bypass grafts. Selective coronary angiography was performed by the per¬ cutaneous femoral technique. Simul¬ taneous biplane views obtained with a 17.8-cm cesium-iodide intensifier were recorded at 60 frames per second on 35-mm cine film. The contrast medium was 76% meglumine diatrizoate (Re- nografin 76). Standardized 30°r ight an¬ terior oblique and 60°lateral anterior oblique views were obtained in the same sequence in all subjects in each of the coronary arteries and bypass grafts.Additional views were obtained when standard views did not suffice. On re¬ peated angiography, identical views were repeated in the original sequence by the same angiographer using the same roentgenographic equipment. Subjects were not premedicated. If a subject developed angina during a pro¬ cedure, sublingual nitroglycerin (usu¬ ally 0.4 mg) was administered and the time and dose recorded. This dose of nitroglycerin was administered during the same stage of any later procedure. All angiographie procedures will be de¬ scribed in more detail elsewhere. 15 Eligible candidates (n = 188) were randomized to either the drug group (30 g of colestipol hydrochloride plus 3 to 12 g of niacin daily, titrated individu¬ ally on the basis of blood cholesterol response) or to the placebo group (methyl cellulose images of colestipol and niacin). Niacin was to be taken three times a day in the middle of a meal. Five grains of aspirin before breakfast was prescribed for the first 14 days to reduce the severity of flushes. Regular doses of aspirin were stopped after 14 days and for the duration of the trial. Colestipol was prescribed in two 15-g doses 30 to 60 minutes after morn¬ ing and evening meals. One teaspoon of mineral oil nightly was prescribed for the first 14 days as a precaution against constipation. The dosage of mineral oil was adjusted as necessary and stopped as soon as bowel habits became normal.No lipid-lowering agents except study medications were allowed; anticoagu¬ lants and platelet-active drugs also were not allowed.Both groups received diet interven¬ tion. The target diet for the drug group included less than 125 mg of cholesterol per day and provided 22% of energy as fat, 10% as polyunsaturated fat, and 4%as saturated fat. The target diet for the placebo group included less than 250 mg of cholesterol per day and provided 26% of energy as fat, 10% as polyunsatu¬ rated, and 5% as saturated fat. Differ¬ ent diet composition was prescribed for drug and placebo groups to enhance the differential in blood cholesterol re¬ sponses between the two groups. Cho¬ lesterol responses to the diets were projected using the Keys and Hegsted16formulas. Total fasting blood cholesterol level reduction goals were 30% to 40% for the drug group and 7% to 8% for the placebo group. The randomization pro¬ cess included balancing on drug and placebo within blocks of age groups (40 to 44, 45 to 49, 50 to 54, and 55 to 59 years) and the three hospitals where study angiograms were performed. BlindingBoth study subjects and clinic staff were blinded to the prerandomization study drug trial lipid responses. Study subjects were blinded to treatment as¬ signment. Subjects and clinic staff were not blinded to on-trial lipid values be¬ cause fasting blood cholesterol response was used as a compliance measure. The effectiveness of blinding was reduced by symptoms secondary to niacin therapy and knowledge of on-trial fasting blood lipid levels. Evaluation of the study end points was carried out by staff and consultants who were blinded to treatment group assignment, as well as the temporal ordering of angiographie data.Treatment and Follow-up Subjects were seen monthly for the first six months and then at two-month intervals. Clinic visits consisted of nu¬ tritional counseling and measurement of weight, blood pressure, and levels of fasting blood lipids and lipoproteins. All health-related events were recorded at each visit and all nonstudy medications at six-month intervals. Physical ex¬ aminations, including urinalysis and *Mean±SEM, group differences tested using the independent Student's f test against a two-sided alter¬ native.tDifferences in percentages tested using the x2 test with continuity correction against a two-sided alter¬ native.blood safety monitoring studies, were performed annually.Lipid assay procedures were total cholesterol, triglycérides, and choles¬ terol from the HDL, isolated by precipi¬ tation of the low-density species17 and analyzed by Lipid Research Clinic's methodology.18 These were standard¬ ized throughout the trial against refer¬ ence materials supplied by the Stan¬ dardization Program of the National Centers for Disease Control. sity lipoprotein was calculated as fol¬ lows: LDL = cholesterol -HDL triglyceride/5.19The major on-treatment compliance measure used was the change in fasting blood cholesterol level from baseline.Additional compliance measures in¬ cluded number of missed clinic visits, subjective response to treatment tabu¬ lated with a behavioral checklist adapted from the Multiple Risk Factor Intervention Trial dietary compliance checklist,20 and measurement of the niacin metabolite, w-methyl-2-pyridone, in 24-hour urine specimens. To monitor and improve dietary compliance, a com¬ puterized pictorial diet record system21 was used (Nutrition Scientific, 1510 Ox- ley St, Suite F, South Pasadena, Calif).Nicotine and cotinine levels were mea¬ sured in 24-hour urine collections every six months to test for smoking re¬ cidivism.A repeated angiogram was per¬ formed at two years by the same [9] (1.71 [0.10]) 110 [5] (1.25 [0.06]) -41 [6]*(-0.46 [0.07]) -22 [2] P 154 [10] (1.74 [0.11]) 141 [9] (1.59 [0.10]) [4]j(-0.15 [0.04]) -5 [2] 171 [3] 2 [1] LDL/HDL ratioEighty subjects were receiving drug (D); 82, placebo (P). tGroup differences were significant at P<.001 using the independent Student's Í test against a two-sided alternative.tSignificant at P<.001 using a paired Student's f test against a two-sided alternative. »Differences among global change categories tested using the Kruskal-Wallis analysis of variance test procedure. All other differences among global change categories were tested using the x2 test for association.angiographer, who was blinded to treat¬ ment assignment. Complications follow¬ ing the 356 study angiograms were one arteriovenous fistula that was repaired surgically and three hematomas that subsided during outpatient observa¬ tion.Coronary Evaluation-the Global Change Score Film pairs, showing identical coro¬ nary artery views with temporal order masked, were evaluated to determine a global measure of change, the global change score. This was done by a panel of expert angiographers who viewed films without knowledge of a subject's demographic or clinical characteristics, his treatment assignment, or the tem¬ poral order of the angiograms. They did not review ventriculograms or other angiograms. Two angiographers and a moderator viewed pairs of films using two 35-mm cine angiographie projectors (Vanguard Instruments Inc, Melville, NY) that magnified the image sixfold.First or second angiograms from drugor placebo-treated subjects were assigned at random to the left-hand projector. Panelists began with the left- hand film and worked independently, recording their findings on individu¬ alized, predrawn diagrams of the native coronary arteries and grafts. Each reader identified lesions in the native arteries and recorded the maximal per¬ cent stenosis (percent reduction of lumen diameter at the narrowest point compared with an adjacent normal di¬ ameter, ranging from 0% to 100%). Each bypass graft was divided into proximal, middle, and distal thirds, excluding a short proximal and distal anastomotic point. Percent stenosis and the length of each segment involved were estimated for each third of each graft. Percent stenosis of proximal and distal anastomotic points was also recorded.After each reader evaluated the left- hand film independently, panelists dis¬ cussed this film to arrive at a consensus regarding the degree and location of all stenotic lesions. This consensus was recorded by the moderator on a consen¬ sus diagram.For the right-hand film, panelists used the consensus diagram and worked independently to evaluate all diagrammed lesions for change. If there was change, the new degree of stenosis was estimated. Any lesion not previ¬ ously noted (on the left-hand film) was recorded with an estimate of percent stenosis. Each reader recorded a global evaluation of the films on a four-point scale that combined changes in both grafts and native coronary arteries. A score of 0 indicated no demonstrable change; a score of 1, definitely discerni¬ ble change; a score of 2, intermediate change; and a score of 3, extreme change. Working independently, panel¬ ists also recorded which film exhibited the greater extent and severity of ob¬ structive atherosclerosis in native coro¬ nary arteries and/or abnormality of grafts. Later, when the code for film order was broken, this information was used to attach a sign to global change scores ( -was assigned to pairs showing regression, + to pairs showing progres¬ sion). It will be shown later (Table ) that, on average, 11.1 lesions in native coronary arteries and 2.7 grafts were evaluated in each angiogram. Twentyeight film pairs, selected at random, were evaluated as unknowns by dupli¬ cate panel reading. An in-depth analysis of the performance of the panelists in evaluating change in native coronary arteries and bypass grafts will be the subject of a separate report.As a last step, panelists reviewed and discussed both films together. A consen- sus as to change in each lesion, percent stenosis for each new lesion, a consen¬ sus coronary global change score, and agreement as to which film showed the greatest extent of lesions in native coro¬ nary arteries and/or grafts was re¬ corded by the moderator. Consensus global change score, the overall judg¬ ment of both panelists integrating all changes seen in the film pair, is the primary, per-subject end point measure reported in this study. As in the case of individual panelists' change scores, a direction for change ( -for regression, + for progression) was assigned after the code for film sequence was broken.The 28 random duplicate consensus global change scores showed complete agreement in 20 pairs, a difference of one grade in seven pairs, and a differ¬ ence of two grades in one pair. The eight differences in duplicate global change score did not result in a change in classification from \"regression\" to \"pro¬ gression.\"\nStatistical Methods\nAll analyses were done based on treatment assigned at randomization without regard to compliance. All test¬ ing of hypotheses utilized parametric or nonparametric methods available in a standard statistical programming pack¬ age. 22 Significance was established at the .05 level. Drug vs placebo compari¬ son ofbaseline characteristics was made using the independent Student's t test or a x2 test with continuity correction.On trial, averages for each fasting blood lipid or lipoprotein were obtained from values weighted according to the scheduled interval (either one or two months) between treatment visits.Baseline values were the unweighted averages obtained at the first three screening visits. Change in fasting blood lipid values was expressed both as a difference from baseline and as a percent difference from baseline. Within a group, the average change in blood lipid levels was tested using the paired Student's t test; between groups, the difference in average change in blood lipid levels was tested using the independent Student's t test. Tests of treatment effects on lipids were two- sided. Comparisons of drug and placebo event rates for major medical events, symptoms, and abnormal blood chemis¬ tries were made using a Fisher's exact test.The primary end point, coronary global change score, was tested for treatment effect using the normal ap¬ proximation (with continuity correc¬ tion) to the Wilcoxon rank sum test. Tests for treatment effects on other measures of coronary change (eg, new .03 *Group differences tested using the normal approx¬ imation (with continuity correction) to the Wilcoxon rank sum test against a one-sided alternative. All other group differences were tested using the x2 test with correction for continuity. lesions, new closures, and increase in stenosis) were made using either the x2 test with continuity correction or the Wilcoxon rank sum test. Tests of treat¬ ment effects on coronary measures were all one sided. The associations of global change categories with measures of coronary change were tested using either a x2 test or a Kruskal-Wallis nonparametric analysis of variance.23The choice of one-or two-sided test¬ ing was made during the design phase of the study prior to unblinding treatment results. One-sided testing was selected for treatment effects on atherosclerosis end points because the study was de¬ signed to learn if treatment can amelio¬ rate this disease. Two-sided testing was selected for entry characteristics, blood lipid and lipoprotein change, event rates of major medical events, event rates of reported symptoms, and rate of new abnormal blood chemistries because we were interested in detecting relative increase or decrease in either group.\nRESULTS\nSubjects were recruited through vari¬ ous mechanisms. At the time that CLAS began, a log of coronary bypass patients in Los Angeles was available to the research team. These patients were contacted and interviewed for possible participation in CLAS. Additionally, advertisements were placed in Los An¬ geles-area newspapers. Several public service radio and television announce¬ ments advertised the study. The most consistent recruitment method was found to be a 4 x 3.25-in advertisement placed in the news section of the Los Angeles Times, each of which, on the average, resulted in 76.1 telephone in¬ quiries about the program, 19.4 first screening visits, and randomization of 5.0 subjects. jects recruited for the study are summa¬ rized in Table . There were no signifi¬ cant differences between the treatment groups. On the average, subjects were 54 years old, white, married, employed, and well educated. As a group they were approximately 20% overweight, and al¬ though blood pressures were normal, 39% of the subjects were taking anti- hypertension medication. Seventy-one percent were ex-smokers. Smoking re¬ cidivism (as judged by urinalysis for nicotine and cotinine) occurred in three drug and two placebo subjects during the study; one drug and one placebo subject had positive results from nicotine/cotinine urinalysis on two occa¬ sions; two drug subjects and one placebo subject had positive results on one occasion. Forty percent of the sub¬ jects had vasectomy at an average inter¬ val (estimated from the clinical records of 52 subjects) of 18.5 years before study entry. The prevalence of vasectomy among men of our study subjects' age has been reported to approximate 30% in a four-city survey that included Los Angeles.24 There was no significant dif¬ ference in the interval between vasec¬ tomy and study entry in treatment and control groups.Of the 188 randomized subjects, 162 (86%) completed the study (80 in the drug group and 82 in the placebo group). Twenty-six subjects dropped out of the study (14 from the drug group and 12 from the placebo group). Causes were refusal to have a second angiogram (four drug subjects and four placebo sub¬ jects), dislike of medication (five drug subjects and two placebo subjects), health-related reasons (one drug sub¬ ject with congestive heart failure and one placebo subject with sudden cardiac death), administrative disagreement over hospital charges (one drug subject and one placebo subject), moved out of state (one drug subject and one placebo subject), missed study visits (two drug subjects), work related (one placebo subject), lost angiogram (one placebo subject), and attitude after discovery of smoking recidivism (one placebo sub- ject). There were no significant differ¬ ences between the subjects who com¬ pleted the study and those who did not complete the study when all attributes listed in Table and study entry lipid and lipoprotein levels were compared.Table summarizes entry and on- trial fasting blood lipid and lipoprotein values for the subjects who completed the study. There were no significant differences in baseline fasting blood lipid levels between the study groups. After treatment by drug, there were large, statistically significant decreases in total cholesterol level (26%), levels of triglycérides (22%) and LDL choles¬ terol (43%), and LDL/HDL ratio (57%) and a large, statistically significant in¬ crease in HDL cholesterol level (37%). In the diet group, modest yet statis¬ tically significant decreases were found for total cholesterol level (4%), levels of triglycérides (5%) and LDL cholesterol (5%), and LDL/HDL ratio (6%). Highdensity lipoprotein cholesterol did not change significantly after placebo treat¬ ment (2%). When comparing the changes in lipids between the two treat¬ ment groups, large significant differ¬ ences were found for all lipids (P<.001).These differences reflect an average on- trial colestipol hydrochloride dose of 29.5 ± 6.0 g SD per day and a niacin dose of 4.3 + 1.9 g SD per day. These differ¬ ences may also reflect a change in body weight in both drug-and placebotreated subjects. Body weight at entry was 117% ±3% SEM of ideal in the 82 drug subjects completing the trial. This was reduced by the end of the trial to 113% ± 2% SEM of ideal. Body weight at entry was 119% ± 1% SEM of ideal in the 82 placebo subj ects completing the trial. This was reduced to 118% ±1% SEM of ideal. The difference between average weight losses in the two groups was significant (P<.001).Table summarizes the percent dis¬ tribution of the global change score obtained after two years for each of the treatment groups. The distribution for the drug group was shifted toward lower scores (less disease progression) as compared with that for the placebo group. Sixty-one percent of the drug All other vascular events *Group comparisons were nonsignificant except for gouty arthritis (P<.03). tP values for ever reported were all significant with P<.01.tRecurrent symptoms are defined as those reported on three or more occasions.subjects (as compared with 39% of the placebo subjects) improved or remained the same (global change score, -1 to 0). Also, 16.2% of the drug subjects vs 2.4% of the placebo subjects showed regres¬ sion (global change score, -1). A Fisher's exact test performed after in¬ spection of Table showed a significant difference in percentage of subjects with regression (P -.002).To determine which factors contrib¬ uted to the coronary panel global change score, coronary measures in the native vessels and grafts (eg, new le¬ sions, new closures, increase in ste¬ nosis, and any other adverse change) were related to a global change category (better or no change, mild worsening, and moderate worsening). As shown in Table , there is a strong significant relationship between the global change category and all coronary change mea¬ sures. Larger global scores (worsening disease) were significantly related to increased change rates in new lesions and new closures in both the native arteries and grafts, increased stenosis per subject in the native arteries, and increased incidence of adverse change in the grafts. These data strongly support the rationale of the global scoring method.Table summarizes treatment effect on coronary change measures. There was a significant benefit due to use of the drug. The average global change score was significantly smaller (less dis¬ ease progression) for the drug group than for the placebo group (P<.001). In the native vessels, the drug group had a significant reduction in the average number of lesions that progressed per subject (P<.03) and in the percentage of subjects with new lesions (P<.03).No significant difference in the rates of new closure was found, however. In the bypass grafts, the drug group had a significant reduction in the percentage of subjects with any adverse change (P<.03) and the percentage of subjects with new lesions (P<.04). Again, there was no significant group difference in the rates of new closure. The mean baseline stenosis in the native arteries that progressed to complete occlusion was 79%; in the bypass grafts it was 45%.The treatment effect on coronary dis¬ ease was also seen after stratification of the treatment groups by baseline to¬ tal cholesterol levels into a \"low\" entry subgroup (range = 185 to 240 mg/dL [4.81 to 6.24 mmol/L]) with a mean base¬ line of 216 mg/dL 62 mmol/L) and a \"high\" entry total cholesterol subgroup (range =241 to 350 mg/dL [6.26 to 9.10 mmol/L]) with a mean baseline of 270 mg/dL 02 mmol/L) (Table ). In the drug group, mean total cholesterol values were reduced from 214 mg/dL to 165 mg/dL (5.56 to 4.29 mmol/L) in the \"low\" subgroup and from 266 mg/dL to 189 mg/dL (6.91 to 4.91 mmol/L) in the \"high\" subgroup. Tests for treatment effect are significant in each total cho¬ lesterol subgroup.Table summarizes the major events for all randomized subjects. There were no group differences in potential treat¬ ment-related adverse clinic event rates except for gouty arthritis, where there was a significantly higher occurrence in the drug group (P<.03). Events classi¬ fied as \"all other cardiac events\" in the drug group were four cases of transient arrhythmia and one case each of recur¬ rent atrial fibrillation, repeated coro¬ nary bypass surgery, and coronary an- gioplasty; in the placebo group, one case each of pacemaker replacement, recur¬ rent atrial fibrillation, congestive heart failure, and coronary angioplasty.Events classified as \"all other vascular events\" in the drug group were two cases with abdominal aneurysm repair and one case each of carotid endarterectomy and ileofemoral bypass grafting; in the placebo group, two cases of carotid endarterectomy and one case of retinal vein thrombosis. Cancer in the drug group consisted of one recurrent cancer of the bladder and one basal cell carcinoma of the skin; in the placebo group there was one subject with chronic lymphatic leukemia. The drug group had two cases of an undiagnosed moderately severe, single episode of abdominal pain and one case each of bleeding gastric ulcer, new duodenal ulcer, renal calculus requiring surgery, chronic glomerulonephritis, cystoid macular edema, and iridocyclitis. The cystoid macular edema resolved when niacin therapy was withdrawn; the sub¬ ject continued to receive colestipol alone. The placebo group had one case each of an undiagnosed moderately se¬ vere, single episode of abdominal pain, rectal discomfort leading to hemor- rhoidectomy, renal calculus treated medically, urinary tract infection, transurethral resection of the prostate, and cataract. Hepatic events in the drug group were extreme elevations of levels of liver enzymes that subsided when niacin therapy was discontinued.Symptoms that were significantly more common in the treatment group cluster into skin related or gastroin¬ testinal (Table ). Except for flushing, skin warmth, itching, rash, nausea, and constipation in drug-treated subjects, all symptoms were preponderantly transient, being reported no more than twice in two years. Table demon¬ strates the large difference in recurrent symptoms between the two groups.In the drug group there was a signifi¬ cantly higher prevalence of subjects with new abnormal levels (increased) of alkaline phosphatase, aspartate aminotransferase, and uric acid and (de¬ creased) thyroxin and carotene. The prevalence of new abnormal values of total bilirubin, creatine phosphokinase, glucose, urea nitrogen, potassium, so¬ dium, red blood cell count, white blood cell count, hemoglobin, hematocrit, and urinary albumin did not differ signifi¬ cantly between the two treatment groups.\nCOMMENT\nThe Cholesterol-Lowering Athero¬ sclerosis Study has demonstrated that aggressive lowering of LDL cholesterol levels with concomitant increase in HDL cholesterol levels produced signif¬ icant benefit to both native coronary arteries and venous bypass grafts. De¬ terioration of average global coronary change scores was significantly reduced in drug-treated subjects as compared with placebo-treated, and atherosclero¬ sis regression, as indicated by percepti¬ ble improvement in overall coronary status, occurred in 16.2% of colestipolniacin-treated subjects vs 2.4% of placebo-treated subjects (Table ). In contrast to previous trials, CLAS tested blood lipid-lowering therapy in a setting that minimized the effects of other major nonlipid risk factors. All subjects in this trial were nonsmokers during the experimental period, and average blood pressure levels were within the range of normal. Also, drugtreated CLAS subjects had greater changes in blood lipid levels for longer periods than in any previous trial.The global coronary change score, our primary per-subject measure of treatment effect, represented the con¬ sensus of expert coronary angiographer panelists who are broadly experienced and nationally known. Panelists re¬ viewed pairs of angiograms from the same subject without knowledge of the order of angiograms or treatment and identified all lesions and all lesion change. A global score (scaled from -3 to + 3) was obtained after panelists had recorded all changes in a film pair and were asked to assess overall coronary status, using clinical judgment to desig¬ nate which film of the pair exhibited the greater extent of obstructive stenosis in native coronary arteries and/or abnor¬ mality of bypass grafts. Global change scores were uniformly consistent with changes observed in native coronary arteries and grafts (Table ).When all study angiograms had been evaluated and the code of examination sequence and treatment assignment was broken, a strong and consistent trend toward benefit from therapy was apparent. Average global coronary change score among drug-treated sub¬ jects was 0.3 as compared with 0.8 in placebo-treated subjects (P<.001).Treatment produced significant reduc¬ tion in progression of atherosclerosis in native coronary arteries, both in aver¬ age number of lesions that progressed per subject (P<.03) and in the percent¬ age of subjects with new atheroma for¬ mation (P<.03). Treatment also signifi¬ cantly reduced the percentage of subjects with any adverse change (P<.03) or new lesions (P<.04) in ve¬ nous bypass grafts (Table ).The clinical implications of CLAS cor¬ onary results are that therapy after coronary bypass surgery should rou¬ tinely include measures to lower blood cholesterol levels. Follow-up of large numbers of postbypass patients indi¬ cates that with current medical therapy 44% of patients with venous bypass grafts will need a repeated operation in ten years,25 but patients whose lesions do not show progression have improved chances of survival and lower rates of myocardial infarction. The CLAS re¬ sults indicate that it is possible to re¬ duce long-term adverse change in both native coronary arteries and grafts. Thirty-nine percent of nonsmoking men with normal blood pressures and fast¬ ing blood cholesterol levels between 185 mg/dL and 350 mg/dL (4.81 to 9.10 mmol/L) who were treated by diet plus placebo had stable or improved coronary status while following a mod¬ erate-fat and cholesterol-restricted diet similar to the American Heart Associa¬ tion phase 2 diet (Table ). Sixty-one percent of randomly selected men with identical risk factors at entry who were aggressively treated with a more rig¬ orous diet plus combined colestipolniacin therapy had stable or improved coronary status. The more aggressive regimen was acceptable for two years to 90% of those assigned to it, although they had a significant increase in skin and abdominal complaints (Table ). Other less likely, but more serious, side effects were cystoid macular edema, gouty arthritis, gastric ulcer with bleeding, and duodenal ulcer. There was no difference in the prevalence of malig¬ nancy in the two CLAS study groups.The CLAS results significantly ex¬ tend what is known from previous stud¬ ies testing blood cholesterol lowering as therapy for atherosclerosis. The largest previous body of evidence indicating benefit from reduction of blood choles¬ terol levels was obtained in the Lipid Research Clinics Primary Prevention Trial, where hyperlipoproteinemic men with no previous evidence of ischémie heart disease were treated for five years with cholestyramine resin, a bile acid- binding resin.2 Cholestyramine resin treatment produced an average 8.5% differential total cholesterol level reduc¬ tion (as compared with placebo treat¬ ment) and a significant reduction in mortality from ischémie heart disease and/or nonfatal myocardial infarction (P<.05). Supporting trends indicating therapeutic benefit were significantly reduced incidence of angina pectoris (P<.01) or positive results from tread¬ mill exercise tests (P<.001).27 However, the Lipid Research Clinics Trial did not include observations on the subjects' coronary arterial status, and so the mechanism underlying these benefits remains unknown.Additional evidence for benefit from blood cholesterol-lowering therapy in humans was obtained by long-term fol¬ low-up of subjects in the Coronary Drug Project who were randomized to niacin treatment.3 In this trial, 1119 male sur¬ vivors of myocardial infarction were randomized to 3 g/d of niacin (which produced a 10% reduction in blood cho¬ lesterol levels) and 2789 men were ran¬ domized to placebo. After six years, niacin therapy reduced nonfatal recur¬ rences of myocardial infarction but not total mortality. Nine years after termi¬ nation of the trial, follow-up data indi¬ cated an 11% reduction in the 15-year mortality rate as compared with pla¬ cebo (P = .0004).28 Again, vessel status was not evaluated, and, as in the case of the Lipid Research Clinics Primary Prevention Trial, the mechanism of ben¬ efit remains unknown. The CLAS study, which demonstrates a direct ef¬ fect of lipid-lowering therapy on the process of atherogenesis at the level of the arterial wall, offers a logical, me¬ chanical explanation for benefits from blood cholesterol-lowering therapy.The Cholesterol-Lowering Athero¬ sclerosis Study is the first angiographie study providing clear evidence of a treatment effect on human atheroscle¬ rotic lesions. Cohn and coworkers,6 who randomized 24 subjects to clofibrate therapy (2.0 g/d, which produced a 13.7% reduction in blood triglycéride level) and 16 to placebo, concluded that there was no significant reduction in the progression of atherosclerosis. Bren- sike and coworkers5 found that 25% of 116 subjects with type II hyperlipoproteinemia treated with 24 g/d of choles¬ tyramine resin (which produced a 26% reduction in LDL cholesterol levels) showed definite evidence of lesion pro¬ gression after five years as compared with 35% of placebo-treated; this result did not achieve statistical significance.A favorable effect at the 5% significance level was found when comparison was confined to subjects with progression of lesions greater than 50% stenosis or definite manifestations of progression were pooled with equivocal manifesta¬ tions of progression.29 The Leiden Inter¬ vention Trial, a nonrandomized study, tested dietary effects in 39 subjects with angina pectoris and demonstrated stability of lesions after 39 months. There was significant correlation of le¬ sion growth with total cholesterol/HDL cholesterol ratio (r=.50, P = .001).7The CLAS results indicate a clear therapeutic effect (P<.001) when the outcome is analyzed on a per-subject basis according to treatment assign¬ ment without regard to degree of treat¬ ment adherence. The power of the CLAS study to detect a therapeutic effect was greater than that of previous angiographie trials, because more sub¬ jects completed two angiograms than in any previous study. In addition, we pro¬ duced and maintained larger changes in LDL and HDL levels than any previous study through use of a prerandomization drug trial to select compliant and responsive subjects, plus unblinded prospective monitoring of each subject's on-trial fasting blood cholesterol level. The overriding consideration in adopt¬ ing these procedures was to obtain large on-trial treatment changes in choles¬ terol level. The rationale supporting these procedures is that they simulate conditions of careful clinical practice and do not reduce the strength of a randomized trial when the end-point measurement is derived from observers blinded as to therapy assignment. Al¬ though the largest change we produced was in the ratio LDL/HDL, there were significant changes in levels of all other plasma lipids and lipoproteins; the dif¬ ferential reduction in total cholesterol level between drug and placebo groups was 26%; in triglycéride level, Weight loss, which occurred in both drug and placebo groups and was more pronounced in the drug group, was of minor degree and unlikely to have con¬ tributed to change in atherosclerosis, except as it contributed to change in blood lipid and lipoprotein levels.The CLAS study findings indicate that global coronary change score and all contributing angiographie changes (except progression to complete occlu¬ sion) can be significantly reduced in subjects with pretreatment cholesterol levels ranging from 185 to 350 mg/dL (4.81 to 9.10 mmol/L). Evidence for ben¬ efit retained strong statistical signifi¬ cance after our results were divided to compare treatment effects separately when entry cholesterol levels were above or below 240 mg/dL. This evi¬ dence implicates the entire range of cholesterol levels between 185 and 350 mg/dL (4.81 and 9.10 mmol/L) as coronary risk factors that should be reduced through appropriate medical treatment. The data also support and extend treatment goals cited in Decem¬ ber 1984 at the National Institutes of Health Consensus Conference, \"Lower¬ ing Blood Cholesterol Level to Prevent Heart Disease. \"30 In the CLAS study, large changes in fasting blood cholesterol levels were produced in an attempt to achieve ar¬ terial changes that could be clearly recognized within two or four years.Within two years, evidence of athero¬ sclerosis regression, as measured by a perceptible improvement in global coro¬ nary status, occurred in 16.2% of colesti¬ pol plus niacin-treated subjects vs 2.4% of placebo-treated subjects (Table ). At this time, we advocate measures to lower blood cholesterol levels in all pos1>coronary bypass patients. We have shown that combined therapy with co¬ lestipol plus niacin provides significant benefits in nonsmoking men selected on the basis of response to a six-week trial of this therapy. However, we caution that the aggressive regimen that we used requires close supervision because of recognized side effects due to the use of colestipol plus niacin.CLAS II-AN OPTIONAL TWO-YEAR EXTENSION OF THE TRIAL Following the second angiogram in CLAS, subjects were offered the option of continuing to take their assigned medication (either colestipol-niacin or placebo) for two additional years and having a third angiogram. Seventy-four colestipol-niacin-treated subjects and 62 placebo-treated subjects elected to do this. The coronary results we de¬ scribe in this report dictate that we offer an alternative for placebo to subjects in CLAS II. This step, which effectively terminated angiographie observations in CLAS II, has been taken following consultation with our extramural advis¬ ory committee and with advisors at the National Heart, Lung, and Blood Insti¬ tute. Results from subjects who com¬ pleted CLAS II and had repeated angi¬ ography before the trial was terminated will be reported later.",
    "ctr": 0.1,
    "custom_score": 1.0,
    "id": {
        "dois": [
            "10.1001/jama.1987.03390230069027"
        ]
    },
    "issued_at": 551059200,
    "languages": [
        "en"
    ],
    "links": [
        {
            "cid": "bafyb4iby7ftpwqis5kip2yd5ppg4wgmpfaunksibew2cft6nmnudluasya",
            "extension": "pdf",
            "filesize": 1417771,
            "md5": "8a318aafa8b9421c6c9bbed060aedbe1",
            "type": "primary"
        }
    ],
    "metadata": {
        "container_title": "JAMA: The Journal of the American Medical Association",
        "first_page": 3233,
        "issns": [
            "0098-7484"
        ],
        "issue": "23",
        "volume": "257"
    },
    "page_rank": 1.781326,
    "referenced_by_count": 1003,
    "tags": [
        "General Medicine"
    ],
    "title": "Beneficial Effects of Combined Colestipol-Niacin Therapy on Coronary Atherosclerosis and Coronary Venous Bypass Grafts",
    "type": "journal-article",
    "updated_at": 1693703497
}