{
    "abstract": "<abstract><section><p>EALTH CARE IS AN INFORMATIONbased science. Much of clinical practice involves gathering, synthesizing, and acting on information. Medical informatics is the field concerned with the management and use of information in health and biomedicine. This article focuses on the problems that motivate work in this field, the emerging solutions, and the barriers that remain. It also addresses the core themes that underlie all applications of medical informatics and unify the scientific approaches across the field.</p>\n<p>There is a growing concern that information is not being used as effectively as possible in health care. Recent reports from the Institute of Medicine have reviewed research findings related to information use and expressed concerns about medical errors and patient safety, 1 the quality of medical records, 2 and the protection of patient privacy and confidentiality. <ref target=\"#b2\" type=\"bibr\">3</ref> The latest Institute of Medicine report on this topic ties all these problems and potential solutions together in a vision for a health care system that is safe, patient-centered, and evidence-based. <ref target=\"#b3\" type=\"bibr\">4</ref> A variety of solutions is required to address the informationrelated problems in health care; many solutions involve the use of computers and computer-related technologies.</p></section></abstract>",
    "authors": [
        {
            "family": "Hersh",
            "given": "William R."
        }
    ],
    "content": "<content><section><header>The Field of Medical Informatics</header>\n<p>Medical informatics is a heterogeneous field, composed of individuals with diverse backgrounds and levels of training. Although virtually all health science universities have some entity with the word \"informatics\" in its title, there are fewer than 25 that carry out research in medical informatics and offer educational programs. <ref target=\"#b4\" type=\"bibr\">5</ref> At some institutions, medical informatics is viewed as a service (eg, helping clinicians implement informatics applications), but it is more appropriately considered a science that addresses how best to use information to improve health care. The government leader in funding research and education in medical informatics has been the National Library of Medicine (www.nlm .nih.gov).</p>\n<p>Some have argued that the adjective medical in front of informatics is inappropriate because it implies the work of physicians and not the remainder of health care and biomedical science. However, this name has achieved widespread usage. In the article by Kukafka et al, <ref target=\"#b5\" type=\"bibr\">6</ref> Shortliffe described medical informatics as the broad term representing the core theories, concepts, and techniques of information applications in health and biomedicine, with the other adjectives preceding the word informatics denoting the specific application area (BOX). Core themes that emerge from informatics science (standards, terminology, usability, and demonstrated value) are relevant across all levels of medical informatics, not solely clinical informatics.</p></section>\n<section><header>Applications of Clinical Informatics</header>\n<p>There is a variety of classification types for the different applications of clinical informatics; one approach is by the type of information used. There are essentially 2 types of information used in clinical informatics: patient-specific and knowledge-based. Patient-specific information is generated by and used in the care of patients in the clinical setting, whereas knowledge-based information comprises the scientific basis of health care.</p></section>\n<section><header>Electronic Medical Records</header>\n<p>The core application using patientspecific information is the electronic medical record (EMR). The paperbased medical record has its tradition and virtues; however, research has shown it can be illegible, incomplete, difficult to access in more than one place, and insecure from unauthorized uses and users. <ref target=\"#b1\" type=\"bibr\">2</ref> Although the EMR overcomes some of these problems, there are challenges to implementing the EMR at the levels of the individual and the organization.</p>\n<p>The main challenge to individual use of the EMR has been its integration into the busy clinical workflow. The few studies that have been performed show computerized physician order entry (CPOE) adds time for the clinician, although other time savings are usually gained elsewhere through error reduction or the automation brought about by other features of the EMR (eg, accessing test results). <ref target=\"#b6\" type=\"bibr\">[7]</ref><ref target=\"#b7\" type=\"bibr\">[8]</ref><ref target=\"#b8\" type=\"bibr\">[9]</ref> A related challenge is determination of the optimal computing device for the clinical setting. Handheld computers (also called personal digital assistants) are increasingly popular, as documented by their use by internal medicine <ref target=\"#b9\" type=\"bibr\">10</ref> and family practice physicians. <ref target=\"#b10\" type=\"bibr\">11</ref> While their portability is of great value, most usage has focused on entry and retrieval of simple data (eg, prescription writing and drug information) and it is unclear whether other usage (eg, image viewing and literature access) is amenable to these por-table devices or whether larger devices might be required.</p>\n<p>At the organizational level, the key challenges have been managing complex informatics applications and the computer networks upon which they run. Although individual computers are relatively inexpensive, maintaining large networks of them and training the myriad of health care workers who use them are not. <ref type=\"bibr\">Berg 12</ref> has noted that the interpersonal challenges to large organizations in implementing EMRs is much more daunting than managing the technology itself. Research has shown that involving users in the implementation process and providing features of benefit to them, such as time-saving measures like specialtyspecific order sets, widespread implementation across the organization, and engaging the clinical leadership, are the most important keys to success. <ref target=\"#b12\" type=\"bibr\">13</ref> Organizational challenges are not limited to hospitals and other large institutions. A particular problem in the outpatient setting is that small practices usually lack the minimal technical capabilities and financial resources necessary to implement EMRs. <ref target=\"#b13\" type=\"bibr\">14</ref> A final challenge to all involved with the EMR is the protection of patient privacy and confidentiality, with the Health Insurance Portability and Accountability Act legislating their protection at substantial cost and effort. <ref target=\"#b14\" type=\"bibr\">15</ref> </p></section>\n<section><header>Information Retrieval</header>\n<p>The field concerned with the organization and retrieval of knowledgebased information (not limited to medicine) is called information retrieval. <ref target=\"#b15\" type=\"bibr\">16</ref> This area has seen tremendous growth due to the Internet and World Wide Web. More than 50% of the US population uses the Web regularly, and of those who do, more than 50% search for personal health information. <ref target=\"#b16\" type=\"bibr\">17</ref> Physicians have embraced the Web as well, with 90% using it on a regular basis. <ref target=\"#b17\" type=\"bibr\">18</ref> A large variety of online resources are now available to both patients and physicians. The oldest of these is MEDLINE, the bibliographic database of journal literature with more than 11 million references to approximately 4000 journals dating from 1966. <ref target=\"#b18\" type=\"bibr\">19</ref> Produced by the US National Library of Medicine, MEDLINE is freely available to the entire world via the PubMed system on the National Library of Medicine Web site (http://pubmed.gov). Bibliographic databases only contain titles and abstracts of articles; however, users increasingly want the full text of journals online. The technical challenge of producing such journals has been supplanted by the economic question of how to increase availability when electronic publication is cheaper (ie, less printing and mailing costs) but still has some cost (due to value added in editing and production). <ref target=\"#b19\" type=\"bibr\">20</ref> Another challenge is how to improve users' abilities to use such systems, as a systematic review has shown physicians do not always achieve optimal results with them. <ref target=\"#b20\" type=\"bibr\">21</ref> In addition to the journal literature, other knowledge-based information is available on the Web, including many of the traditional medical textbooks, clinical practice guidelines (National Guidelines Clearinghouse [http:// guideline.gov]), and a growing number of Web sites aimed at patients and consumers, many of which can be found using the National Library of Medicine's MedlinePlus database (http:// medlineplus.gov). One concern about Web sites is their quality, as peerreview mechanisms that normally control print literature are often not present, and sites purporting to provide balanced views may well be promoting a point of view or a product to sell. <ref target=\"#b21\" type=\"bibr\">22</ref> Concomitant with the growth of online information resources has been the emergence of tools to use them more effectively. Probably the most important of these is evidence-based medicine. <ref target=\"#b22\" type=\"bibr\">23</ref> The original focus of evidencebased medicine was to train clinicians to find and critically appraise individual studies. Few clinicians have ready access or the time required to search MEDLINE, read articles, and synthesize their findings in the busy clinical setting. As a result, the focus has changed toward approaches that provide highly concise information in the context of the specific patient and clinical problem. <ref target=\"#b23\" type=\"bibr\">24</ref> This has led to a change in the emphasis of evidence-based medicine toward the production of syntheses of clinical topics and concise synopses of their findings. <ref target=\"#b24\" type=\"bibr\">25</ref> </p></section>\n<section><header>Decision Support Systems</header>\n<p>One clinical informatics application, the decision support system, crosses the boundary of patient-specific and knowledge-based information. These applications, which apply knowledge to patient data, emerged from artificial intelligence and expert system research in the 1970s and 1980s that attempted to model the clinical diagnostician. However, the goal of building an electronic diagnostician never materialized and the resulting systems were too time-consuming for use in the clinical setting. <ref target=\"#b25\" type=\"bibr\">26</ref> These applications have reemerged in the form of decision support systems, which are embedded in the EMR and aim to detect critical situations and errors in care and then notify the clinician, provide appropriate information accordingly, or both. <ref target=\"#b26\" type=\"bibr\">27</ref> Several systematic reviews have documented the effectiveness of decision</p></section>\n<section><header>Box. The 4 Levels of Medical Informatics and Their Respective Foci</header>\n<p>From the Cell to the Population * Bioinformatics-molecular and cellular processes, such as gene sequences and maps Imaging informatics-tissues and organs, such as radiology imaging systems Clinical informatics-clinicians and patients, including applications of nursing, dentistry, and other clinical specialties Public health informatics-populations, such as disease surveillance systems *Adapted from Kukafka et al. <ref target=\"#b5\" type=\"bibr\">6</ref> support applications within the EMR. A variety of approaches, including reminders that increase adherence with ordering preventive measures, hospital admission order sets and display of costs, and interventions to detect medication prescribing errors, has been found beneficial. <ref target=\"#b27\" type=\"bibr\">[28]</ref><ref target=\"#b28\" type=\"bibr\">[29]</ref><ref target=\"#b29\" type=\"bibr\">[30]</ref> Additional work has demonstrated the value of clinical practice guidelines to standardize care. <ref target=\"#b30\" type=\"bibr\">31</ref> One interesting finding of decision support systems applications is that their benefits do not appear to be educational (ie, they do not result in clinicians learning how to provide better care). This is illustrated by the fact that when decision support systems applications are removed, the adherence to specific recommendations returns to the presystem baseline. <ref target=\"#b31\" type=\"bibr\">32</ref> Decision support systems provide timely reminders for busy clinicians.</p></section>\n<section><header>Core Themes</header>\n<p>There are a number of core themes that underlie medical informatics, not limited to clinical informatics: standards, terminology, usability, and demonstrated value. As most applications in medical informatics interact with others in a federation of different systems, standards are essential to facilitate integration of data, especially across systems from different vendors. <ref target=\"#b32\" type=\"bibr\">33</ref> One area in which standards are particularly important is terminology. <ref target=\"#b33\" type=\"bibr\">34</ref> While most individuals know that an upper respiratory tract infection, a cold, and a viral syndrome are similar, computers do not inherently know this. If the benefits of data aggregation are to be achieved (eg, comparing patient outcomes and resource utilization across practices, institutions, and regions), then standard terminology is essential. Standardizing the structure of clinical documents will also make aggregation and movement of data across systems easier. <ref target=\"#b34\" type=\"bibr\">35</ref> Another core theme in medical informatics is usability. Systems must be integrated into the clinical workflow and demonstrate other benefits when they require more time or effort on the part of the user. One example of research fo-cused on usability found that a CPOE system that allowed physicians to type in orders in free text and mapped them to known order sets was faster and more acceptable than a standard system based on a point-and-click interface. <ref target=\"#b35\" type=\"bibr\">36</ref> Related to usability is the need to demonstrate value. One study of CPOE demonstrated that use of guidelines and dose selection menus resulted in significantly increased adherence to prescribing regimens known to optimize patient safety and reduce cost. <ref target=\"#b36\" type=\"bibr\">37</ref> </p></section>\n<section><header>Future Directions</header>\n<p>Although considerable challenges remain, the impact of medical informatics will certainly grow. The imperatives of improving documentation, reducing error, and empowering patients will continue to motivate use of information technology in health care. There is plenty of evidence that clinical informatics applications can address these imperatives to enhance patient outcomes, reduce costs, and provide access to knowledge. Evidence alone will not be enough to ensure their widespread adoption. For example, one concern is that most of the studies documenting the effectiveness of decision support have been carried out in academic medical centers with institution-specific EMRs and may not be generalizable. Another concern is that while the correction of a small number of clinical anomalies (eg, improper drug doses) is feasible, the increase of this process might lead to cognitive overload of the clinician. It is also too early to know the true cost of widespread use of these applications. <ref target=\"#b37\" type=\"bibr\">38</ref> The optimal use of clinical informatics applications will require some reengineering of the health care system. It will be crucial for the medical informatics field to account for the needs and concerns of all parties who participate in the process: patients, clinicians, payers, and governments. Clinicians will have to accept some impact on their practices, particularly as the individual physician becomes more accountable to document increasingly ex-pensive care and demonstrate avoidance of error. They will have to accept CPOE, because this is the only place to effectively apply decision support. Society as a whole will need to determine who will pay the costs of EMRs and CPOE, because even if they save money in the long term, the up-front investment will be substantial. The key challenge across all applications will be adherence to the basic goals of the science of medical informatics: developing systems that are easy to use and provide demonstrable benefit.</p>\n<p>Funding/Support: Dr Hersh's work is supported by grants and contracts from the National Library of Medicine and the Agency for Healthcare Research and Quality.</p></section></content>",
    "ctr": 0.1,
    "custom_score": 1.0,
    "id": {
        "dois": [
            "10.1001/jama.288.16.1955"
        ],
        "pubmed_id": 12387634
    },
    "issued_at": 1035241200,
    "languages": [
        "en"
    ],
    "links": [
        {
            "cid": "bafkr4idqgztkc2a7pzxlgdstspo3dankwafykhutqhqvx26nqkjgwxnfm4",
            "extension": "pdf",
            "filesize": 73376,
            "md5": "270892ef9788ecd1a86bd9dfc587e48b",
            "type": "primary"
        }
    ],
    "metadata": {
        "container_title": "JAMA",
        "first_page": 1955,
        "issns": [
            "0098-7484"
        ],
        "issue": "16",
        "last_page": 1958,
        "volume": "288"
    },
    "page_rank": 0.3955795,
    "referenced_by_count": 95,
    "tags": [
        "Decision Support Systems, Clinical",
        "Information Storage and Retrieval",
        "Medical Informatics",
        "Medical Records Systems, Computerized",
        "Quality Assurance, Health Care"
    ],
    "title": "Medical Informatics: Improving Health Care Through Information",
    "type": "journal-article",
    "updated_at": 1695763373
}