{
    "authors": [
        {
            "family": "Brandt",
            "given": "Eric J."
        },
        {
            "family": "Myerson",
            "given": "Rebecca"
        },
        {
            "family": "Perraillon",
            "given": "Marcelo Coca"
        },
        {
            "family": "Polonsky",
            "given": "Tamar S."
        }
    ],
    "ctr": 0.1,
    "custom_score": 1.0,
    "id": {
        "dois": [
            "10.1001/jamacardio.2017.0491"
        ]
    },
    "issued_at": 1496275200,
    "languages": [
        "en"
    ],
    "metadata": {
        "container_title": "JAMA Cardiology",
        "first_page": 627,
        "issns": [
            "2380-6583"
        ],
        "issue": "6",
        "volume": "2"
    },
    "page_rank": 0.1835487,
    "referenced_by_count": 58,
    "tags": [
        "Cardiology and Cardiovascular Medicine"
    ],
    "title": "Hospital Admissions for Myocardial Infarction and Stroke Before and After the Trans-Fatty Acid Restrictions in New York",
    "type": "journal-article",
    "updated_at": 1693673252
}