{
    "authors": [
        {
            "family": "Christakis",
            "given": "Nicholas A."
        },
        {
            "family": "Iwashyna",
            "given": "Theodore J."
        }
    ],
    "ctr": 0.1,
    "custom_score": 1.0,
    "id": {
        "dois": [
            "10.1001/archinte.158.21.2389"
        ]
    },
    "issued_at": 911779200,
    "languages": [
        "en"
    ],
    "metadata": {
        "container_title": "Archives of Internal Medicine",
        "first_page": 2389,
        "issns": [
            "0003-9926"
        ],
        "issue": "21",
        "volume": "158"
    },
    "page_rank": 0.4067761,
    "referenced_by_count": 298,
    "tags": [
        "Internal Medicine"
    ],
    "title": "Attitude and Self-reported Practice Regarding Prognostication in a National Sample of Internists",
    "type": "journal-article",
    "updated_at": 1693698824
}