{
    "abstract": "<abstract><section><header>Context:</header><p>Hypertension is a leading cause of end-stage renal disease (esrd) in the united states, with no known treatment to prevent progressive declines leading to esrd.<p></section><section><header>Objective:</header><p>To compare the effects of 2 levels of blood pressure (bp) control and 3 antihypertensive drug classes on glomerular filtration rate (gfr) decline in hypertension.<p></section><section><header>Design:</header><p>Randomized 3 x 2 factorial trial with enrollment from february 1995 to september 1998.<p></section><section><header>Setting and participants:</header><p>A total of 1094 african americans aged 18 to 70 years with hypertensive renal disease (gfr, 20-65 ml/min per 1.73 m(2)) were recruited from 21 clinical centers throughout the united states and followed up for 3 to 6.4 years.<p></section><section><header>Interventions:</header><p>Participants were randomly assigned to 1 of 2 mean arterial pressure goals, 102 to 107 mm hg (usual; n = 554) or 92 mm hg or less (lower; n = 540), and to initial treatment with either a beta-blocker (metoprolol 50-200 mg/d; n = 441), an angiotensin-converting enzyme inhibitor (ramipril 2.5-10 mg/d; n = 436) or a dihydropyridine calcium channel blocker, (amlodipine 5-10 mg/d; n = 217). open-label agents were added to achieve the assigned bp goals.<p></section><section><header>Main outcome measures:</header><p>Rate of change in gfr (gfr slope); clinical composite outcome of reduction in gfr by 50% or more (or > or =25 ml/min per 1.73 m2) from baseline, esrd, or death. three primary treatment comparisons were specified: lower vs usual bp goal; ramipril vs metoprolol; and amlodipine vs metoprolol.<p></section><section><header>Results:</header><p>Achieved bp averaged (sd) 128/78 (12/8) mm hg in the lower bp group and 141/85 (12/7) mm hg in the usual bp group. the mean (se) gfr slope from baseline through 4 years did not differ significantly between the lower bp group (-2.21 [0.17] ml/min per 1.73 m2 per year) and the usual bp group (-1.95 [0.17] ml/min per 1.73 m2 per year; p =.24), and the lower bp goal did not significantly reduce the rate of the clinical composite outcome (risk reduction for lower bp group = 2%; 95% confidence interval [ci], -22% to 21%; p =.85). none of the drug group comparisons showed consistent significant differences in the gfr slope. however, compared with the metoprolol and amlodipine groups, the ramipril group manifested risk reductions in the clinical composite outcome of 22% (95% ci, 1%-38%; p =.04) and 38% (95% ci, 14%-56%; p =.004), respectively. there was no significant difference in the clinical composite outcome between the amlodipine and metoprolol groups.<p></section><section><header>Conclusions:</header><p>No additional benefit of slowing progression of hypertensive nephrosclerosis was observed with the lower bp goal. angiotensin-converting enzyme inhibitors appear to be more effective than beta-blockers or dihydropyridine calcium channel blockers in slowing gfr decline.<p></section></abstract>",
    "authors": [
        {
            "family": "Wright, Jr",
            "given": "Jackson T.",
            "sequence": "first"
        }
    ],
    "ctr": 0.1,
    "custom_score": 1.0,
    "id": {
        "dois": [
            "10.1001/jama.288.19.2421"
        ],
        "pubmed_id": 12435255
    },
    "issued_at": 1037833200,
    "languages": [
        "en"
    ],
    "metadata": {
        "container_title": "JAMA",
        "first_page": 2421,
        "issns": [
            "0098-7484"
        ],
        "issue": "19",
        "last_page": 2431,
        "publisher": "American Medical Association (AMA)",
        "volume": "288"
    },
    "page_rank": 0.16404615,
    "referenced_by_count": 1461,
    "tags": [
        "Adrenergic beta-Antagonists",
        "Adult",
        "Black or African American",
        "Aged",
        "Amlodipine",
        "Angiotensin-Converting Enzyme Inhibitors",
        "Antihypertensive Agents",
        "Blood Pressure",
        "Calcium Channel Blockers",
        "Disease Progression",
        "Female",
        "Glomerular Filtration Rate",
        "Humans",
        "Hypertension",
        "Kidney Failure, Chronic",
        "Male",
        "Metoprolol",
        "Middle Aged",
        "Proportional Hazards Models",
        "Proteinuria",
        "Ramipril"
    ],
    "title": "Effect of Blood Pressure Lowering and Antihypertensive Drug Class on Progression of Hypertensive Kidney Disease<SUBTITLE>Results From the AASK Trial</SUBTITLE>",
    "type": "journal-article",
    "updated_at": 1695773695
}