{
    "authors": [
        {
            "family": "Lo-Ciganic",
            "given": "Wei-Hsuan"
        },
        {
            "family": "Huang",
            "given": "James L."
        },
        {
            "family": "Zhang",
            "given": "Hao H."
        },
        {
            "family": "Weiss",
            "given": "Jeremy C."
        },
        {
            "family": "Wu",
            "given": "Yonghui"
        },
        {
            "family": "Kwoh",
            "given": "C. Kent"
        },
        {
            "family": "Donohue",
            "given": "Julie M."
        },
        {
            "family": "Cochran",
            "given": "Gerald"
        },
        {
            "family": "Gordon",
            "given": "Adam J."
        },
        {
            "family": "Malone",
            "given": "Daniel C."
        },
        {
            "family": "Kuza",
            "given": "Courtney C."
        },
        {
            "family": "Gellad",
            "given": "Walid F."
        }
    ],
    "ctr": 0.1,
    "custom_score": 1.0,
    "id": {
        "dois": [
            "10.1001/jamanetworkopen.2019.0968"
        ]
    },
    "issued_at": 1553212800,
    "languages": [
        "en"
    ],
    "metadata": {
        "container_title": "JAMA Network Open",
        "first_page": 190968,
        "issns": [
            "2574-3805"
        ],
        "issue": "3",
        "volume": "2"
    },
    "page_rank": 0.23429102,
    "referenced_by_count": 116,
    "references": [
        {
            "doi": "10.2307/2531595",
            "type": "reference"
        },
        {
            "doi": "10.1136/bmj.h5527",
            "type": "reference"
        },
        {
            "doi": "10.1097/00005650-199801000-00004",
            "type": "reference"
        },
        {
            "doi": "10.1097/mlr.0b013e31825f64d0",
            "type": "reference"
        },
        {
            "doi": "10.15585/mmwr.mm655051e1",
            "type": "reference"
        },
        {
            "doi": "10.15585/mmwr.mm6712a1",
            "type": "reference"
        },
        {
            "doi": "10.1097/mlr.0000000000000625",
            "type": "reference"
        },
        {
            "doi": "10.1371/journal.pone.0118432",
            "type": "reference"
        },
        {
            "doi": "10.7326/m14-0697",
            "type": "reference"
        },
        {
            "doi": "10.1001/jama.2008.802",
            "type": "reference"
        },
        {
            "doi": "10.1001/jama.2011.370",
            "type": "reference"
        },
        {
            "doi": "10.1371/journal.pone.0054496",
            "type": "reference"
        },
        {
            "doi": "10.7326/0003-4819-152-2-201001190-00006",
            "type": "reference"
        },
        {
            "doi": "10.1371/journal.pone.0155705",
            "type": "reference"
        },
        {
            "doi": "10.1186/s13054-015-0999-1",
            "type": "reference"
        },
        {
            "doi": "10.1001/jama.2011.401",
            "type": "reference"
        },
        {
            "doi": "10.1056/nejmoa002868",
            "type": "reference"
        },
        {
            "doi": "10.2214/ajr.11.7146",
            "type": "reference"
        },
        {
            "doi": "10.1016/j.drugalcdep.2007.09.018",
            "type": "reference"
        },
        {
            "doi": "10.1111/j.1526-4637.2005.00072.x",
            "type": "reference"
        },
        {
            "doi": "10.1001/jamainternmed.2013.12711",
            "type": "reference"
        },
        {
            "doi": "10.1016/j.jpainsymman.2010.01.012",
            "type": "reference"
        },
        {
            "doi": "10.1001/jamainternmed.2015.0914",
            "type": "reference"
        },
        {
            "doi": "10.1111/j.1526-4637.2011.01134.x",
            "type": "reference"
        },
        {
            "doi": "10.1186/1472-6963-6-46",
            "type": "reference"
        },
        {
            "doi": "10.1161/circoutcomes.110.939371",
            "type": "reference"
        },
        {
            "doi": "10.7326/m17-3065",
            "type": "reference"
        },
        {
            "doi": "10.1097/ajp.0b013e3181b99f35",
            "type": "reference"
        },
        {
            "doi": "10.1097/mlr.0b013e318293c2c0",
            "type": "reference"
        },
        {
            "doi": "10.1111/j.1526-4637.2012.01450.x",
            "type": "reference"
        },
        {
            "doi": "10.1007/s11606-018-4532-5",
            "type": "reference"
        },
        {
            "doi": "10.1097/mlr.0b013e31824ebd81",
            "type": "reference"
        },
        {
            "doi": "10.1353/hpu.2015.0009",
            "type": "reference"
        },
        {
            "doi": "10.1093/pm/pnx009",
            "type": "reference"
        },
        {
            "doi": "10.1002/(issn)1521-4036",
            "type": "reference"
        },
        {
            "doi": "10.1002/9780470979174",
            "type": "reference"
        },
        {
            "doi": "10.2165/11596600-000000000-00000",
            "type": "reference"
        },
        {
            "doi": "10.1097/mlr.0000000000000384",
            "type": "reference"
        },
        {
            "doi": "10.1177/0897190013515001",
            "type": "reference"
        },
        {
            "doi": "10.1016/j.pain.2010.05.020",
            "type": "reference"
        },
        {
            "doi": "10.1007/s11606-017-4288-3",
            "type": "reference"
        },
        {
            "doi": "10.1111/pme.12777",
            "type": "reference"
        },
        {
            "doi": "10.1097/mlr.0000000000000676",
            "type": "reference"
        },
        {
            "doi": "10.1016/j.jpain.2015.01.475",
            "type": "reference"
        },
        {
            "doi": "10.1016/j.jpain.2015.01.011",
            "type": "reference"
        },
        {
            "doi": "10.1093/jamia/ocw057",
            "type": "reference"
        },
        {
            "doi": "10.1037/ser0000099",
            "type": "reference"
        },
        {
            "doi": "10.1097/01.j.pain.0000460314.73358.ff",
            "type": "reference"
        },
        {
            "doi": "10.1016/j.artmed.2007.10.003",
            "type": "reference"
        },
        {
            "doi": "10.3402/jchimp.v2i1.9915",
            "type": "reference"
        },
        {
            "doi": "10.1161/circoutcomes.110.959023",
            "type": "reference"
        },
        {
            "doi": "10.1097/jto.0b013e31822918bd",
            "type": "reference"
        },
        {
            "doi": "10.1097/mlr.0000000000000405",
            "type": "reference"
        },
        {
            "doi": "10.1002/jhm.v9.2",
            "type": "reference"
        },
        {
            "doi": "10.2105/ajph.2016.303404",
            "type": "reference"
        },
        {
            "doi": "10.1097/adm.0000000000000164",
            "type": "reference"
        }
    ],
    "tags": [
        "General Medicine"
    ],
    "title": "Evaluation of Machine-Learning Algorithms for Predicting Opioid Overdose Risk Among Medicare Beneficiaries With Opioid Prescriptions",
    "type": "journal-article",
    "updated_at": 1693668104
}