{
    "authors": [
        {
            "family": "Kroth",
            "given": "Philip J."
        },
        {
            "family": "Morioka-Douglas",
            "given": "Nancy"
        },
        {
            "family": "Veres",
            "given": "Sharry"
        },
        {
            "family": "Babbott",
            "given": "Stewart"
        },
        {
            "family": "Poplau",
            "given": "Sara"
        },
        {
            "family": "Qeadan",
            "given": "Fares"
        },
        {
            "family": "Parshall",
            "given": "Carolyn"
        },
        {
            "family": "Corrigan",
            "given": "Kathryne"
        },
        {
            "family": "Linzer",
            "given": "Mark"
        }
    ],
    "ctr": 0.1,
    "custom_score": 1.0,
    "id": {
        "dois": [
            "10.1001/jamanetworkopen.2019.9609"
        ]
    },
    "issued_at": 1565913600,
    "languages": [
        "en"
    ],
    "metadata": {
        "container_title": "JAMA Network Open",
        "first_page": 199609,
        "issns": [
            "2574-3805"
        ],
        "issue": "8",
        "volume": "2"
    },
    "page_rank": 0.23969273,
    "referenced_by_count": 158,
    "references": [
        {
            "doi": "10.1097/00005650-199911000-00006",
            "type": "reference"
        },
        {
            "doi": "10.7326/0003-4819-151-1-200907070-00006",
            "type": "reference"
        },
        {
            "doi": "10.2753/mis0742-1222240109",
            "type": "reference"
        },
        {
            "doi": "10.1016/j.mayocp.2016.05.007",
            "type": "reference"
        },
        {
            "doi": "10.7326/m18-0139",
            "type": "reference"
        },
        {
            "doi": "10.1007/s11606-018-4507-6",
            "type": "reference"
        },
        {
            "doi": "10.1037/0021-9010.71.4.618",
            "type": "reference"
        },
        {
            "doi": "10.1007/s11606-015-3235-4",
            "type": "reference"
        },
        {
            "doi": "10.1370/afm.2122",
            "type": "reference"
        },
        {
            "doi": "10.1093/jamiaopen/ooy016",
            "type": "reference"
        },
        {
            "doi": "10.1007/s10111-010-0141-8",
            "type": "reference"
        },
        {
            "doi": "10.1056/nejm199812033392312",
            "type": "reference"
        },
        {
            "doi": "10.1001/jama.2018.11703",
            "type": "reference"
        },
        {
            "doi": "10.3122/jabfm.2011.06.100255",
            "type": "reference"
        },
        {
            "doi": "10.7326/m13-2589",
            "type": "reference"
        },
        {
            "doi": "10.1007/s11606-016-3856-2",
            "type": "reference"
        },
        {
            "doi": "10.1136/amiajnl-2013-001875",
            "type": "reference"
        },
        {
            "doi": "10.1177/0018720815576827",
            "type": "reference"
        },
        {
            "doi": "10.1007/s11606-015-3582-1",
            "type": "reference"
        },
        {
            "doi": "10.1097/acm.0000000000001890",
            "type": "reference"
        },
        {
            "doi": "10.1002/(issn)1532-2998",
            "type": "reference"
        },
        {
            "doi": "10.1056/nejm199907293410511",
            "type": "reference"
        },
        {
            "doi": "10.1001/jamainternmed.2018.0575",
            "type": "reference"
        },
        {
            "doi": "10.1186/1471-244x-10-3",
            "type": "reference"
        },
        {
            "doi": "10.1097/jhq.0000000000000016",
            "type": "reference"
        },
        {
            "doi": "10.1056/nejmp1810688",
            "type": "reference"
        },
        {
            "doi": "10.3122/jabfm.2017.06.170155",
            "type": "reference"
        }
    ],
    "tags": [
        "General Medicine"
    ],
    "title": "Association of Electronic Health Record Design and Use Factors With Clinician Stress and Burnout",
    "type": "journal-article",
    "updated_at": 1693667000
}