{
    "authors": [
        {
            "family": "Meyer",
            "given": "Ashley N. D."
        },
        {
            "family": "Payne",
            "given": "Velma L."
        },
        {
            "family": "Meeks",
            "given": "Derek W."
        },
        {
            "family": "Rao",
            "given": "Radha"
        },
        {
            "family": "Singh",
            "given": "Hardeep"
        }
    ],
    "ctr": 0.1,
    "custom_score": 1.0,
    "id": {
        "dois": [
            "10.1001/jamainternmed.2013.10081"
        ]
    },
    "issued_at": 1385337600,
    "languages": [
        "en"
    ],
    "metadata": {
        "container_title": "JAMA Internal Medicine",
        "first_page": 1952,
        "issns": [
            "2168-6106"
        ],
        "issue": "21",
        "volume": "173"
    },
    "page_rank": 0.17596737,
    "referenced_by_count": 153,
    "tags": [
        "Internal Medicine"
    ],
    "title": "Physicians’ Diagnostic Accuracy, Confidence, and Resource Requests: A Vignette Study",
    "type": "journal-article",
    "updated_at": 1693681508
}