{
    "authors": [
        {
            "family": "Thanassoulis",
            "given": "George"
        },
        {
            "family": "Pencina",
            "given": "Michael J."
        },
        {
            "family": "Sniderman",
            "given": "Allan D."
        }
    ],
    "ctr": 0.1,
    "custom_score": 1.0,
    "id": {
        "dois": [
            "10.1001/jamacardio.2017.2543"
        ]
    },
    "issued_at": 1509494400,
    "languages": [
        "en"
    ],
    "metadata": {
        "container_title": "JAMA Cardiology",
        "first_page": 1175,
        "issns": [
            "2380-6583"
        ],
        "issue": "11",
        "volume": "2"
    },
    "page_rank": 0.18758494,
    "referenced_by_count": 14,
    "tags": [
        "Cardiology and Cardiovascular Medicine"
    ],
    "title": "The Benefit Model for Prevention of Cardiovascular Disease: An Opportunity to Harmonize Guidelines",
    "type": "journal-article",
    "updated_at": 1693672278
}