{
    "authors": [
        {
            "family": "Hinton",
            "given": "Geoffrey"
        }
    ],
    "ctr": 0.1,
    "custom_score": 1.0,
    "id": {
        "dois": [
            "10.1001/jama.2018.11100"
        ]
    },
    "issued_at": 1537228800,
    "languages": [
        "en"
    ],
    "metadata": {
        "container_title": "JAMA",
        "first_page": 1101,
        "issns": [
            "0098-7484"
        ],
        "issue": "11",
        "volume": "320"
    },
    "page_rank": 0.21673971,
    "referenced_by_count": 374,
    "references": [
        {
            "doi": "10.1038/nature14539",
            "type": "reference"
        },
        {
            "doi": "10.1038/323533a0",
            "type": "reference"
        },
        {
            "doi": "10.1038/s41746-018-0029-1",
            "type": "reference"
        },
        {
            "doi": "10.1038/nature21056",
            "type": "reference"
        },
        {
            "doi": "10.1038/s41551-018-0195-0",
            "type": "reference"
        }
    ],
    "tags": [
        "General Medicine"
    ],
    "title": "Deep Learning—A Technology With the Potential to Transform Health Care",
    "type": "journal-article",
    "updated_at": 1693669838
}