{
    "authors": [
        {
            "family": "Yanovski",
            "given": "Susan Z."
        },
        {
            "family": "Yanovski",
            "given": "Jack A."
        }
    ],
    "ctr": 0.1,
    "custom_score": 1.0,
    "id": {
        "dois": [
            "10.1001/jama.2013.281361"
        ]
    },
    "issued_at": 1388534400,
    "languages": [
        "en"
    ],
    "metadata": {
        "container_title": "JAMA",
        "first_page": 74,
        "issns": [
            "0098-7484"
        ],
        "issue": "1",
        "volume": "311"
    },
    "page_rank": 0.22754768,
    "referenced_by_count": 582,
    "tags": [
        "General Medicine"
    ],
    "title": "Long-term Drug Treatment for Obesity: A Systematic and Clinical Review",
    "type": "journal-article",
    "updated_at": 1693681285
}