{
    "authors": [
        {
            "family": "Muntner",
            "given": "Paul",
            "sequence": "first"
        },
        {
            "family": "Hardy",
            "given": "Shakia T.",
            "sequence": "additional"
        },
        {
            "family": "Fine",
            "given": "Lawrence J.",
            "sequence": "additional"
        },
        {
            "family": "Jaeger",
            "given": "Byron C.",
            "sequence": "additional"
        },
        {
            "family": "Wozniak",
            "given": "Gregory",
            "sequence": "additional"
        },
        {
            "family": "Levitan",
            "given": "Emily B.",
            "sequence": "additional"
        },
        {
            "family": "Colantonio",
            "given": "Lisandro D.",
            "sequence": "additional"
        }
    ],
    "ctr": 0.1,
    "custom_score": 1.0,
    "id": {
        "dois": [
            "10.1001/jama.2020.14545"
        ]
    },
    "issued_at": 1600732800,
    "languages": [
        "en"
    ],
    "metadata": {
        "container_title": "JAMA",
        "first_page": 1190,
        "issns": [
            "0098-7484"
        ],
        "issue": "12",
        "publisher": "American Medical Association (AMA)",
        "volume": "324"
    },
    "page_rank": 0.23884985,
    "referenced_by_count": 390,
    "references": [
        {
            "doi": "10.1001/jamacardio.2019.3773",
            "type": "reference"
        },
        {
            "doi": "10.1001/jama.2016.13614",
            "type": "reference"
        },
        {
            "doi": "10.1016/s0140-6736(02)11911-8",
            "type": "reference"
        },
        {
            "doi": "10.1001/jamacardio.2017.1421",
            "type": "reference"
        },
        {
            "doi": "10.1016/s0140-6736(15)01225-8",
            "type": "reference"
        },
        {
            "doi": "10.1001/jama.2010.650",
            "type": "reference"
        },
        {
            "doi": "10.1016/j.jacc.2012.04.026",
            "type": "reference"
        },
        {
            "doi": "10.1146/annurev-publhealth-031914-122949",
            "type": "reference"
        },
        {
            "doi": "10.1016/j.jacc.2017.10.073",
            "type": "reference"
        },
        {
            "doi": "10.1001/jama.289.19.2560",
            "type": "reference"
        },
        {
            "doi": "10.1002/(issn)1097-0258",
            "type": "reference"
        },
        {
            "doi": "10.1016/j.jacc.2017.11.006",
            "type": "reference"
        },
        {
            "doi": "10.1093/ajh/hpt298",
            "type": "reference"
        },
        {
            "doi": "10.1111/jch.2012.14.issue-5",
            "type": "reference"
        },
        {
            "doi": "10.1001/jama.2013.284427",
            "type": "reference"
        },
        {
            "doi": "10.7326/m13-2981",
            "type": "reference"
        },
        {
            "doi": "10.1001/archinte.165.18.2098",
            "type": "reference"
        },
        {
            "doi": "10.1161/01.hyp.26.1.60",
            "type": "reference"
        },
        {
            "doi": "10.1016/j.jacc.2013.11.007",
            "type": "reference"
        },
        {
            "doi": "10.1001/jama.2013.108769",
            "type": "reference"
        },
        {
            "doi": "10.1161/circoutcomes.117.004386",
            "type": "reference"
        },
        {
            "doi": "10.1161/circoutcomes.118.005624",
            "type": "reference"
        },
        {
            "doi": "10.1161/hypertensionaha.118.11558",
            "type": "reference"
        },
        {
            "doi": "10.7326/m15-2223",
            "type": "reference"
        },
        {
            "doi": "10.1161/circulationaha.108.816694",
            "type": "reference"
        },
        {
            "doi": "10.2105/ajph.2014.302148",
            "type": "reference"
        },
        {
            "doi": "10.1016/j.amepre.2017.07.013",
            "type": "reference"
        },
        {
            "doi": "10.1097/mlr.0000000000000726",
            "type": "reference"
        },
        {
            "doi": "10.1161/hypertensionaha.118.12495",
            "type": "reference"
        },
        {
            "doi": "10.1161/hypertensionaha.116.07720",
            "type": "reference"
        },
        {
            "doi": "10.1001/jama.2020.6775",
            "type": "reference"
        },
        {
            "doi": "10.15585/mmwr.mm6925e1",
            "type": "reference"
        },
        {
            "doi": "10.1001/jama.2020.6548",
            "type": "reference"
        },
        {
            "doi": "10.1161/hyp.0000000000000087",
            "type": "reference"
        }
    ],
    "tags": [
        "General Medicine"
    ],
    "title": "Trends in Blood Pressure Control Among US Adults With Hypertension, 1999-2000 to 2017-2018",
    "type": "journal-article",
    "updated_at": 1693663015
}