{
    "authors": [
        {
            "family": "Murray",
            "given": "Elizabeth",
            "sequence": "first"
        },
        {
            "family": "Lo",
            "given": "Bernard",
            "sequence": "additional"
        },
        {
            "family": "Pollack",
            "given": "Lance",
            "sequence": "additional"
        },
        {
            "family": "Donelan",
            "given": "Karen",
            "sequence": "additional"
        },
        {
            "family": "Catania",
            "given": "Joe",
            "sequence": "additional"
        },
        {
            "family": "White",
            "given": "Martha",
            "sequence": "additional"
        },
        {
            "family": "Zapert",
            "given": "Kinga",
            "sequence": "additional"
        },
        {
            "family": "Turner",
            "given": "Rachel",
            "sequence": "additional"
        }
    ],
    "ctr": 0.1,
    "custom_score": 1.0,
    "id": {
        "dois": [
            "10.1001/archinte.163.14.1727"
        ]
    },
    "issued_at": 1059350400,
    "languages": [
        "en"
    ],
    "links": [
        {
            "cid": "bafkr4igxai47jlkphgng5nzvtsg6d74tweenyvafhiwkcfrxz3sqrl7mou",
            "extension": "pdf",
            "type": "primary"
        }
    ],
    "metadata": {
        "container_title": "Archives of Internal Medicine",
        "first_page": 1727,
        "issns": [
            "0003-9926"
        ],
        "issue": "14",
        "publisher": "American Medical Association (AMA)",
        "volume": "163"
    },
    "page_rank": 0.71637034,
    "referenced_by_count": 297,
    "tags": [
        "Internal Medicine"
    ],
    "title": "The Impact of Health Information on the Internet on the Physician-Patient Relationship: Patient Perceptions",
    "type": "journal-article",
    "updated_at": 1694816724
}