{
    "authors": [
        {
            "family": "Sample",
            "given": "Pamela A."
        }
    ],
    "ctr": 0.1,
    "custom_score": 1.0,
    "id": {
        "dois": [
            "10.1001/archophthalmol.2009.187"
        ]
    },
    "issued_at": 1252886400,
    "languages": [
        "en"
    ],
    "metadata": {
        "container_title": "Archives of Ophthalmology",
        "first_page": 1136,
        "issns": [
            "0003-9950"
        ],
        "issue": "9",
        "publisher": "American Medical Association (AMA)",
        "volume": "127"
    },
    "page_rank": 0.19996515,
    "referenced_by_count": 210,
    "tags": [
        "Ophthalmology"
    ],
    "title": "The African Descent and Glaucoma Evaluation Study (ADAGES): Design and Baseline Data",
    "type": "journal-article",
    "updated_at": 1695334212
}