{
    "authors": [
        {
            "family": "Zimlichman",
            "given": "Eyal"
        },
        {
            "family": "Henderson",
            "given": "Daniel"
        },
        {
            "family": "Tamir",
            "given": "Orly"
        },
        {
            "family": "Franz",
            "given": "Calvin"
        },
        {
            "family": "Song",
            "given": "Peter"
        },
        {
            "family": "Yamin",
            "given": "Cyrus K."
        },
        {
            "family": "Keohane",
            "given": "Carol"
        },
        {
            "family": "Denham",
            "given": "Charles R."
        },
        {
            "family": "Bates",
            "given": "David W."
        }
    ],
    "ctr": 0.1,
    "custom_score": 1.0,
    "id": {
        "dois": [
            "10.1001/jamainternmed.2013.9763"
        ]
    },
    "issued_at": 1386547200,
    "languages": [
        "en"
    ],
    "links": [
        {
            "cid": "bafkr4icokvzgclcjfi63ezzqyukpmqa4djctr5ytqfzhdxrs4uhigluyky",
            "extension": "pdf",
            "type": "primary"
        }
    ],
    "metadata": {
        "container_title": "JAMA Internal Medicine",
        "first_page": 2039,
        "issns": [
            "2168-6106"
        ],
        "issue": "22",
        "volume": "173"
    },
    "page_rank": 0.27677646,
    "referenced_by_count": 1133,
    "tags": [
        "Internal Medicine"
    ],
    "title": "Health Care–Associated Infections: A Meta-analysis of Costs and Financial Impact on the US Health Care System",
    "type": "journal-article",
    "updated_at": 1693681420
}