{
    "authors": [
        {
            "family": "Pandya",
            "given": "Ankur"
        },
        {
            "family": "Sy",
            "given": "Stephen"
        },
        {
            "family": "Cho",
            "given": "Sylvia"
        },
        {
            "family": "Weinstein",
            "given": "Milton C."
        },
        {
            "family": "Gaziano",
            "given": "Thomas A."
        }
    ],
    "ctr": 0.1,
    "custom_score": 1.0,
    "id": {
        "dois": [
            "10.1001/jama.2015.6822"
        ]
    },
    "issued_at": 1436832000,
    "languages": [
        "en"
    ],
    "metadata": {
        "container_title": "JAMA",
        "first_page": 142,
        "issns": [
            "0098-7484"
        ],
        "issue": "2",
        "volume": "314"
    },
    "page_rank": 0.32659668,
    "referenced_by_count": 165,
    "tags": [
        "General Medicine"
    ],
    "title": "Cost-effectiveness of 10-Year Risk Thresholds for Initiation of Statin Therapy for Primary Prevention of Cardiovascular Disease",
    "type": "journal-article",
    "updated_at": 1693677864
}