{
    "authors": [
        {
            "family": "Wang",
            "given": "Sophia Y."
        },
        {
            "family": "Andrews",
            "given": "Chris A."
        },
        {
            "family": "Gardner",
            "given": "Thomas W."
        },
        {
            "family": "Wood",
            "given": "Michael"
        },
        {
            "family": "Singer",
            "given": "Kanakadurga"
        },
        {
            "family": "Stein",
            "given": "Joshua D."
        }
    ],
    "ctr": 0.1,
    "custom_score": 1.0,
    "id": {
        "dois": [
            "10.1001/jamaophthalmol.2017.0089"
        ]
    },
    "issued_at": 1493596800,
    "languages": [
        "en"
    ],
    "metadata": {
        "container_title": "JAMA Ophthalmology",
        "first_page": 432,
        "issns": [
            "2168-6165"
        ],
        "issue": "5",
        "volume": "135"
    },
    "page_rank": 0.17636487,
    "referenced_by_count": 33,
    "tags": [
        "Ophthalmology"
    ],
    "title": "Ophthalmic Screening Patterns Among Youths With Diabetes Enrolled in a Large US Managed Care Network",
    "type": "journal-article",
    "updated_at": 1693673450
}