{
    "authors": [
        {
            "family": "Barnett",
            "given": "G. Octo"
        }
    ],
    "ctr": 0.1,
    "custom_score": 1.0,
    "id": {
        "dois": [
            "10.1001/jama.1987.03400010071030"
        ]
    },
    "issued_at": 552268800,
    "languages": [
        "en"
    ],
    "metadata": {
        "container_title": "JAMA",
        "first_page": 67,
        "issns": [
            "0098-7484"
        ],
        "issue": "1",
        "volume": "258"
    },
    "page_rank": 0.4107922,
    "referenced_by_count": 213,
    "tags": [
        "General Medicine"
    ],
    "title": "DXplain: An Evolving Diagnostic Decision-Support System",
    "type": "journal-article",
    "updated_at": 1693703477
}