{
    "authors": [
        {
            "family": "Rodriguez",
            "given": "Fatima"
        },
        {
            "family": "Maron",
            "given": "David J."
        },
        {
            "family": "Knowles",
            "given": "Joshua W."
        },
        {
            "family": "Virani",
            "given": "Salim S."
        },
        {
            "family": "Lin",
            "given": "Shoutzu"
        },
        {
            "family": "Heidenreich",
            "given": "Paul A."
        }
    ],
    "ctr": 0.1,
    "custom_score": 1.0,
    "id": {
        "dois": [
            "10.1001/jamacardio.2016.4052"
        ]
    },
    "issued_at": 1483228800,
    "languages": [
        "en"
    ],
    "metadata": {
        "container_title": "JAMA Cardiology",
        "first_page": 47,
        "issns": [
            "2380-6583"
        ],
        "issue": "1",
        "volume": "2"
    },
    "page_rank": 0.17228305,
    "referenced_by_count": 105,
    "tags": [
        "Cardiology and Cardiovascular Medicine"
    ],
    "title": "Association Between Intensity of Statin Therapy and Mortality in Patients With Atherosclerotic Cardiovascular Disease",
    "type": "journal-article",
    "updated_at": 1693674272
}