{
    "authors": [
        {
            "family": "Eneanya",
            "given": "Nwamaka Denise"
        },
        {
            "family": "Yang",
            "given": "Wei"
        },
        {
            "family": "Reese",
            "given": "Peter Philip"
        }
    ],
    "ctr": 0.1,
    "custom_score": 1.0,
    "id": {
        "dois": [
            "10.1001/jama.2019.5774"
        ]
    },
    "issued_at": 1562630400,
    "languages": [
        "en"
    ],
    "metadata": {
        "container_title": "JAMA",
        "issns": [
            "0098-7484"
        ],
        "issue": "2",
        "publisher": "American Medical Association (AMA)",
        "volume": "322"
    },
    "page_rank": 0.2944028,
    "referenced_by_count": 242,
    "references": [
        {
            "doi": "10.1001/jama.2018.14438",
            "type": "reference"
        },
        {
            "doi": "10.1152/jappl.1997.83.1.229",
            "type": "reference"
        },
        {
            "doi": "10.1359/jbmr.1997.12.6.967",
            "type": "reference"
        },
        {
            "doi": "10.2215/cjn.00090108",
            "type": "reference"
        },
        {
            "doi": "10.1371/journal.pmed.0040271",
            "type": "reference"
        },
        {
            "doi": "10.1053/j.ajkd.2012.04.012",
            "type": "reference"
        }
    ],
    "tags": [
        "General Medicine"
    ],
    "title": "Reconsidering the Consequences of Using Race to Estimate Kidney Function",
    "type": "journal-article",
    "updated_at": 1693667229
}