{
    "authors": [
        {
            "family": "Galesic",
            "given": "Mirta",
            "sequence": "first"
        }
    ],
    "ctr": 0.1,
    "custom_score": 1.0,
    "id": {
        "dois": [
            "10.1001/archinternmed.2009.481"
        ]
    },
    "issued_at": 1268006400,
    "languages": [
        "en"
    ],
    "metadata": {
        "container_title": "Archives of Internal Medicine",
        "first_page": 462,
        "issns": [
            "0003-9926"
        ],
        "issue": "5",
        "publisher": "American Medical Association (AMA)",
        "volume": "170"
    },
    "page_rank": 0.23146969,
    "referenced_by_count": 156,
    "tags": [
        "Internal Medicine"
    ],
    "title": "Statistical Numeracy for Health: A Cross-cultural Comparison With Probabilistic National Samples",
    "type": "journal-article",
    "updated_at": 1695409156
}