{
    "authors": [
        {
            "family": "Aguilar",
            "given": "Maria"
        },
        {
            "family": "Bhuket",
            "given": "Taft"
        },
        {
            "family": "Torres",
            "given": "Sharon"
        },
        {
            "family": "Liu",
            "given": "Benny"
        },
        {
            "family": "Wong",
            "given": "Robert J."
        }
    ],
    "ctr": 0.1,
    "custom_score": 1.0,
    "id": {
        "dois": [
            "10.1001/jama.2015.4260"
        ]
    },
    "issued_at": 1431993600,
    "languages": [
        "en"
    ],
    "metadata": {
        "container_title": "JAMA",
        "first_page": 1973,
        "issns": [
            "0098-7484"
        ],
        "issue": "19",
        "volume": "313"
    },
    "page_rank": 0.16380213,
    "referenced_by_count": 848,
    "tags": [
        "General Medicine"
    ],
    "title": "Prevalence of the Metabolic Syndrome in the United States, 2003-2012",
    "type": "journal-article",
    "updated_at": 1693678174
}