{
    "authors": [
        {
            "family": "Jemal",
            "given": "Ahmedin"
        },
        {
            "family": "Fedewa",
            "given": "Stacey A."
        }
    ],
    "ctr": 0.1,
    "custom_score": 1.0,
    "id": {
        "dois": [
            "10.1001/jamaoncol.2016.6416"
        ]
    },
    "issued_at": 1504224000,
    "languages": [
        "en"
    ],
    "metadata": {
        "container_title": "JAMA Oncology",
        "first_page": 1278,
        "issns": [
            "2374-2437"
        ],
        "issue": "9",
        "volume": "3"
    },
    "page_rank": 0.26542267,
    "referenced_by_count": 346,
    "tags": [
        "Oncology",
        "Cancer Research"
    ],
    "title": "Lung Cancer Screening With Low-Dose Computed Tomography in the United States—2010 to 2015",
    "type": "journal-article",
    "updated_at": 1693672655
}