{
    "authors": [
        {
            "family": "Friedman",
            "given": "Charles P."
        },
        {
            "family": "Elstein",
            "given": "Arthur S."
        },
        {
            "family": "Wolf",
            "given": "Fredric M."
        },
        {
            "family": "Murphy",
            "given": "Gwendolyn C."
        },
        {
            "family": "Franz",
            "given": "Timothy M."
        },
        {
            "family": "Heckerling",
            "given": "Paul S."
        },
        {
            "family": "Fine",
            "given": "Paul L."
        },
        {
            "family": "Miller",
            "given": "Thomas M."
        },
        {
            "family": "Abraham",
            "given": "Vijoy"
        }
    ],
    "ctr": 0.1,
    "custom_score": 1.0,
    "id": {
        "dois": [
            "10.1001/jama.282.19.1851"
        ]
    },
    "issued_at": 942796800,
    "languages": [
        "en"
    ],
    "metadata": {
        "container_title": "JAMA",
        "first_page": 1851,
        "issns": [
            "0098-7484"
        ],
        "issue": "19",
        "volume": "282"
    },
    "page_rank": 0.19560121,
    "referenced_by_count": 135,
    "tags": [
        "General Medicine"
    ],
    "title": "Enhancement of Clinicians' Diagnostic Reasoning by Computer-Based Consultation: A Multisite Study of 2 Systems",
    "type": "journal-article",
    "updated_at": 1693698177
}