{
    "abstract": "<abstract>Racemic epinephrine has been advocated for the treatment of croup, but controlled studies have not proved it more effective than saline. Twenty patients (aged 4 months to 5 years) hospitalized with acute croup and persistent inspiratory stridor at rest were randomly assigned to one of two treatment groups: saline or racemic epinephrine, both nebulized and delivered by intermittent positive pressure breathing. Clinical scores were significantly improved (P less than .01) at ten and 30 minutes following the treatment with racemic epinephrine but not at 120 minutes. Racemic epinephrine was significantly more effective than saline at 10 (P less than .01) and 30 minutes (P less than .05) but not at 120 minutes after the treatment. We conclude that nebulized racemic epinephrine is effective treatment for the acute signs of croup.</abstract>",
    "authors": [
        {
            "family": "Westley",
            "given": "C. Ross"
        }
    ],
    "ctr": 0.1,
    "custom_score": 1.0,
    "id": {
        "dois": [
            "10.1001/archpedi.1978.02120300044008"
        ],
        "pubmed_id": 347921
    },
    "issued_at": 262825200,
    "languages": [
        "en"
    ],
    "metadata": {
        "container_title": "American Journal of Diseases of Children",
        "first_page": 484,
        "issns": [
            "0002-922X"
        ],
        "issue": "5",
        "last_page": 487,
        "volume": "132"
    },
    "page_rank": 0.2877602,
    "referenced_by_count": 228,
    "tags": [
        "Acute Disease",
        "Aerosols",
        "Child, Preschool",
        "Clinical Trials as Topic",
        "Croup",
        "Double-Blind Method",
        "Epinephrine",
        "Female",
        "Humans",
        "Intermittent Positive-Pressure Breathing",
        "Isomerism",
        "Laryngitis",
        "Male",
        "Positive-Pressure Respiration",
        "Racepinephrine",
        "Sodium Chloride",
        "Time Factors"
    ],
    "title": "Nebulized Racemic Epinephrine by IPPB for the Treatment of Croup: A Double-Blind Study",
    "type": "journal-article",
    "updated_at": 1695882254
}