{
    "authors": [
        {
            "family": "Cannon",
            "given": "Christopher P."
        },
        {
            "family": "Khan",
            "given": "Irfan"
        },
        {
            "family": "Klimchak",
            "given": "Alexa C."
        },
        {
            "family": "Reynolds",
            "given": "Matthew R."
        },
        {
            "family": "Sanchez",
            "given": "Robert J."
        },
        {
            "family": "Sasiela",
            "given": "William J."
        }
    ],
    "ctr": 0.1,
    "custom_score": 1.0,
    "id": {
        "dois": [
            "10.1001/jamacardio.2017.2289"
        ]
    },
    "issued_at": 1504224000,
    "languages": [
        "en"
    ],
    "metadata": {
        "container_title": "JAMA Cardiology",
        "first_page": 959,
        "issns": [
            "2380-6583"
        ],
        "issue": "9",
        "volume": "2"
    },
    "page_rank": 0.17342821,
    "referenced_by_count": 104,
    "tags": [
        "Cardiology and Cardiovascular Medicine"
    ],
    "title": "Simulation of Lipid-Lowering Therapy Intensification in a Population With Atherosclerotic Cardiovascular Disease",
    "type": "journal-article",
    "updated_at": 1693672683
}