{
    "ctr": 0.1,
    "custom_score": 1.0,
    "id": {
        "dois": [
            "10.1001/archopht.122.4.477"
        ]
    },
    "issued_at": 1080777600,
    "languages": [
        "en"
    ],
    "metadata": {
        "container_title": "Archives of Ophthalmology",
        "first_page": 477,
        "issns": [
            "0003-9950"
        ],
        "issue": "4",
        "publisher": "American Medical Association (AMA)",
        "volume": "122"
    },
    "page_rank": 0.4037988,
    "referenced_by_count": 1717,
    "tags": [
        "Ophthalmology"
    ],
    "title": "Causes and Prevalence of Visual Impairment Among Adults in the UnitedStates",
    "type": "journal-article",
    "updated_at": 1694841755
}