{
    "authors": [
        {
            "family": "Adamson",
            "given": "Adewole S."
        },
        {
            "family": "Smith",
            "given": "Avery"
        }
    ],
    "ctr": 0.1,
    "custom_score": 1.0,
    "id": {
        "dois": [
            "10.1001/jamadermatol.2018.2348"
        ]
    },
    "issued_at": 1541030400,
    "languages": [
        "en"
    ],
    "metadata": {
        "container_title": "JAMA Dermatology",
        "issns": [
            "2168-6068"
        ],
        "issue": "11",
        "publisher": "American Medical Association (AMA)",
        "volume": "154"
    },
    "page_rank": 0.18207084,
    "referenced_by_count": 220,
    "references": [
        {
            "doi": "10.1038/nature14539",
            "type": "reference"
        },
        {
            "doi": "10.1038/nature21056",
            "type": "reference"
        },
        {
            "doi": "10.1001/archinte.166.17.1907",
            "type": "reference"
        },
        {
            "doi": "10.1097/md.0000000000003315",
            "type": "reference"
        },
        {
            "doi": "10.1016/j.jaad.2005.10.068",
            "type": "reference"
        }
    ],
    "tags": [
        "Dermatology"
    ],
    "title": "Machine Learning and Health Care Disparities in Dermatology",
    "type": "journal-article",
    "updated_at": 1693669470
}