{
    "authors": [
        {
            "family": "McGinn",
            "given": "Thomas G."
        },
        {
            "family": "McCullagh",
            "given": "Lauren"
        },
        {
            "family": "Kannry",
            "given": "Joseph"
        },
        {
            "family": "Knaus",
            "given": "Megan"
        },
        {
            "family": "Sofianou",
            "given": "Anastasia"
        },
        {
            "family": "Wisnivesky",
            "given": "Juan P."
        },
        {
            "family": "Mann",
            "given": "Devin M."
        }
    ],
    "ctr": 0.1,
    "custom_score": 1.0,
    "id": {
        "dois": [
            "10.1001/jamainternmed.2013.8980"
        ]
    },
    "issued_at": 1379894400,
    "languages": [
        "en"
    ],
    "metadata": {
        "container_title": "JAMA Internal Medicine",
        "first_page": 1584,
        "issns": [
            "2168-6106"
        ],
        "issue": "17",
        "volume": "173"
    },
    "page_rank": 0.21511611,
    "referenced_by_count": 87,
    "tags": [
        "Internal Medicine"
    ],
    "title": "Efficacy of an Evidence-Based Clinical Decision Support in Primary Care Practices: A Randomized Clinical Trial",
    "type": "journal-article",
    "updated_at": 1693681758
}