{
    "authors": [
        {
            "family": "Thompson",
            "given": "Alexander"
        }
    ],
    "ctr": 0.1,
    "custom_score": 1.0,
    "id": {
        "dois": [
            "10.1001/jama.299.23.2777"
        ]
    },
    "issued_at": 1213747200,
    "languages": [
        "en"
    ],
    "metadata": {
        "container_title": "JAMA",
        "first_page": 2777,
        "issns": [
            "0098-7484"
        ],
        "issue": "23",
        "publisher": "American Medical Association (AMA)",
        "volume": "299"
    },
    "page_rank": 0.19923149,
    "referenced_by_count": 399,
    "tags": [
        "General Medicine"
    ],
    "title": "Association of Cholesteryl Ester Transfer Protein Genotypes With CETP Mass and Activity, Lipid Levels, and Coronary Risk",
    "type": "journal-article",
    "updated_at": 1695217078
}