{
    "authors": [
        {
            "family": "Oxentenko",
            "given": "Amy S.",
            "sequence": "first"
        }
    ],
    "ctr": 0.1,
    "custom_score": 1.0,
    "id": {
        "dois": [
            "10.1001/archinternmed.2009.534"
        ]
    },
    "issued_at": 1266796800,
    "languages": [
        "en"
    ],
    "metadata": {
        "container_title": "Archives of Internal Medicine",
        "first_page": 377,
        "issns": [
            "0003-9926"
        ],
        "issue": "4",
        "publisher": "American Medical Association (AMA)",
        "volume": "170"
    },
    "page_rank": 0.2557737,
    "referenced_by_count": 96,
    "tags": [
        "Internal Medicine"
    ],
    "title": "Time Spent on Clinical Documentation: A Survey of Internal Medicine Residents and Program Directors",
    "type": "journal-article",
    "updated_at": 1695396745
}