{
    "authors": [
        {
            "family": "Neaton",
            "given": "James D."
        }
    ],
    "ctr": 0.1,
    "custom_score": 1.0,
    "id": {
        "dois": [
            "10.1001/jama.1993.03510060059034"
        ]
    },
    "issued_at": 745027200,
    "languages": [
        "en"
    ],
    "metadata": {
        "container_title": "JAMA",
        "first_page": 713,
        "issns": [
            "0098-7484"
        ],
        "issue": "6",
        "volume": "270"
    },
    "page_rank": 0.33308864,
    "referenced_by_count": 559,
    "tags": [
        "General Medicine"
    ],
    "title": "Treatment of Mild Hypertension Study: Final Results",
    "type": "journal-article",
    "updated_at": 1693701630
}