{
    "abstract": "<abstract><section><p>for the Meta-analysis Of Observational Studies in Epidemiology (MOOSE) Group B ECAUSE OF PRESSURE FOR TIMELY and informed decisions in public health and medicine and the explosion of information in the scientific literature, research results must be synthesized to answer urgent questions. <ref target=\"#b0\" type=\"bibr\">[1]</ref><ref target=\"#b1\" type=\"bibr\">[2]</ref><ref target=\"#b2\" type=\"bibr\">[3]</ref><ref target=\"#b3\" type=\"bibr\">[4]</ref> Principles of evidence-based methods to assess the effectiveness of health care interventions and set policy are cited increasingly. 5 Meta-analysis, a systematic approach to identifying, appraising, synthesizing, and (if appropriate) combining the results of relevant studies to arrive at conclusions about a body of research, has been applied with increasing frequency to randomized controlled trials (RCTs), which are considered to provide the strongest evidence regarding an intervention. <ref target=\"#b5\" type=\"bibr\">6,</ref><ref target=\"#b6\" type=\"bibr\">7</ref> However, in many situations randomized controlled designs are not feasible, and only data from observational studies are available. <ref target=\"#b7\" type=\"bibr\">8</ref> Here, we define an observational study as an etiologic or effectiveness study using data from an existing database, a cross-sectional study, a case series, a case-control design, a design with historical controls, or a cohort design. 9 Observational designs may lack the experimental element of a random allocation to an intervention and rely on studies of association between changes or differences in 1 characteristic (eg, an exposure or intervention) and changes or differences in an outcome of</p></section></abstract>",
    "authors": [
        {
            "family": "Stroup",
            "given": "Donna F.",
            "sequence": "first"
        }
    ],
    "content": "<content><section><p>interest. These designs have long been used in the evaluation of educational programs <ref target=\"#b9\" type=\"bibr\">10</ref> and exposures that might cause disease or injury. <ref target=\"#b10\" type=\"bibr\">11</ref> Studies of risk factors generally cannot be randomized because they relate to inherent human characteristics or practices, and exposing subjects to harmful risk factors is unethical. <ref target=\"#b11\" type=\"bibr\">12</ref> At times, clinical data may be summarized in order to design a randomized comparison. <ref target=\"#b12\" type=\"bibr\">13</ref> Observational data may also be needed to assess the effectiveness of an intervention in a community as opposed to the special setting of a controlled trial. <ref target=\"#b13\" type=\"bibr\">14</ref> Thus, a clear understanding of the advantages and limitations of statistical syntheses of observational data is needed. <ref target=\"#b14\" type=\"bibr\">15</ref> Although meta-analysis restricted to RCTs is usually preferred to metaanalyses of observational studies, <ref target=\"#b15\" type=\"bibr\">[16]</ref><ref target=\"#b16\" type=\"bibr\">[17]</ref><ref target=\"#b17\" type=\"bibr\">[18]</ref> the number of published meta-analyses concerning observational studies in health has increased substantially during the past 4 decades (678 in 1955-1992, 525 in 1992-1995, and more than 400 in 1996 alone). <ref target=\"#b18\" type=\"bibr\">19</ref> While guidelines for meta-analyses have been proposed, many are written from the meta-analyst's (author's) rather than from the reviewer's, editor's, or reader's perspective <ref target=\"#b19\" type=\"bibr\">20</ref> and restrict attention to reporting of meta-analyses of RCTs. <ref target=\"#b20\" type=\"bibr\">21,</ref><ref target=\"#b21\" type=\"bibr\">22</ref> Meta-analyses of observational studies present particular challenges because of inherent biases and differences in study designs <ref target=\"#b22\" type=\"bibr\">23</ref> ; yet, they may provide a tool for helping to understand and quantify sources of variability in results across studies. <ref target=\"#b23\" type=\"bibr\">24</ref> We describe here the results of a workshop held in Atlanta, Ga, in April 1997, to examine concerns regarding the reporting of Meta-analysis Of Observational Studies in Epidemiology (MOOSE). This article summarizes deliberations of 27 participants (the MOOSE group) of evidence leading to recommendations regarding the reporting of meta-analyses. Meta-analysis of individual-level data from different studies, sometimes called \"pooled analysis\" or \"meta-analysis of individual patient data,\" <ref target=\"#b24\" type=\"bibr\">25,</ref><ref target=\"#b25\" type=\"bibr\">26</ref> has unique challenges that we will not address here. We propose a checklist of items for reporting that builds on similar activities for RCTs <ref target=\"#b21\" type=\"bibr\">22</ref> and is intended for use by authors, reviewers, editors, and readers of metaanalyses of observational studies.</p></section><section><header>Methods</header>\n<p>We conducted a systematic review of the published literature on the conduct and reporting of meta-analyses in observational studies. Databases searched included MEDLINE, Educational Resources Information Center, PsycLIT (http://www.wesleyan.edu /libr), and the Current Index to Statistics. In addition, we examined reference lists and contacted experts in the field. We used the 32 articles retrieved to generate the conference agenda and set topics of bias, searching and abstracting, heterogeneity, study categorization, and statistical methods. We invited experts in meta-analysis from the fields of clinical practice, trials, statistics, epidemiology, social sciences, and biomedical editing.</p>\n<p>The workshop included an overview of the quality of reporting of metaanalyses in education and the social sciences. Plenary talks were given on the topics set by the conference agenda. For each of 2 sessions, workshop participants were assigned to 1 of 5 small discussion groups, organized around the topic areas. For each group, 1 of the authors served as facilitator, and a recorder summarized points of discussion for issues to be presented to all participants. Time was provided for the 2 recorders and 2 facilitators for each topic to meet and prepare plenary presentations given to the entire group. We proposed a checklist for metaanalyses of observational studies based on the deliberation of the independent groups. Finally, we circulated the checklist for comment to all conference attendees and representatives of several constituencies who would use the checklist.</p></section><section><header>Results</header>\n<p>The checklist resulting from workgroup deliberations is organized around recommendations for reporting background, search strategy, methods, results, discussion, and conclusions (TABLE ).</p></section><section><header>Background</header>\n<p>Reporting of the background should include the definition of the problem under study, statement of hypothesis, description of the study outcome(s) considered, type of exposure or intervention used, type of study design used, and complete description of the study population. When combining observational studies, heterogeneity of populations (eg, US vs international studies), design (eg, case-control vs cohort studies), and outcome (eg, different studies yielding different relative risks that cannot be accounted for by sampling variation) is expected. 8</p></section><section><header>Search</header>\n<p>Reporting of the search strategy should include qualifications of the searchers, specification of databases used, search strategy and index terms, use of any special features (eg, \"explosion\"), search software used, use of hand searching and contact with authors, use of materials in languages other than English, use of unpublished material, and exclusion criteria used. Published research shows that use of electronic databases may find only half of all relevant studies, and contacting authors may be useful, <ref target=\"#b26\" type=\"bibr\">27</ref> although this result may not be true for all topic areas. <ref target=\"#b27\" type=\"bibr\">28</ref> For example, a meta-analysis of depression in elderly medical inpatients <ref target=\"#b28\" type=\"bibr\">29</ref> used 2 databases for the search. In addition, bibliographies of retrieved papers were searched. However, the authors did not report their search strategy in enough detail to allow replication. An example of a thorough \"reject log\" can be found in the report of a metaanalysis of electrical and magnetic field exposure and leukemia. <ref target=\"#b29\" type=\"bibr\">30</ref> Examples of a table characterizing studies included can be found in Franceschi et al <ref target=\"#b30\" type=\"bibr\">31</ref> and Saag et al. <ref target=\"#b31\" type=\"bibr\">32</ref> Complete specification of search strategy is not uniform; a review of 103 published meta-analyses in education showed that search procedures were described inadequately in the majority of the articles. <ref target=\"#b9\" type=\"bibr\">10</ref> </p></section><section><header>Methods</header>\n<p>Items in this checklist section are concerned with the appropriateness of any quantitative summary of the data; degree to which coding of data from the articles was specified and objective; assessment of confounding, study quality, and heterogeneity; use of statistical methods; and display of results. Empirical evidence shows that reporting of procedures for classification and coding and quality assessment is often incomplete: fewer than half of the meta-analyses reported details of classifying and coding the primary study data, and only 22% assessed quality of the primary studies. <ref target=\"#b9\" type=\"bibr\">10</ref> We recognize that the use of quality scoring in meta-analyses of observa-tional studies is controversial, as it is for RCTs, <ref target=\"#b15\" type=\"bibr\">16,</ref><ref target=\"#b32\" type=\"bibr\">33</ref> because scores constructed in an ad hoc fashion may lack demonstrated validity, and results may not be associated with quality. <ref target=\"#b33\" type=\"bibr\">34</ref> Nevertheless, some particular aspects of study quality have been shown to be associated with effect: eg, adequate concealment of allocation in randomized trials. <ref target=\"#b34\" type=\"bibr\">35</ref> Thus, key components of design, rather than aggregate scores themselves, may be important. For example, in a study of blinding (masking) of readers participating in meta-analyses, masking essentially made no difference in the summary odds ratios across the 5 meta-analyses. <ref target=\"#b35\" type=\"bibr\">36</ref> We recommend the reporting of scoring if it has been done and also recommend subgroup or sensitivity analysis rather than using quality scores as weights in the analysis. <ref target=\"#b36\" type=\"bibr\">37,</ref><ref target=\"#b37\" type=\"bibr\">38</ref> While some control over heterogeneity of design may be accomplished through the use of exclusion rules, we recommend using broad inclusion criteria for studies, and then performing analyses relating design features to outcome. <ref target=\"#b7\" type=\"bibr\">8</ref> In cases when heterogeneity of outcomes is particularly problematic, a single summary measure may well be inappropriate. <ref target=\"#b38\" type=\"bibr\">39</ref> Analyses that stratify by study feature or regression analysis with design features as predictors can be useful in assessing whether study outcomes indeed vary systematically with these features. <ref target=\"#b39\" type=\"bibr\">40</ref> Investigating heterogeneity was a key feature of a meta-analysis of observational studies of asbestos exposure and risk of gastrointestinal cancer. <ref target=\"#b40\" type=\"bibr\">41</ref> The authors of the meta-analysis hypothesized that studies allowing for a latent period between the initiation of exposure and any increases in risk should show, on average, appropriately higher standardized mortality ratios than studies that ignored latency. In other words, the apparent effect of exposure would be attenuated by including the latent period in the calculation of time at risk (the \"denominator\"), since exposurerelated deaths (the \"numerator\") would, by definition, not occur during that latent period (FIGURE).</p>\n<p>In fact, the data suggested that studies allowing for latent periods found on average somewhat higher standardized mortality ratios than studies ignoring latency. This example shows that sources of bias and heterogeneity can be hypothesized prior to analysis and subsequently confirmed by the analysis.</p></section><section><header>Results</header>\n<p>Recommendations for reporting of results include graphical summaries of study estimates and any combined estimate, a table listing descriptive information for each study, results of sensitivity testing and any subgroup analysis, and an indication of statistical uncertainty of findings.</p></section><section><header>Discussion</header>\n<p>The discussion should include issues related to bias, including publication bias, confounding, and quality. Bias can occur in the original studies (resulting from flaws in the study design that tend to distort the magnitude or direction of associations in the data) or from the way in which studies are selected for inclusion. <ref target=\"#b42\" type=\"bibr\">42</ref> Publication bias, the selective publication of studies based on the magnitude (usually larger) and direction of their findings, represents a particular threat to the validity of meta-analysis of observational studies. <ref target=\"#b43\" type=\"bibr\">[43]</ref><ref target=\"#b44\" type=\"bibr\">[44]</ref><ref target=\"#b45\" type=\"bibr\">[45]</ref> Thorough specifications of quality assessment can contribute to understanding some of the variations in the observational studies themselves. Methods should be used to aid in the detection of publication bias, eg, fail-safe procedures or funnel plots. <ref target=\"#b46\" type=\"bibr\">46</ref> Schlesselman 47 comments on such biases in assessing the possible association between endometrial cancer and oral contraceptives. This meta-analysis combined both cohort and casecontrol studies and used a sensitivity analysis to illustrate the influence of specific studies, such as those published in English.</p></section><section><header>Conclusion</header>\n<p>Due to these biases in observational studies, the conclusion of the report should contain consideration of alternative explanations for observed results and appropriate generalizations of the conclusion. A carefully conducted meta-analysis can reveal areas warranting further research. Finally, since funding source has been shown to be an important source of heterogeneity, <ref target=\"#b48\" type=\"bibr\">48</ref> the sponsoring organization should be disclosed and any effect on analysis should be examined.</p></section><section><header>COMMENT</header>\n<p>Taking stock of what is known in any field involves reviewing the existing literature, summarizing it in appropriate ways, and exploring the implications of heterogeneity of population and study for heterogeneity of study results. Meta-analysis provides a systematic way of performing this research synthesis, while indicating when more research is necessary.</p>\n<p>The application of formal metaanalytic methods to observational studies has been controversial. <ref target=\"#b42\" type=\"bibr\">42</ref> One reason for this has been that potential biases in the original studies, relative to the biases in RCTs, make the calculation of a single summary estimate of effect of exposure potentially misleading. Similarly, the extreme diversity of study designs and populations in epidemiology makes the interpretation of simple summaries problematic, at best. In addition, methodologic issues related specifically to metaanalysis, such as publication bias, could have particular impact when combining results of observational studies. <ref target=\"#b44\" type=\"bibr\">44,</ref><ref target=\"#b47\" type=\"bibr\">47</ref> Despite these challenges, metaanalyses of observational studies continue to be one of the few methods for assessing efficacy and effectiveness and are being published in increasing numbers. Our goal is to improve the reporting of these meta-analyses so that readers can understand what was done in a given analysis, who did it, and why it was done. If bias is a problem, we suggest that an informative approach is to use broad inclusion criteria for studies and then to perform analyses (when the data permit) relating suspected sources of bias and variability to study findings.</p>\n<p>Methodologic and interpretational concerns make the clear and thorough reporting of meta-analyses of observational studies absolutely essential. Our workshop was convened to address the problem of increasing diversity and variability that exist in reporting metaanalyses of observational studies. In constructing the checklist, we have attempted, where possible, to provide references to literature justifying the inclusion of particular items.</p>\n<p>Assessment of the usefulness of recommendations for reporting is dependent on a well-designed and effectively conducted evaluation. The workshop participants proposed a 3-pronged approach to determine usefulness and implementation of these recommendations.</p>\n<p>First, further comments should be incorporated into revisions of the check-list, to ensure its usefulness to journal reviewers and editors. The US Food and Drug Administration (FDA) receives and reviews petitions and applications for approval of regulated products and/or their labeling. The FDA's Center for Food Safety and Applied Nutrition is now receiving applications that use results of meta-analyses in support of the requested action. The revised checklist should be tested during the review of an application. One might randomly assign FDA reviewers who encounter systematic reviews of observational studies to use the checklist or not. Since the requirements for reporting for regulatory purposes might not completely coincide with those in the checklist and since sample size (the number of formal systematic reviews received by the FDA) might be small, this evaluation should document any potential incompatibility between requirements for regulatory reporting and the checklist.</p>\n<p>Second, we will work with the Cochrane Collaboration to promote the use of these recommendations by Cochrane collaborative review groups. <ref target=\"#b49\" type=\"bibr\">49</ref> Members of the Cochrane Collaboration are involved routinely in performing systematic reviews. Some are now incorporating nonrandomized studies out of necessity. A trial of use of the checklist could be compared with the FDA experience.</p>\n<p>Third, an evaluation of the checklist by authors, reviewers, readers, and editors could compare objective measures of the quality of articles written with and without the formal use of the guidelines. A challenge to the use of quality measures would be arriving at a valid measure of quality. A more important end point for trials in journals Less formal evaluations, based on comments from users in any of the above groups, would certainly be helpful, as well. One would need to be concerned about contamination of the control groups when evaluating the checklist, as journals, for example, might adopt the checklist even in the absence of evidence of its efficacy from randomized trials.</p>\n<p>In conclusion, the conference participants noted that meta-analyses are themselves observational studies, even when applied to RCTs. <ref target=\"#b50\" type=\"bibr\">50</ref> If a role for metaanalyses of observational studies in setting policy is to be achieved, <ref target=\"#b51\" type=\"bibr\">51</ref> standards of reporting must be maintained to allow proper evaluation of the quality and completeness of meta-analyses. </p></section><section><p>Acknowledgment: We thank Susan Eastwood, MA, University of California, San Francisco; Christine Friedenreich, PhD, Alberta Cancer Board and University of Calgary, Calgary; Sander Greenland, DrPH, Cstat, MA, MS, University of California, Los Angeles; Richard Horton, MBBCh, MD, Lancet, London, England; Diana Petitti, MD, MPH, Southern California Kaiser Permanente Medical Care Program, Pasadena; Duncan Saunders, MBBCh, PhD, University of Alberta, Edmonton; and Stephen D. Walter, PhD, McMaster University, Hamilton, Ontario, for their advice and substantive comments on an earlier draft of this article. In addition, we thank Barbara McDonnell, CDC, for managing complex logistics of this project.</p></section><section><p>Francisco (Dr Rennie), Stanford University, Stanford (Dr Olkin), Calif; JAMA, Chicago, Ill (Dr Rennie); Thomas C. Chalmers Centre for Systematic Reviews, Children's Hospital of Eastern Ontario Research Institute, Ottawa (Mr Moher); Michigan State University, East Lansing (Dr Becker); and Georgia State University, Atlanta (Dr Sipe).</p></section><section><p>Table. A Proposed Reporting Checklist for Authors, Editors, and Reviewers of Meta-analyses of Observational Studies Reporting of background should include Problem definition Hypothesis statement Description of study outcome(s) Type of exposure or intervention used Type of study designs used Study population Reporting of search strategy should include Qualifications of searchers (eg, librarians and investigators) Search strategy, including time period included in the synthesis and keywords Effort to include all available studies, including contact with authors Databases and registries searched Search software used, name and version, including special features used (eg, explosion) Use of hand searching (eg, reference lists of obtained articles) List of citations located and those excluded, including justification Method of addressing articles published in languages other than English Method of handling abstracts and unpublished studies Description of any contact with authors Reporting of methods should include Description of relevance or appropriateness of studies assembled for assessing the hypothesis to be tested Rationale for the selection and coding of data (eg, sound clinical principles or convenience) Documentation of how data were classified and coded (eg, multiple raters, blinding, and interrater reliability) Assessment of confounding (eg, comparability of cases and controls in studies where appropriate) Assessment of study quality, including blinding of quality assessors; stratification or regression on possible predictors of study results Assessment of heterogeneity Description of statistical methods (eg, complete description of fixed or random effects models, justification of whether the chosen models account for predictors of study results, dose-response models, or cumulative meta-analysis) in sufficient detail to be replicated Provision of appropriate tables and graphics Reporting of results should include Graphic summarizing individual study estimates and overall estimate Table giving descriptive information for each study included Results of sensitivity testing (eg, subgroup analysis) Indication of statistical uncertainty of findings Reporting of discussion should include Quantitative assessment of bias (eg, publication bias) Justification for exclusion (eg, exclusion of non-English-language citations) Assessment of quality of included studies Reporting of conclusions should include Consideration of alternative explanations for observed results Generalization of the conclusions (ie, appropriate for the data presented and within the domain of the literature review) Guidelines for future research Disclosure of funding source REPORTING META-ANALYSES OF OBSERVATIONAL STUDIES 2010 JAMA, April 19, 2000-Vol 283, No. 15 ©2000 American Medical Association. All rights reserved.</p></section></content>",
    "ctr": 0.1,
    "custom_score": 1.0,
    "id": {
        "dois": [
            "10.1001/jama.283.15.2008"
        ]
    },
    "issued_at": 956102400,
    "languages": [
        "en"
    ],
    "links": [
        {
            "cid": "bafkr4ig45lf4mkkqcaejsymvnzupvmxvwvs2gd6cycpulnkrfwqgezwpgm",
            "extension": "pdf",
            "filesize": 161893,
            "md5": "ad22b47662a79c3f7f4071234e974554",
            "type": "primary"
        }
    ],
    "metadata": {
        "container_title": "JAMA",
        "first_page": 2008,
        "issns": [
            "0098-7484"
        ],
        "issue": "15",
        "publisher": "American Medical Association (AMA)",
        "volume": "283"
    },
    "page_rank": 0.21831767,
    "referenced_by_count": 15042,
    "tags": [
        "General Medicine"
    ],
    "title": "Meta-analysis of Observational Studies in Epidemiology<SUBTITLE>A Proposal for Reporting</SUBTITLE>",
    "type": "journal-article",
    "updated_at": 1694965803
}