{
    "authors": [
        {
            "family": "Krumholz",
            "given": "Harlan M."
        },
        {
            "family": "Terry",
            "given": "Sharon F."
        },
        {
            "family": "Waldstreicher",
            "given": "Joanne"
        }
    ],
    "ctr": 0.1,
    "custom_score": 1.0,
    "id": {
        "dois": [
            "10.1001/jama.2016.12537"
        ]
    },
    "issued_at": 1477353600,
    "languages": [
        "en"
    ],
    "metadata": {
        "container_title": "JAMA",
        "first_page": 1669,
        "issns": [
            "0098-7484"
        ],
        "issue": "16",
        "volume": "316"
    },
    "page_rank": 0.21442017,
    "referenced_by_count": 34,
    "tags": [
        "General Medicine"
    ],
    "title": "Data Acquisition, Curation, and Use for a Continuously Learning Health System",
    "type": "journal-article",
    "updated_at": 1693674958
}