{
    "authors": [
        {
            "family": "Prasad",
            "given": "Vinay",
            "sequence": "first"
        },
        {
            "family": "Rho",
            "given": "Jason",
            "sequence": "additional"
        },
        {
            "family": "Cifu",
            "given": "Adam",
            "sequence": "additional"
        }
    ],
    "ctr": 0.1,
    "custom_score": 1.0,
    "id": {
        "dois": [
            "10.1001/jamainternmed.2013.2725"
        ]
    },
    "issued_at": 1365379200,
    "languages": [
        "en"
    ],
    "metadata": {
        "container_title": "JAMA Internal Medicine",
        "first_page": 493,
        "issns": [
            "2168-6106"
        ],
        "issue": "7",
        "publisher": "American Medical Association (AMA)",
        "volume": "173"
    },
    "page_rank": 0.19395228,
    "referenced_by_count": 32,
    "tags": [
        "Internal Medicine"
    ],
    "title": "The Inferior Vena Cava Filter: How Could a Medical Device Be So Well Accepted Without Any Evidence of Efficacy?",
    "type": "journal-article",
    "updated_at": 1695843660
}