{
    "authors": [
        {
            "family": "Kuehn",
            "given": "Bridget M.",
            "sequence": "first"
        }
    ],
    "ctr": 0.1,
    "custom_score": 1.0,
    "id": {
        "dois": [
            "10.1001/jama.2013.629"
        ]
    },
    "issued_at": 1361923200,
    "languages": [
        "en"
    ],
    "metadata": {
        "container_title": "JAMA",
        "first_page": 756,
        "issns": [
            "0098-7484"
        ],
        "issue": "8",
        "publisher": "American Medical Association (AMA)",
        "volume": "309"
    },
    "page_rank": 0.17656939,
    "referenced_by_count": 39,
    "tags": [
        "General Medicine"
    ],
    "title": "More Than One-Third of US Individuals Use the Internet to Self-diagnose",
    "type": "journal-article",
    "updated_at": 1695829559
}