{
    "ctr": 0.1,
    "custom_score": 1.0,
    "id": {
        "dois": [
            "10.1001/archophthalmol.2008.610"
        ]
    },
    "issued_at": 1236556800,
    "languages": [
        "en"
    ],
    "metadata": {
        "container_title": "Archives of Ophthalmology",
        "first_page": 245,
        "issns": [
            "0003-9950"
        ],
        "issue": "3",
        "publisher": "American Medical Association (AMA)",
        "volume": "127"
    },
    "page_rank": 0.32986993,
    "referenced_by_count": 224,
    "tags": [
        "Ophthalmology"
    ],
    "title": "Three-Year Follow-up of a Randomized Trial Comparing Focal/Grid Photocoagulation and Intravitreal Triamcinolone for Diabetic Macular Edema",
    "type": "journal-article",
    "updated_at": 1695289072
}