{
    "authors": [
        {
            "family": "Hollands",
            "given": "Hussein",
            "sequence": "first"
        },
        {
            "family": "Johnson",
            "given": "Davin",
            "sequence": "additional"
        },
        {
            "family": "Hollands",
            "given": "Simon",
            "sequence": "additional"
        },
        {
            "family": "Simel",
            "given": "David L.",
            "sequence": "additional"
        },
        {
            "family": "Jinapriya",
            "given": "Delan",
            "sequence": "additional"
        },
        {
            "family": "Sharma",
            "given": "Sanjay",
            "sequence": "additional"
        }
    ],
    "ctr": 0.1,
    "custom_score": 1.0,
    "id": {
        "dois": [
            "10.1001/jama.2013.5099"
        ]
    },
    "issued_at": 1368576000,
    "languages": [
        "en"
    ],
    "metadata": {
        "container_title": "JAMA",
        "first_page": 2035,
        "issns": [
            "0098-7484"
        ],
        "issue": "19",
        "publisher": "American Medical Association (AMA)",
        "volume": "309"
    },
    "page_rank": 0.21545443,
    "referenced_by_count": 94,
    "tags": [
        "General Medicine"
    ],
    "title": "Do Findings on Routine Examination Identify Patients at Risk for Primary Open-Angle Glaucoma?: The Rational Clinical Examination Systematic Review",
    "type": "journal-article",
    "updated_at": 1695857295
}