{
    "abstract": "<abstract>Before assessment can begin we must decide how quality is to be defined and that depends on whether one assesses only the performance of practitioners or also the contributions of patients and of the health care system; on how broadly health and responsibility for health are defined; on whether the maximally effective or optimally effective care is sought; and on whether individual or social preferences define the optimum. We also need detailed information about the causal linkages among the structural attributes of the settings in which care occurs, the processes of care, and the outcomes of care. Specifying the components or outcomes of care to be sampled, formulating the appropriate criteria and standards, and obtaining the necessary information are the steps that follow. Though we know much about assessing quality, much remains to be known.</abstract>",
    "authors": [
        {
            "family": "Donabedian",
            "given": "A."
        }
    ],
    "ctr": 0.1,
    "custom_score": 1.0,
    "id": {
        "dois": [
            "10.1001/jama.260.12.1743"
        ],
        "pubmed_id": 3045356
    },
    "issued_at": 590965200,
    "languages": [
        "en"
    ],
    "metadata": {
        "container_title": "JAMA: The Journal of the American Medical Association",
        "first_page": 1743,
        "issns": [
            "0098-7484",
            "1538-3598"
        ],
        "issue": "12",
        "last_page": 1748,
        "volume": "260"
    },
    "page_rank": 0.3970335,
    "referenced_by_count": 536,
    "tags": [
        "Community Health Services",
        "Delivery of Health Care",
        "Medical Records",
        "Outcome and Process Assessment, Health Care",
        "Patient Participation",
        "Physician-Patient Relations",
        "Quality of Health Care"
    ],
    "title": "The quality of care. How can it be assessed?",
    "type": "journal-article",
    "updated_at": 1695743055
}