{
    "authors": [
        {
            "family": "Herschler",
            "given": "Jonathan"
        }
    ],
    "ctr": 0.1,
    "custom_score": 1.0,
    "id": {
        "dois": [
            "10.1001/archopht.1980.01020030859012"
        ]
    },
    "issued_at": 325987200,
    "languages": [
        "en"
    ],
    "metadata": {
        "container_title": "Archives of Ophthalmology",
        "first_page": 865,
        "issns": [
            "0003-9950"
        ],
        "issue": "5",
        "volume": "98"
    },
    "page_rank": 0.19802736,
    "referenced_by_count": 23,
    "tags": [
        "Ophthalmology"
    ],
    "title": "Baring of the Circumlinear Vessel: An Early Sign of Optic Nerve Damage",
    "type": "journal-article",
    "updated_at": 1693705350
}