{
    "authors": [
        {
            "family": "Detsky",
            "given": "Allan S."
        }
    ],
    "ctr": 0.1,
    "custom_score": 1.0,
    "id": {
        "dois": [
            "10.1001/jama.2009.247"
        ]
    },
    "issued_at": 1238544000,
    "languages": [
        "en"
    ],
    "metadata": {
        "container_title": "JAMA",
        "first_page": 1379,
        "issns": [
            "0098-7484"
        ],
        "issue": "13",
        "publisher": "American Medical Association (AMA)",
        "volume": "301"
    },
    "page_rank": 0.1752749,
    "referenced_by_count": 42,
    "tags": [
        "General Medicine"
    ],
    "title": "The Art of Pimping",
    "type": "journal-article",
    "updated_at": 1695303047
}