{
    "authors": [
        {
            "family": "Hewitt",
            "given": "Richard M."
        }
    ],
    "ctr": 0.1,
    "custom_score": 1.0,
    "id": {
        "dois": [
            "10.1001/jama.1954.02950050017005"
        ]
    },
    "issued_at": -481248000,
    "languages": [
        "en"
    ],
    "metadata": {
        "container_title": "Journal of the American Medical Association",
        "first_page": 477,
        "issns": [
            "0002-9955"
        ],
        "issue": "5",
        "volume": "156"
    },
    "page_rank": 0.17267716,
    "referenced_by_count": 3,
    "tags": [
        "General Medicine"
    ],
    "title": "EXPOSITION AS APPLIED TO MEDICINE: A GLANCE AT THE ETHICS OF IT",
    "type": "journal-article",
    "updated_at": 1693707432
}