{
    "authors": [
        {
            "family": "Blomberg",
            "given": "Stig Nikolaj",
            "sequence": "first"
        },
        {
            "family": "Christensen",
            "given": "Helle Collatz",
            "sequence": "additional"
        },
        {
            "family": "Lippert",
            "given": "Freddy",
            "sequence": "additional"
        },
        {
            "family": "Ersbøll",
            "given": "Annette Kjær",
            "sequence": "additional"
        },
        {
            "family": "Torp-Petersen",
            "given": "Christian",
            "sequence": "additional"
        },
        {
            "family": "Sayre",
            "given": "Michael R.",
            "sequence": "additional"
        },
        {
            "family": "Kudenchuk",
            "given": "Peter J.",
            "sequence": "additional"
        },
        {
            "family": "Folke",
            "given": "Fredrik",
            "sequence": "additional"
        }
    ],
    "ctr": 0.1,
    "custom_score": 1.0,
    "id": {
        "dois": [
            "10.1001/jamanetworkopen.2020.32320"
        ]
    },
    "issued_at": 1609891200,
    "languages": [
        "en"
    ],
    "links": [
        {
            "cid": "bafkr4ianaggmjdquor33tdhndg525txnmmtvikpzjcoamsbqxououvihmy",
            "extension": "pdf",
            "filesize": 967163,
            "md5": "08fae42171369efe7c275591ff58e77b",
            "type": "primary"
        }
    ],
    "metadata": {
        "container_title": "JAMA Network Open",
        "first_page": 2032320,
        "issns": [
            "2574-3805"
        ],
        "issue": "1",
        "publisher": "American Medical Association (AMA)",
        "volume": "4"
    },
    "page_rank": 0.2348715,
    "referenced_by_count": 48,
    "references": [
        {
            "doi": "10.1056/nejmoa1405796",
            "type": "reference"
        },
        {
            "doi": "10.1016/j.resuscitation.2013.12.019",
            "type": "reference"
        },
        {
            "doi": "10.1016/j.resuscitation.2017.04.006",
            "type": "reference"
        },
        {
            "doi": "10.1056/nejmoa0908993",
            "type": "reference"
        },
        {
            "doi": "10.1056/nejmoa0908991",
            "type": "reference"
        },
        {
            "doi": "10.1016/j.resuscitation.2019.01.015",
            "type": "reference"
        },
        {
            "doi": "10.1186/s12916-019-1426-2",
            "type": "reference"
        },
        {
            "doi": "10.1136/bmj.325.7365.652",
            "type": "reference"
        },
        {
            "doi": "10.1016/0197-2456(88)90049-9",
            "type": "reference"
        },
        {
            "doi": "10.1016/s0140-6736(02)07683-3",
            "type": "reference"
        },
        {
            "doi": "10.1080/10903127.2017.1376133",
            "type": "reference"
        },
        {
            "doi": "10.1016/j.annemergmed.2009.03.018",
            "type": "reference"
        },
        {
            "doi": "10.1001/jama.2020.1039",
            "type": "reference"
        },
        {
            "doi": "10.1016/s0140-6736(17)30568-8",
            "type": "reference"
        },
        {
            "doi": "10.1016/j.eclinm.2019.03.001",
            "type": "reference"
        },
        {
            "doi": "10.1097/tme.0b013e31822610d1",
            "type": "reference"
        },
        {
            "doi": "10.1542/peds.2007-3064",
            "type": "reference"
        },
        {
            "doi": "10.1111/acem.2018.25.issue-5",
            "type": "reference"
        }
    ],
    "tags": [
        "General Medicine"
    ],
    "title": "Effect of Machine Learning on Dispatcher Recognition of Out-of-Hospital Cardiac Arrest During Calls to Emergency Medical Services: A Randomized Clinical Trial",
    "type": "journal-article",
    "updated_at": 1693749299
}