{
    "authors": [
        {
            "family": "Muka",
            "given": "Taulant"
        },
        {
            "family": "Oliver-Williams",
            "given": "Clare"
        },
        {
            "family": "Kunutsor",
            "given": "Setor"
        },
        {
            "family": "Laven",
            "given": "Joop S. E."
        },
        {
            "family": "Fauser",
            "given": "Bart C. J. M."
        },
        {
            "family": "Chowdhury",
            "given": "Rajiv"
        },
        {
            "family": "Kavousi",
            "given": "Maryam"
        },
        {
            "family": "Franco",
            "given": "Oscar H."
        }
    ],
    "ctr": 0.1,
    "custom_score": 1.0,
    "id": {
        "dois": [
            "10.1001/jamacardio.2016.2415"
        ]
    },
    "issued_at": 1475280000,
    "languages": [
        "en"
    ],
    "metadata": {
        "container_title": "JAMA Cardiology",
        "first_page": 767,
        "issns": [
            "2380-6583"
        ],
        "issue": "7",
        "volume": "1"
    },
    "page_rank": 0.16580173,
    "referenced_by_count": 406,
    "tags": [
        "Cardiology and Cardiovascular Medicine"
    ],
    "title": "Association of Age at Onset of Menopause and Time Since Onset of Menopause With Cardiovascular Outcomes, Intermediate Vascular Traits, and All-Cause Mortality: A Systematic Review and Meta-analysis",
    "type": "journal-article",
    "updated_at": 1693675078
}