{
    "abstract": "<abstract><section><header>Importance</header><p>Data on the association of COVID-19 vaccination with intensive care unit (ICU) admission and outcomes of patients with SARS-CoV-2–related pneumonia are scarce.</p></section><section><header>Objective</header><p>To evaluate whether COVID-19 vaccination is associated with preventing ICU admission for COVID-19 pneumonia and to compare baseline characteristics and outcomes of vaccinated and unvaccinated patients admitted to an ICU.</p></section><section><header>Design, Setting, and Participants</header><p>This retrospective cohort study on regional data sets reports: (1) daily number of administered vaccines and (2) data of all consecutive patients admitted to an ICU in Lombardy, Italy, from August 1 to December 15, 2021 (Delta variant predominant). Vaccinated patients received either mRNA vaccines (BNT162b2 or mRNA-1273) or adenoviral vector vaccines (ChAdOx1-S or Ad26.COV2). Incident rate ratios (IRRs) were computed from August 1, 2021, to January 31, 2022; ICU and baseline characteristics and outcomes of vaccinated and unvaccinated patients admitted to an ICU were analyzed from August 1 to December 15, 2021.</p></section><section><header>Exposures</header><p>COVID-19 vaccination status (no vaccination, mRNA vaccine, adenoviral vector vaccine).</p></section><section><header>Main Outcomes and Measures</header><p>The incidence IRR of ICU admission was evaluated, comparing vaccinated people with unvaccinated, adjusted for age and sex. The baseline characteristics at ICU admission of vaccinated and unvaccinated patients were investigated. The association between vaccination status at ICU admission and mortality at ICU and hospital discharge were also studied, adjusting for possible confounders.</p></section><section><header>Results</header><p>Among the 10 107 674 inhabitants of Lombardy, Italy, at the time of this study, the median [IQR] age was 48 [28-64] years and 5 154 914 (51.0%) were female. Of the 7 863 417 individuals who were vaccinated (median [IQR] age: 53 [33-68] years; 4 010 343 [51.4%] female), 6 251 417 (79.5%) received an mRNA vaccine, 550 439 (7.0%) received an adenoviral vector vaccine, and 1 061 561 (13.5%) received a mix of vaccines and 4 497 875 (57.2%) were boosted. Compared with unvaccinated people, IRR of individuals who received an mRNA vaccine within 120 days from the last dose was 0.03 (95% CI, 0.03-0.04; <italic>P</italic> &lt; .001), whereas IRR of individuals who received an adenoviral vector vaccine after 120 days was 0.21 (95% CI, 0.19-0.24; <italic>P</italic> &lt; .001). There were 553 patients admitted to an ICU for COVID-19 pneumonia during the study period: 139 patients (25.1%) were vaccinated and 414 (74.9%) were unvaccinated. Compared with unvaccinated patients, vaccinated patients were older (median [IQR]: 72 [66-76] vs 60 [51-69] years; <italic>P</italic> &lt; .001), primarily male individuals (110 patients [79.1%] vs 252 patients [60.9%]; <italic>P</italic> &lt; .001), with more comorbidities (median [IQR]: 2 [1-3] vs 0 [0-1] comorbidities; <italic>P</italic> &lt; .001) and had higher ratio of arterial partial pressure of oxygen (Pa<sc>o</sc><sub>2</sub>) and fraction of inspiratory oxygen (FiO<sub>2</sub>) at ICU admission (median [IQR]: 138 [100-180] vs 120 [90-158] mm Hg; <italic>P</italic> = .007). Factors associated with ICU and hospital mortality were higher age, premorbid heart disease, lower Pa<sc>o</sc><sub>2</sub>/FiO<sub>2</sub> at ICU admission, and female sex (this factor only for ICU mortality). ICU and hospital mortality were similar between vaccinated and unvaccinated patients.</p></section><section><header>Conclusions and Relevance</header><p>In this cohort study, mRNA and adenoviral vector vaccines were associated with significantly lower risk of ICU admission for COVID-19 pneumonia. ICU and hospital mortality were not associated with vaccinated status. These findings suggest a substantial reduction of the risk of developing COVID-19–related severe acute respiratory failure requiring ICU admission among vaccinated people.</p></section></abstract>",
    "authors": [
        {
            "family": "Grasselli",
            "given": "Giacomo",
            "sequence": "first"
        },
        {
            "family": "Zanella",
            "given": "Alberto",
            "sequence": "additional"
        },
        {
            "family": "Carlesso",
            "given": "Eleonora",
            "sequence": "additional"
        },
        {
            "family": "Florio",
            "given": "Gaetano",
            "sequence": "additional"
        },
        {
            "family": "Canakoglu",
            "given": "Arif",
            "sequence": "additional"
        },
        {
            "family": "Bellani",
            "given": "Giacomo",
            "sequence": "additional"
        },
        {
            "family": "Bottino",
            "given": "Nicola",
            "sequence": "additional"
        },
        {
            "family": "Cabrini",
            "given": "Luca",
            "sequence": "additional"
        },
        {
            "family": "Castelli",
            "given": "Gian Paolo",
            "sequence": "additional"
        },
        {
            "family": "Catena",
            "given": "Emanuele",
            "sequence": "additional"
        },
        {
            "family": "Cecconi",
            "given": "Maurizio",
            "sequence": "additional"
        },
        {
            "family": "Cereda",
            "given": "Danilo",
            "sequence": "additional"
        },
        {
            "family": "Chiumello",
            "given": "Davide",
            "sequence": "additional"
        },
        {
            "family": "Forastieri",
            "given": "Andrea",
            "sequence": "additional"
        },
        {
            "family": "Foti",
            "given": "Giuseppe",
            "sequence": "additional"
        },
        {
            "family": "Gemma",
            "given": "Marco",
            "sequence": "additional"
        },
        {
            "family": "Giudici",
            "given": "Riccardo",
            "sequence": "additional"
        },
        {
            "family": "Grazioli",
            "given": "Lorenzo",
            "sequence": "additional"
        },
        {
            "family": "Lombardo",
            "given": "Andrea",
            "sequence": "additional"
        },
        {
            "family": "Lorini",
            "given": "Ferdinando Luca",
            "sequence": "additional"
        },
        {
            "family": "Madotto",
            "given": "Fabiana",
            "sequence": "additional"
        },
        {
            "family": "Mantovani",
            "given": "Alberto",
            "sequence": "additional"
        },
        {
            "family": "Mistraletti",
            "given": "Giovanni",
            "sequence": "additional"
        },
        {
            "family": "Mojoli",
            "given": "Francesco",
            "sequence": "additional"
        },
        {
            "family": "Mongodi",
            "given": "Silvia",
            "sequence": "additional"
        },
        {
            "family": "Monti",
            "given": "Gianpaola",
            "sequence": "additional"
        },
        {
            "family": "Muttini",
            "given": "Stefano",
            "sequence": "additional"
        },
        {
            "family": "Piva",
            "given": "Simone",
            "sequence": "additional"
        },
        {
            "family": "Protti",
            "given": "Alessandro",
            "sequence": "additional"
        },
        {
            "family": "Rasulo",
            "given": "Frank",
            "sequence": "additional"
        },
        {
            "family": "Scandroglio",
            "given": "Anna Mara",
            "sequence": "additional"
        },
        {
            "family": "Severgnini",
            "given": "Paolo",
            "sequence": "additional"
        },
        {
            "family": "Storti",
            "given": "Enrico",
            "sequence": "additional"
        },
        {
            "family": "Fumagalli",
            "given": "Roberto",
            "sequence": "additional"
        },
        {
            "family": "Pesenti",
            "given": "Antonio",
            "sequence": "additional"
        },
        {
            "family": "Keim",
            "given": "Roberto",
            "sequence": "additional"
        },
        {
            "family": "Vagginelli",
            "given": "Federica",
            "sequence": "additional"
        },
        {
            "family": "Sala",
            "given": "Antonello",
            "sequence": "additional"
        },
        {
            "family": "Merli",
            "given": "Guido",
            "sequence": "additional"
        },
        {
            "family": "Ruggeri",
            "given": "Patrizia",
            "sequence": "additional"
        },
        {
            "family": "Villani",
            "given": "Giorgio",
            "sequence": "additional"
        },
        {
            "family": "Riccio",
            "given": "Mario",
            "sequence": "additional"
        },
        {
            "family": "Zoia",
            "given": "Elena",
            "sequence": "additional"
        },
        {
            "family": "Castelli",
            "given": "Antonio",
            "sequence": "additional"
        },
        {
            "family": "Colombo",
            "given": "Riccardo",
            "sequence": "additional"
        },
        {
            "family": "Rech",
            "given": "Roberto",
            "sequence": "additional"
        },
        {
            "family": "Gnesin",
            "given": "Paolo",
            "sequence": "additional"
        },
        {
            "family": "Coppini",
            "given": "Davide",
            "sequence": "additional"
        },
        {
            "family": "Petrucci",
            "given": "Nicola",
            "sequence": "additional"
        },
        {
            "family": "Antonini",
            "given": "Benvenuto",
            "sequence": "additional"
        },
        {
            "family": "Landolfi",
            "given": "Luca",
            "sequence": "additional"
        },
        {
            "family": "Arnaiz",
            "given": "Fernando",
            "sequence": "additional"
        },
        {
            "family": "Forlini",
            "given": "Clarissa",
            "sequence": "additional"
        },
        {
            "family": "Stefanini",
            "given": "Flavia",
            "sequence": "additional"
        },
        {
            "family": "Micucci",
            "given": "Antonio",
            "sequence": "additional"
        },
        {
            "family": "Marelli",
            "given": "Jlenia Alessia",
            "sequence": "additional"
        },
        {
            "family": "Torresani",
            "given": "Francesco",
            "sequence": "additional"
        },
        {
            "family": "Panzeri",
            "given": "Cristina",
            "sequence": "additional"
        },
        {
            "family": "Paolini",
            "given": "Elena",
            "sequence": "additional"
        },
        {
            "family": "Guzzon",
            "given": "Davide",
            "sequence": "additional"
        },
        {
            "family": "Maderna",
            "given": "Laura",
            "sequence": "additional"
        },
        {
            "family": "Russo",
            "given": "Gianluca",
            "sequence": "additional"
        },
        {
            "family": "Berselli",
            "given": "Angela",
            "sequence": "additional"
        },
        {
            "family": "Biondo",
            "given": "Alberto",
            "sequence": "additional"
        },
        {
            "family": "Montalto",
            "given": "Claudio",
            "sequence": "additional"
        },
        {
            "family": "Bianciardi",
            "given": "Leonardo",
            "sequence": "additional"
        },
        {
            "family": "Della Mura",
            "given": "Federica",
            "sequence": "additional"
        },
        {
            "family": "Marino",
            "given": "Giovanni",
            "sequence": "additional"
        },
        {
            "family": "Zambon",
            "given": "Massimo",
            "sequence": "additional"
        },
        {
            "family": "Subert",
            "given": "Matteo",
            "sequence": "additional"
        },
        {
            "family": "Citerio",
            "given": "Giuseppe",
            "sequence": "additional"
        },
        {
            "family": "Saini",
            "given": "Maurizio",
            "sequence": "additional"
        },
        {
            "family": "Rona",
            "given": "Roberto",
            "sequence": "additional"
        },
        {
            "family": "Pezzi",
            "given": "Angelo",
            "sequence": "additional"
        },
        {
            "family": "Sabbatini",
            "given": "Giovanni",
            "sequence": "additional"
        },
        {
            "family": "Paganini",
            "given": "Silvia",
            "sequence": "additional"
        },
        {
            "family": "Porta",
            "given": "Virginia",
            "sequence": "additional"
        },
        {
            "family": "Benigni",
            "given": "Alberto",
            "sequence": "additional"
        },
        {
            "family": "Bonanomi",
            "given": "Ezio",
            "sequence": "additional"
        },
        {
            "family": "Fabretti",
            "given": "Fabrizio",
            "sequence": "additional"
        },
        {
            "family": "Gritti",
            "given": "Paolo",
            "sequence": "additional"
        },
        {
            "family": "Arachi",
            "given": "Giorgio",
            "sequence": "additional"
        },
        {
            "family": "Raimondi",
            "given": "Maurizio",
            "sequence": "additional"
        },
        {
            "family": "Casazza",
            "given": "Alberto",
            "sequence": "additional"
        },
        {
            "family": "De Filippi",
            "given": "Gianluca",
            "sequence": "additional"
        },
        {
            "family": "Piccoli",
            "given": "Francesca",
            "sequence": "additional"
        },
        {
            "family": "Umbrello",
            "given": "Michele",
            "sequence": "additional"
        },
        {
            "family": "Coppola",
            "given": "Silvia",
            "sequence": "additional"
        },
        {
            "family": "Pozzi",
            "given": "Tommaso",
            "sequence": "additional"
        },
        {
            "family": "Corona",
            "given": "Alberto",
            "sequence": "additional"
        },
        {
            "family": "Bossi",
            "given": "Emanuele",
            "sequence": "additional"
        },
        {
            "family": "Greco",
            "given": "Stefano",
            "sequence": "additional"
        },
        {
            "family": "Besozzi",
            "given": "Alessandra",
            "sequence": "additional"
        },
        {
            "family": "Covello",
            "given": "Remo Daniel",
            "sequence": "additional"
        },
        {
            "family": "Della Morte",
            "given": "Mauro",
            "sequence": "additional"
        },
        {
            "family": "Sangalli",
            "given": "Fabio",
            "sequence": "additional"
        },
        {
            "family": "Gasberti",
            "given": "Dario",
            "sequence": "additional"
        },
        {
            "family": "Maraggia",
            "given": "Davide",
            "sequence": "additional"
        },
        {
            "family": "Motta",
            "given": "Alessandro",
            "sequence": "additional"
        },
        {
            "family": "Agosteo",
            "given": "Emiliano",
            "sequence": "additional"
        },
        {
            "family": "Crottogini",
            "given": "Lucia",
            "sequence": "additional"
        },
        {
            "family": "Leoni",
            "given": "Olivia",
            "sequence": "additional"
        },
        {
            "family": "Tirani",
            "given": "Marcello",
            "sequence": "additional"
        },
        {
            "family": "Carbonara",
            "given": "Marco",
            "sequence": "additional"
        },
        {
            "family": "Crotti",
            "given": "Stefania",
            "sequence": "additional"
        },
        {
            "family": "Fusaris",
            "given": "Chiara",
            "sequence": "additional"
        },
        {
            "family": "Properzi",
            "given": "Paolo",
            "sequence": "additional"
        },
        {
            "family": "Rossi",
            "given": "Nicola",
            "sequence": "additional"
        },
        {
            "family": "Tagliabue",
            "given": "Paola",
            "sequence": "additional"
        },
        {
            "family": "Tubiolo",
            "given": "Daniela",
            "sequence": "additional"
        },
        {
            "family": "Maggio",
            "given": "Giuseppe",
            "sequence": "additional"
        },
        {
            "family": "Pagani",
            "given": "Michele",
            "sequence": "additional"
        },
        {
            "family": "Sciutti",
            "given": "Fabio",
            "sequence": "additional"
        },
        {
            "family": "Bertelli",
            "given": "Michele",
            "sequence": "additional"
        },
        {
            "family": "Militano",
            "given": "Carmine Rocco",
            "sequence": "additional"
        },
        {
            "family": "Morandi",
            "given": "Alessandro",
            "sequence": "additional"
        },
        {
            "family": "Valsecchi",
            "given": "Roberto",
            "sequence": "additional"
        },
        {
            "family": "Albano",
            "given": "Giovanni",
            "sequence": "additional"
        },
        {
            "family": "Barbara",
            "given": "Enrico",
            "sequence": "additional"
        },
        {
            "family": "Ballotta",
            "given": "Andrea",
            "sequence": "additional"
        },
        {
            "family": "Costantini",
            "given": "Elena",
            "sequence": "additional"
        },
        {
            "family": "Greco",
            "given": "Massimiliano",
            "sequence": "additional"
        },
        {
            "family": "Perazzo",
            "given": "Paolo",
            "sequence": "additional"
        },
        {
            "family": "Ceriani",
            "given": "Roberto",
            "sequence": "additional"
        },
        {
            "family": "Ranucci",
            "given": "Marco",
            "sequence": "additional"
        },
        {
            "family": "Resta",
            "given": "Marco",
            "sequence": "additional"
        },
        {
            "family": "Calvi",
            "given": "Maria Rosa",
            "sequence": "additional"
        },
        {
            "family": "Colombo",
            "given": "Sergio",
            "sequence": "additional"
        },
        {
            "family": "Dell'Acqua",
            "given": "Antonio",
            "sequence": "additional"
        },
        {
            "family": "Marino",
            "given": "Francesco",
            "sequence": "additional"
        },
        {
            "family": "Sebastiano",
            "given": "Pietro",
            "sequence": "additional"
        },
        {
            "family": "Sala",
            "given": "Giuseppe",
            "sequence": "additional"
        },
        {
            "family": "Belgiorno",
            "given": "Nicolangela",
            "sequence": "additional"
        },
        {
            "family": "Cosio",
            "given": "Rinaldo",
            "sequence": "additional"
        },
        {
            "family": "Guatteri",
            "given": "Luca",
            "sequence": "additional"
        },
        {
            "family": "Viola",
            "given": "Uberto",
            "sequence": "additional"
        },
        {
            "family": "Galletti",
            "given": "Marco",
            "sequence": "additional"
        },
        {
            "family": "Primerano",
            "given": "Vincenzo",
            "sequence": "additional"
        },
        {
            "family": "Visetti",
            "given": "Enrico",
            "sequence": "additional"
        },
        {
            "family": "Giacomini",
            "given": "Matteo",
            "sequence": "additional"
        },
        {
            "family": "Alborghetti",
            "given": "Armando",
            "sequence": "additional"
        },
        {
            "family": "Bertazzoli",
            "given": "Alberto",
            "sequence": "additional"
        },
        {
            "family": "Bertoni",
            "given": "Michele",
            "sequence": "additional"
        },
        {
            "family": "Mauri",
            "given": "Tommaso",
            "sequence": "additional"
        },
        {
            "family": "Prato",
            "given": "Giada",
            "sequence": "additional"
        },
        {
            "family": "Stocchetti",
            "given": "Nino",
            "sequence": "additional"
        },
        {
            "family": "Vivona",
            "given": "Luigi",
            "sequence": "additional"
        },
        {
            "family": "Waccher",
            "given": "Giulia",
            "sequence": "additional"
        },
        {
            "family": "Filippini",
            "given": "Matteo",
            "sequence": "additional"
        },
        {
            "family": "Latronico",
            "given": "Nicola",
            "sequence": "additional"
        },
        {
            "family": "Giani",
            "given": "Marco",
            "sequence": "additional"
        },
        {
            "family": "Pozzi",
            "given": "Matteo",
            "sequence": "additional"
        },
        {
            "name": "COVID-19 Lombardy ICU Network",
            "sequence": "additional"
        }
    ],
    "ctr": 0.1,
    "custom_score": 1.0,
    "id": {
        "dois": [
            "10.1001/jamanetworkopen.2022.38871"
        ]
    },
    "issued_at": 1666828800,
    "languages": [
        "en"
    ],
    "metadata": {
        "container_title": "JAMA Network Open",
        "first_page": 2238871,
        "issns": [
            "2574-3805"
        ],
        "issue": "10",
        "publisher": "American Medical Association (AMA)",
        "volume": "5"
    },
    "page_rank": 0.19543839,
    "referenced_by_count": 10,
    "references": [
        {
            "doi": "10.1056/nejmoa2035389",
            "type": "reference"
        },
        {
            "doi": "10.1056/nejmoa2110345",
            "type": "reference"
        },
        {
            "doi": "10.1056/nejmoa2101544",
            "type": "reference"
        },
        {
            "doi": "10.1056/nejmoa2115463",
            "type": "reference"
        },
        {
            "doi": "10.1016/j.lana.2021.100154",
            "type": "reference"
        },
        {
            "doi": "10.1056/nejmoa2110362",
            "type": "reference"
        },
        {
            "doi": "10.1016/s0140-6736(20)31866-3",
            "type": "reference"
        },
        {
            "doi": "10.1016/s0140-6736(21)00234-8",
            "type": "reference"
        },
        {
            "doi": "10.1016/s0140-6736(20)32661-1",
            "type": "reference"
        },
        {
            "doi": "10.1056/nejmoa2113017",
            "type": "reference"
        },
        {
            "doi": "10.1016/j.cmi.2021.06.036",
            "type": "reference"
        },
        {
            "doi": "10.3390/jpm11111086",
            "type": "reference"
        },
        {
            "doi": "10.1016/j.ijid.2021.10.032",
            "type": "reference"
        },
        {
            "doi": "10.1016/j.amsu.2021.102951",
            "type": "reference"
        },
        {
            "doi": "10.1183/13993003.02275-2021",
            "type": "reference"
        },
        {
            "doi": "10.1007/s00134-021-06610-z",
            "type": "reference"
        },
        {
            "doi": "10.1016/j.jclinepi.2007.11.008",
            "type": "reference"
        },
        {
            "doi": "10.1056/nejmoa2107715",
            "type": "reference"
        },
        {
            "doi": "10.1001/jamanetworkopen.2022.13553",
            "type": "reference"
        },
        {
            "doi": "10.1016/j.vaccine.2021.12.032",
            "type": "reference"
        },
        {
            "doi": "10.1056/nejmoa2114228",
            "type": "reference"
        },
        {
            "doi": "10.1056/nejmoa2114114",
            "type": "reference"
        },
        {
            "doi": "10.2139/ssrn.3957118",
            "type": "reference"
        },
        {
            "doi": "10.1126/science.abn2688",
            "type": "reference"
        },
        {
            "doi": "10.1016/s0140-6736(21)02717-3",
            "type": "reference"
        },
        {
            "doi": "10.1017/cbo9780511973420",
            "type": "reference"
        },
        {
            "doi": "10.1101/2021.08.21.21261501",
            "type": "reference"
        },
        {
            "doi": "10.1101/2021.09.29.21264199",
            "type": "reference"
        },
        {
            "doi": "10.1101/2021.10.25.21265304",
            "type": "reference"
        },
        {
            "doi": "10.2139/ssrn.3961378",
            "type": "reference"
        }
    ],
    "tags": [
        "General Medicine"
    ],
    "title": "Association of COVID-19 Vaccinations With Intensive Care Unit Admissions and Outcome of Critically Ill Patients With COVID-19 Pneumonia in Lombardy, Italy",
    "type": "journal-article",
    "updated_at": 1694552505
}