{
    "ctr": 0.1,
    "custom_score": 1.0,
    "id": {
        "dois": [
            "10.1001/amajethics.2019.131"
        ]
    },
    "issued_at": 1548979200,
    "languages": [
        "en"
    ],
    "metadata": {
        "container_title": "AMA Journal of Ethics",
        "first_page": 131,
        "issns": [
            "2376-6980"
        ],
        "issue": "2",
        "last_page": 137,
        "volume": "21"
    },
    "page_rank": 0.22855756,
    "referenced_by_count": 17,
    "tags": [
        "Health (social science)",
        "Health Policy",
        "Issues, ethics and legal aspects"
    ],
    "title": "Should Watson Be Consulted for a Second Opinion?",
    "type": "journal-article",
    "updated_at": 1693668456
}