{
    "authors": [
        {
            "family": "Lehman",
            "given": "Constance D."
        },
        {
            "family": "Wellman",
            "given": "Robert D."
        },
        {
            "family": "Buist",
            "given": "Diana S. M."
        },
        {
            "family": "Kerlikowske",
            "given": "Karla"
        },
        {
            "family": "Tosteson",
            "given": "Anna N. A."
        },
        {
            "family": "Miglioretti",
            "given": "Diana L."
        }
    ],
    "ctr": 0.1,
    "custom_score": 1.0,
    "id": {
        "dois": [
            "10.1001/jamainternmed.2015.5231"
        ]
    },
    "issued_at": 1446336000,
    "languages": [
        "en"
    ],
    "metadata": {
        "container_title": "JAMA Internal Medicine",
        "first_page": 1828,
        "issns": [
            "2168-6106"
        ],
        "issue": "11",
        "volume": "175"
    },
    "page_rank": 0.2326377,
    "referenced_by_count": 360,
    "tags": [
        "Internal Medicine"
    ],
    "title": "Diagnostic Accuracy of Digital Screening Mammography With and Without Computer-Aided Detection",
    "type": "journal-article",
    "updated_at": 1693677246
}