{
    "authors": [
        {
            "family": "Jakicic",
            "given": "John M."
        },
        {
            "family": "Davis",
            "given": "Kelliann K."
        },
        {
            "family": "Rogers",
            "given": "Renee J."
        },
        {
            "family": "King",
            "given": "Wendy C."
        },
        {
            "family": "Marcus",
            "given": "Marsha D."
        },
        {
            "family": "Helsel",
            "given": "Diane"
        },
        {
            "family": "Rickman",
            "given": "Amy D."
        },
        {
            "family": "Wahed",
            "given": "Abdus S."
        },
        {
            "family": "Belle",
            "given": "Steven H."
        }
    ],
    "ctr": 0.1,
    "custom_score": 1.0,
    "id": {
        "dois": [
            "10.1001/jama.2016.12858"
        ]
    },
    "issued_at": 1474329600,
    "languages": [
        "en"
    ],
    "metadata": {
        "container_title": "JAMA",
        "first_page": 1161,
        "issns": [
            "0098-7484"
        ],
        "issue": "11",
        "volume": "316"
    },
    "page_rank": 0.24686205,
    "referenced_by_count": 489,
    "tags": [
        "General Medicine"
    ],
    "title": "Effect of Wearable Technology Combined With a Lifestyle Intervention on Long-term Weight Loss: The IDEA Randomized Clinical Trial",
    "type": "journal-article",
    "updated_at": 1693675171
}