{
    "abstract": "<abstract><section><p>Objective.\\p=m-\\To revise and update models in the Mortality Probability Model (MPM II) system to estimate the probability of hospital mortality among 19124 in- tensive care unit (ICU) patients that can be used for quality assessment within and among ICUs.</p>\n<p>Design and Setting.\\p=m-\\Modelsdeveloped and validated on consecutive admis- sions to adult medical and surgical ICUs in 12 countries.</p>\n<p>Patients.\\p=m-\\Atotal of 12610 patients for model development, 6514 patients for model validation. Patients younger than 18 years and burn, coronary care, and cardiac surgery patients were excluded. Outcome Measure.\\p=m-\\Vitalstatus at hospital discharge.</p>\n<p>Results.\\p=m-\\Theadmission model, MPM0, contains 15 readily obtainable vari- ables. In developmental and validation samples it calibrated well (goodness-of-fit tests: P=.623 and P=.327, respectively, where a high P value represents good fit between observed and expected values) and discriminated well (area under the receiver operating characteristic curve=0.837 and 0.824, respectively). The 24-hour model, MPM24 (developed on 10357 patients still in the ICU at 24 hours), contains five of the admission variables and eight additional variables easily ascertained at 24 hours. It also calibrated well (P=.764 and P=.231 in the developmental and vali- dation samples, respectively) and discriminated well (area under the receiver op- erating characteristic curve=0.844 and 0.836 in the developmental and validation samples, respectively).</p>\n<p>Conclusions.\\p=m-\\Amongseverity systems for intensive care patients, the MPM0 is the only model available for use at ICU admission. Both MPM0 and MPM24 are useful research tools and provide important clinical information when used alone or together.</p></section></abstract>",
    "authors": [
        {
            "family": "Lemeshow",
            "given": "Stanley"
        }
    ],
    "content": "<content><section><p>Reprint requests to Critical Care Division, Baystate Medical Center, Springfield, MA 01199 (Dr Teres).</p>\n<p>OVER the past 10 years, severity-ofillness scores and models estimating the probability of hospital mortality among intensive care unit (ICU) patients have been increasingly used in ICUs. In ad¬ dition to the Mortality Probability Mod¬ els (MPMs),13 other available systems for adult ICU patients are the Acute Physiology and Chronic Health Evalu¬ ation (APACHE)46 and the Simplified Acute Physiology Score (SAPS). <ref target=\"#b15\" type=\"bibr\">7</ref> The Pediatrie Risk of Mortality <ref type=\"bibr\">(PRISM)</ref> model8 was developed for pediatrie ICU patients.</p>\n<p>Just as the ICU environment is not static, models for use in this environ¬ ment are updated to reflect changes in ICU technology, practices, and popula¬ tions. The APACHE scoring system has been revised twice since its develop¬ ment in 1981, most recently in 1991, and the updated SAPS will be introduced in 1993.9 This article presents a major re¬ vision of the MPMo and MPM24, the two models composing the new MPMII sys¬ tem. The MPM0 is the only model avail¬ able at ICU admission. The MPM24 is assessed at the 24-hour mark in the ICU. While the models of the earlier MPM system were developed in a single hos¬ pital, the data for the current study were collected in ICUs in 139 hospitals <ref type=\"bibr\">in 12</ref> countries.</p>\n<p>Our modeling goal was to develop and validate a simple system for estimating the probability of hospital mortality among ICU patients that could be used Advisory Panel: Bart Chernow, MD, Balti¬ more, Md; David Dantzker, MD, New Hyde as a performance assessment tool to com¬ pare the quality of care across ICUs and monitor quality of care within an ICU. Quality assessment comparisons require a standardized, objective measure of the level of severity of illness in ICUs, and one such measure is expected hospital mortality. Model-based estimates of the probability of hospital mortality of a group of ICU patients provide the ex¬ pected level of outcome in an ICU, all things being equal, against which the observed mortality rate in the ICU can be compared. Since, in addition to se¬ verity of illness, all things are not likely to be equal, from available technology to physician skill, the correspondence between observed and expected mor¬ tality, referred to as calibration or goodness-of-fit, can serve as an indicator of an ICU's performance relative to the standard set by the reference model. Observed mortality may be better or worse than that expected by the model, but, if it is different, then the causes merit further investigation.</p>\n<p>Several important modeling concepts guided the development of the MPMs. Statistically, we wanted our models to accurately reflect the mortality experi¬ ence of the patient sample while con¬ taining the minimum number of vari¬ ables necessary to calibrate and discrimi¬ nate well in the developmental and vali¬ dation samples. We included only clearly definable and reliably obtained terms, and we did not require the specification of a single \"principal\" diagnosis leading to ICU admission. We kept to a mini¬ mum the use of laboratory values, ra¬ diological examinations, and measure¬ ments that may not be performed as part of routine patient care. Finally, we included a minimum number of treat¬ ment variables in order for the MPM0 to reflect a baseline measure of severity of illness that was independent of ICU treatment.</p></section>\n<section><header>Methods</header></section>\n<section><header>Sample Selection</header>\n<p>Two data sets were assembled to de¬ velop the new MPMs. The data for Data Set I were collected in six adult medical and surgical ICUs in four teaching hos¬ pitals in the northeastern United States.</p>\n<p>The data for Data Set II were collected as part ofthe European and North Ameri¬ can Study of Severity Systems in 137 medical and surgical ICUs in 12 coun¬ tries. A list of participants in Data Sets I and II appears at the end of this article.</p>\n<p>The participating ICUs comprised a diverse sample of ICUs, with 41% being in university hospitals, 27% in univer¬ sity-affiliated hospitals, 16% in commu¬ nity teaching hospitals, and 16% in com- munity nonteaching hospitals. The me¬ dian number of beds in the participating hospitals was 700, with an average of 13 acute beds per ICU and two nurses per bed per 24 hours. Among the ICUs, 16% were medical, 24% were surgical, and 60% were mixed medical and surgical, with 37% of the patients being admitted from the emergency department, 30% from the recovery room following sur¬ gery, 24% from a floor in the same hos¬ pital, and 10% transferred from another hospital.</p>\n<p>Consecutive admissions of patients aged 18 years or older were eligible for enrollment, with the exception of burn, coronary care, and cardiac surgery pa¬ tients. For patients with multiple ICU admissions during the hospital stay, data from the first admission only were used.</p>\n<p>Data were collected either at the bed¬ side or abstracted from medical charts, and were recorded on paper forms. The quality of the data was monitored by having a second set of forms completed by the physician hospital coordinators at each hospital for a 5% random sample of patients. In each ICU, the data were computerized using specially written programs for IBM-compatible and Ma¬ cintosh personal computers. These pro¬ grams contained checks for out-of-range values and logical errors.</p>\n<p>For Data Set I, data collection for model development took place from April 17, 1989, through July 31, 1990. Data collection for model validation took place from September 1, 1990, through May 10,1991. Patients in the developmental sample who were readmitted to the ICU during the latter period were not in¬ cluded in the validation sample. For Data Set II, all patients were enrolled in the study between September 30 and De¬ cember 27, 1991. Patients remaining in the hospital on February 28,1992, were dropped from the study since vital sta¬ tus at hospital discharge could not be ascertained. Later follow-up to deter¬ mine the outcome among these patients was not attempted. Since all data in Data Set II were collected over only a 3-month period, it was necessary to avoid the potential temporal bias that could occur if the developmental sample was com¬ posed of patients from 2 of the months and the validation sample was composed of patients from 1 month. Therefore, when the data were compiled from all the ICUs in Data Set II, developmental and validation samples were created by assigning each patient a random num¬ ber between 0 and 1. Patients with a random number of 0.65 or less formed the developmental sample, and the re¬ maining patients formed the validation sample. The developmental samples of Data Sets I and II were combined to generate the new MPM0 and MPM24.</p>\n<p>Similarly, the validation samples were combined for model validation.</p></section>\n<section><header>Statistical Analysis</header>\n<p>Associations of categorical indepen¬ dent variables with hospital mortality were assessed with 2 tests, and the significance of continuous variables was assessed with Student's t tests and Wilcoxon's Rank Sum Tests. Variables were eligible for entry into a multiple logistic regression model if they were signifi¬ cantly associated with hospital mortal¬ ity at a value of less than .1 and at least 2% of the population exhibited that factor. The statistic was used to assess interrater reliability of variables. Using the method of maximum likelihood, es¬ timated coefficients and their SE s were calculated. Variables were eliminated from the model one at a time based on likelihood ratio tests.</p>\n<p>When all statistically nonsignificant (P&gt;.05) variables had been eliminated from the multivariate model, calibration was assessed using the Hosmer-Leme- show goodness-of-fit test.10 This test evaluates the degree of correspondence between a model's estimated probabili¬ ties of mortality and the actual mortal¬ ity experience of patients over groups spanning the entire range of probabili¬ ties. The procedure for calculating the Hosmer-Lemeshow goodness-of-fit test is available on request from the authors. Discrimination was assessed using the area under the receiver operating char¬ acteristic (ROC) curve11 to evaluate how well the model distinguished patients who lived from patients who died. The statistic represents, for all possible pairs of patients, the proportion in which the patient who died had a higher probabil¬ ity of mortality than the patient who lived.</p>\n<p>After initial assessment of the per¬ formance of the model, variables whose elimination improved calibration while not significantly affecting discrimination were considered for exclusion to further reduce the number of variables in the model. The final step in model develop¬ ment was to explore all possible two- way interactions between these vari¬ ables. The three criteria for including an interaction term in the final MPM0 were <ref target=\"#b9\" type=\"bibr\">(1)</ref> significance at a value of .05 or less in the full model, (2) exhibition of the combination of factors in the interaction in at least 1% of the population, and (3) clinical plausibility. Modeling for the MPM24 followed the same process as the modeling for the MPM0. Variables assessed at 24 hours in the ICU, as well as all admission vari¬ ables from the MPM0, were eligible for inclusion in the MPM24.</p></section>\n<section><header>Results</header></section>\n<section><header>MPM II Admission Model</header>\n<p>Data were collected on 21035 patients, of whom 19 442 met the inclusion crite¬ ria and their hospital mortality could be ascertained. When patients with miss¬ ing data were excluded, there were 19124 cases available for the develop¬ ment and validation of the MPM0,12 610 cases in the developmental sample, and 6514 cases in the validation sample. The overall mortality rate was 20.8%. Table <ref type=\"table\">1</ref> presents the results ofbivariate analy¬ ses of vital status at hospital discharge with the 14 categorical variables that, in addition to age, ultimately constituted the MPM0. The mean age was 55.4 years among patients who were discharged alive from the hospital and 62.9 years among patients who died. Each of these variables was statistically significantly associated with hospital mortality (P&lt;.0001) in the combined developmen¬ tal and validation data sets.</p>\n<p>Multiple logistic regression modeling in the developmental data set, during which numerous variables were elimi¬ nated based on the criteria outlined, re¬ sulted in a main-effects model contain¬ ing <ref target=\"#b23\" type=\"bibr\">15</ref> variables. An examination of all possible two-way interactions among these main effects determined that none satisfied all of our criteria for inclusion in the MPM0. <ref type=\"bibr\">Table</ref> <ref target=\"#tab_2\" type=\"table\">2</ref> presents the es¬ timated logistic regression coefficients, estimated SEs, adjusted odds ratios, and 95% confidence intervals (CIs) for the adjusted odds ratios for the final MPM0. Coma or deep stupor applies only to patients who are not neurologically im¬ paired due to a drug overdose. Chronic renal insufficiency excludes patients ex¬ periencing an acute exacerbation. Such patients are classified under acute renal failure, which is recorded whether or not a patient has a history of chronic renal insufficiency. Systolic blood pres¬ sure and heart rate were recorded as continuous variables. As a result of our model development, both were dichoto¬ mized: systolic blood pressure of 90 mm Hg or less and heart rate of 150 beats per minute or more.</p>\n<p>As can be seen in Table <ref target=\"#tab_2\" type=\"table\">2</ref>, the vari¬ ables most predictive of hospital mor¬ tality were coma or deep stupor at time of iCU admission and acute renal fail¬ ure. Each had an odds ratio of 4.4, mean¬ ing that a patient having one of these conditions would be 4.4 times as likely to die in the hospital as another patient not having that condition, controlling simultaneously for all other variables in the model. The odds ratio for age pre¬ sented in Table <ref target=\"#tab_2\" type=\"table\">2</ref> provides an estimate of the increased risk of hospital mortal¬ ity associated with 10 additional years   of age, controlling for all other variables in the model.</p>\n<p>The complete definitions of the vari¬ ables in the model are given in Table <ref target=\"#tab_3\" type=\"table\">3</ref>. An illustration ofthe calculation of prob¬ ability of hospital mortality using the MPM0 is given in <ref target=\"#tab_4\" type=\"table\">Table 4:</ref> 1. Compute the logit g(x), defined as gi(a;)=ßo+ßiit;1+ß2a;2+...+ßkxk, where ß0 is the constant and ßjXj is the estimated coefficient for the ith variable times the value of the ith variable, with i taking on the values from 1 to k, and k being the number of variables in the model.</p>\n<p>The variables in the MPM, except age, take on the value of 0 or 1, signifying the absence or presence, respectively, ofthe characteristic. Age is entered as age in years.</p>\n<p>2. Transform the logit into a probabil¬ ity through the following calculation: Pr (hospital mortality)=[e8(x,/l+e««l. For ex¬ ample, a 60-year-old patient (Table <ref target=\"#tab_4\" type=\"table\">4</ref>) with alcohol-induced cirrhosis is an emergency admission to the ICU. The patient suf¬ fered significant gastrointestinal bleed¬ ing resulting in a drop in systolic blood pressure to less than 90 mm Hg. At the time of ICU admission, the patient's heart rate is 130 beats per minute. </p></section>\n<section><header>Physiology</header>\n<p>Coma or deep stupor at ICU admission, not due to drug overdose For patients taking a paralyzing muscle relaxant, awakening from anesthesia, or heavily sedated, use your best judgment of the level of consciousness prior to sedation</p></section>\n<section><header>Coma</header>\n<p>No response to any stimulation, no twitching, no movement In extremities, no response to pain or com¬ mand; generally corresponds to a Glasgow Coma Scale of 3 Deep stupor Exhibits decorticate or decerebrate posturing; posturing is spontaneous or in response to stimulation or deep pain, not in response to commands; generally corresponds to a Glasgow Coma Scale of 4 or 5</p>\n<p>Heart rate at ICU admission Record whether the heart rate was noted to be =:150 beats/mln within 1 h before or after ICU admission Systolic blood pressure at ICU admission Record whether the systolic blood pressure was noted to be s90 mm Hg within 1 h before or after ICU admission Chronic diagnoses Chronic renal compromise or Insufficiency Should have evidence of an elevation of serum creatinlne &gt;176.8 µ /L (2.0 mg/dL) and be documented as chronic in the medical history; if patient has acute diagnosis on chronic renal failure, then only record as yes under \"acute renal failure\" Cirrhosis Yes If history of heavy alcohol use with portal hypertension and varices, other causes with evidence of portal hypertension and varices, or biopsy confirmation Metastatic malignant neoplasm For example, stage IV cancer; excludes regional nodes; mark yes if métastases obvious by clinical assess¬ ment or confirmed by a pathology report; mark no If It Is not obvious and has to be confirmed by a pathology report that is not available at the time of ICU admission; acute hématologie malignancies are considered in this category; chronic leukemia Is considered only if there are findings attributable to the disease or the patient is under active treatment for the leukemia; findings include sepsis, anemia, stroke caused by clumping of white blood cells, tumor lysis syndrome (increased uric acid as the result of chemotherapy), pulmonary edema In¬ cluding lymphangiectatic form of ARDS Acute diagnoses Acute renal failure ATN, tubular necrosis, or acute diagnosis on chronic renal failure; prerenal failure Is not included Cardiac dysrhythmlas Cardiac arrhythmia, paroxysmal tachycardia, fibrillation with rapid ventricular response, second-or third-degree heart block; do not include chronic and stable arrhythmias</p></section>\n<section><header>Cerebrovascular incident</header>\n<p>Cerebral embolism, occlusion, CVA, stroke, brain-stem infarction, cerebrovascular arteriovenous malforma¬ tion (acute stroke or cerebrovascular hemorrhage, not chronic arteriovenous malformation) Gastrointestinal bleeding Hematemesls, melena; a perforated ulcer does not necessarily indicate Gl bleeding-may be identified by ob¬ vious \"coffee grounds\" In the NG tube; a drop in hemoglobin by itself is not sufficient evidence of acute Gl bleeding Intracranial mass effect Intracranial mass (abscess, tumor, hemorrhage, subdural) as identified by CT or other scan associated with any of the following: (1) mldllne shift, (2) obliteration or distortion of cerebral ventricles, (3) gross hemorrhage in cerebral ventricles or subarachnold space, (4) visible mass &gt;4 cm, or (5) any mass that enhances with con¬ trast media; if the mass effect is known within 1 h of ICU admission, it can be indicated as yes; CT scanning is not mandated and is only Indicated for patients with major neurological Insult Other Age, y Patient's age at last birthday CPR within 24 h prior to ICU admission CPR includes chest compression, defibrillation, or cardiac massage; record as yes regardless of where the CPR was administered Mechanical ventilation Patient is using a ventilator at the time of ICU admission or immediately thereafter Medical or unscheduled surgery admission This question should be answered yes except for (1) elective-surgery (ie, surgery scheduled at least 24 h In advance) patients and (2) preoperative Swan-Ganz insertion if elective-surgery patient *ICU indicates intensive care unit; ARDS, adult respiratory distress syndrome; ATN, acute tubular necrosis; CVA, cerebrovascular accident; Gl, gastrointestinal; NG, nasogastric; CT, computed tomography; and CPR, cardiopulmonary resuscitation.</p>\n<p>The values for the logit for this patient would be calculated as in Table <ref target=\"#tab_4\" type=\"table\">4</ref>, in which the appropriate 0,1 coding for each variable is shown, as is the patient's age in years.</p>\n<p>The variables in the MPM0 demon¬ strated good reliability in data collec¬ tion. The intraclass correlation coeffi¬ cient for age was .99. The percentage of agreement for the dichotomous variables ranged from greater than 96% for medi¬ cal or unscheduled surgery admission to greater than 99% for heart rate and sys¬ tolic blood pressure. Heart rate, systolic blood pressure, mechanical ventilation, and medical or unscheduled surgery ad¬ mission had values of 0.90 or greater.</p>\n<p>Cirrhosis, acute renal failure, cere¬ brovascular incident, intracranial mass effect, and cardiopulmonary resuscita¬ tion had values of 0.85 or greater. Coma or deep stupor, metastatic neoplasm, car¬ diac dysrhythmia, and gastrointestinal bleeding had values of 0.80 or greater. History of chronic renal insufficiency without acute exacerbation had a value of 0.63.</p></section>\n<section><header>Calibration and discrimination results</header>\n<p>for the MPM0 in the developmental data set are presented in Table <ref target=\"#tab_5\" type=\"table\">5</ref>. The area under the ROC curve for MPM0 in the developmental data set was 0.837, indi¬ cating that the model discriminated well between patients who lived and patients who died. The Hosmer-Lemeshow goodness-of-fit test indicated that the model was also well calibrated (P=.623). In this test, a large value indicates that the model is performing well, ie, that there is not a large discrepancy between ob¬ served and expected mortality. As can be seen, there was close agreement be¬ tween observed and expected frequen¬ cies over the 20 cells of the table, indi¬ cating a high degree of calibration be¬ tween model performance and actual outcome.</p>\n<p>When the MPM0 was applied to the validation data, the area under the ROC curve was 0.824 and the value for the goodness-of-fit test was .327, indicating that the model validated well as dem¬ onstrated by both good discrimination and good calibration.</p></section>\n<section><header>MPM II 24-Hour Model</header>\n<p>The MPM24 was designed to be cal¬ culated for patients who remained in the ICU for 24 hours or longer. These patients differed considerably from pa¬ tients who either died or had been dis¬ charged alive within the first 24 hours of the ICU stay. The hospital mortality rate among patients who were dis¬ charged alive before 24 hours was only 3.0%, compared with a hospital mortal¬ ity of 21.8% among patients who re¬ mained in the ICU longer than 24 hours. Table <ref target=\"#tab_6\" type=\"table\">6</ref> shows the prevalence of the MPMo variables among those who died in the ICU within 24 hours of admission, those who left the ICU alive within 24 hours, and those who remained in the ICU after 24 hours. As expected, these characteristics occurred with higher fre¬ quency among patients who died within the first 24 hours of the ICU stay, and they occurred most infrequently among patients who were discharged alive dur¬ ing that interval. The group of patients remaining in the ICU for at least 24 hours differed significantly (at the P&lt;.001 level) from both other groups of patients for all of the variables, except chronic renal insufficiency (P=.074 com¬ pared with patients who died, and P=.438 compared with patients discharged alive) and cirrhosis and cerebrovascular inci¬ dent (P=.01 and P=.142, respectively, compared with patients who died). Be¬ cause the group remaining in the ICU for at least 24 hours differed from those with shorter ICU stays, we decided not to include patients in the ICU for less than 24 hours in our model development for MPM24.</p>\n<p>Of the 12 610 patients in the develop¬ mental sample, 2253 (18%) had either died or been discharged alive from the ICU prior to 24 hours, leaving 10357 patients for the development of the MPM24. Model development for the *See the \"Results\" section in the text for a description of this example patient and the variables of the calculations. Logit=0.15143. This patient's probability of hospital mortality, as calculated using the Mortality Probability Model (MPMII) system admission model (MPM\"), Is gO.15143 -or 0.54.</p></section>\n<section><header>1+e0.l5l43</header>\n<p>The probability is an estimate, or expectation, based on the mortality experience of a large group of similar patients and represents the proportion of patients expected to exhibit the outcome. Thus, 54 of 100 ICU patients having this probability would be expected to die and 46 of such patients would be expected to live. tNot applicable. *MPM0 indicates Mortality Probability Model system admission model. C=6.21 (goodness-of-fit, based on deciles of risk); di=8; P=.623; area under the receiver operating characteristic curve=0.837. MPM24 proceeded in the same manner as for the MPM0, and multiple logistic regression modeling resulted in a main- effects model containing five variables from the MPM0 and eight variables col¬ lected at 24 hours. Table <ref target=\"#tab_7\" type=\"table\">7</ref> presents the 13 variables in the MPM24, their esti¬ mated logistic coefficients, estimated SEs, adjusted odds ratios, and 95% con¬ fidence intervals for the adjusted odds ratios.</p>\n<p>The assessment of coma or deep stu¬ por is made at the 24-hour mark in the ICU and, unlike the assessment for the MPM0, patients in coma or deep stupor at 24 hours due to a drug overdose are not excluded from the definition. As was true for coma or deep stupor at admis¬ sion in the MPM0, coma or deep stupor at the 24-hour mark was highly predic¬ tive of hospital mortality, with patients having this condition being more than five times as likely to die in the hospital as those without coma or deep stupor, controlling simultaneously for all other variables in the model. A urine output of less than 150 mL in 8 hours applies to any 8-hour period during the first 24 hours in the ICU. Continuous intrave¬ nous vasoactive drug therapy is recorded if it was administered continuously for 1 hour or more. Complete definitions of the variables in the model are given in Table <ref type=\"table\">8</ref>.</p>\n<p>The additional variables collected at 24 hours for the MPM24 demonstrated good reliability in data collection. The percentage of agreement for the dichoto- mous variables ranged from greater than 93% for intravenous vasoactive drug therapy, confirmed infection, and par¬ tial pressure of oxygen (Po2) to greater than 98% for coma or deep stupor at 24 hours, mechanical ventilation, and crea- tinine. Mechanical ventilation and crea- tinine had values of 0.97. Coma or deep stupor and prothrombin time had val¬ ues of 0.88 and 0.87, respectively. In¬ travenous vasoactive drug therapy and confirmed infection had values of 0.80.</p>\n<p>Urine output and Po2 had values of 0.79 and 0.72, respectively.</p>\n<p>The results of the tests of calibration and discrimination for the MPM24 in the developmental data set are presented in Table <ref target=\"#tab_8\" type=\"table\">9</ref>. The ROC curve analysis indi¬ cated that the MPM24 discriminated well between patients who lived and patients who died (ROC value, 0.844), and goodness-of-fit testing indicated that the model was also well calibrated (P=.764).</p>\n<p>When the model was applied to the 5568 patients in the validation sample who were in the ICU for at least 24 hours, the area under the ROC curve was 0.836 and the value for the goodness-of-fit test was .231, indicating that the model validated well.</p></section>\n<section><header>COMMENT</header>\n<p>The MPMo contains 15 easily obtain¬ able variables and the MPM24 requires the collection of only an additional eight readily ascertainable variables after 24 hours in the ICU. The relatively small number of variables minimizes the bur¬ den of data collection and the potential for error. All of the variables in both models are clearly and objectively de¬ fined and most are routinely evaluated for a patient. The high level of consis¬ tency in the data collection indicates that the variables can be reliably obtained, with the time estimated for collecting the model variables to be a few minutes per model.</p>\n<p>The MPM24 is the companion model to the MPM0. It is tailored to the more complex patients remaining in the ICU for at least 24 hours, and provides an updated probability of mortality at the 24-hour mark in the ICU. It was de¬ signed to be used only for patients in the ICU for at least 24 hours, a group that differed significantly from patients who left the ICU earlier. The MPM^was designed to be calculated at 24 hours in the ICU, while the APACHE and the SAPS systems do not differentiate be¬ tween patients who remain in the ICU for 24 hours or more and those who do not, applying the same scoring system or model to all. When patients leave the ICU prior to 24 hours, the APACHE and SAPS are calculated but the is not. Therefore, future studies com¬ paring the performance of the MPM II system with the APACHE or SAPS sys¬ tems should be based on patients re¬ maining in the ICU for at least 24 hours, using the MPM24 probability as the com¬ parison measure.  Although the MPM24, APACHE, and SAPS systems all use physiological mea¬ surements, the MPM24 uses the fewest, and the others require that the worst values in a 24-hour period be specified, with more points being assigned as the measurements move away from a norm.</p>\n<p>It is possible that the differential use of continuous monitoring could, therefore, have a greater impact on estimates of the probability of mortality from the APACHE or SAPS systems than from the MPM24.</p>\n<p>The MPM0 contains one radiological examination variable and the MPM^con¬ tains four laboratory value variables, most of which are routinely measured in a patient. The assessment of intracra- nial mass effect in the MPM0 would re¬ quire the use of computed tomography, and this diagnostic procedure is now con¬ sidered the standard of care for head trauma patients and others with acute neurological emergencies.1215 No assess¬ ments are mandated, with values as¬ sumed to be in a normal range when measurements have not been ordered.</p>\n<p>Both the MPMo and MPM^demon¬ strated a high degree of calibration and discrimination, providing evidence, based on objective criteria, that we met the overall goal of an accurate and re¬ liable system for the estimation of the probability of hospital mortality. A re¬ cent consensus report by RAND16 fully supports the complementary roles of the goodness-of-fit test and area under the ROC curve in the assessment of model performance. The ROC values are not sufficient in themselves to provide as¬ surance of model performance, which is why we presented results of goodnessof-fit tests as being at least as important a measure of model performance as area under the ROC curve. A model whose ROC value is greater than 0.90 may still be poorly calibrated with respect to goodness-of-fit and it cannot necessar¬ ily be assumed to be a good model. Performance of the new MPM II mod¬ els was compared with the previous mod¬ els in the MPM system in the validation sample. Neither the old admission model nor the old 24-hour model, both of which had been developed in a single ICU, demonstrated adequate calibration (P&lt;.001 for the old admission model and P&lt;.0001 for the old 24-hour model). The lack of fit of the old models in the vali¬ dation sample composed of a broad spec¬ trum of ICUs supported the need to update models to better reflect prob¬ abilities of hospital mortality in the changing ICU environment.</p>\n<p>A measure of severity that is inde¬ pendent of ICU treatment is the best baseline measure to apply when com¬ paring different ICUs or monitoring quality of care in a single ICU. The MPM0 is the only model currently available for assessing a patient's severity of illness at the time the patient enters the ICU.</p>\n<p>The model contains the treatment terms cardiopulmonary resuscitation prior to ICU admission and mechanical venti¬ lation at admission, but these are treat¬ ments given to the patient before ad¬ mission and are reflective ofthe patient's condition prior to the inception of ICU treatment. Once a patient begins a course of therapy in the ICU, it is not possible to avoid the impact of treat¬ ment.</p>\n<p>The MPM() and MPM24 contain some diagnoses as variables because both chronic and acute conditions have an obvious impact on mortality, but users do not have to choose only one diagnosis for a patient in order to apply the mod¬ els. This avoids the specification of a single \"most important\" diagnosis for a complex patient, since systems that re¬ quire such information may rely too heavily on information that cannot be collected with acceptable reliability. Aside from the legitimate disagreement possible among equally qualified medi¬ cal personnel, there is the potential prob¬ lem of the stability of such models. To develop a separate model for each pri¬ mary diagnosis would require develop¬ ing each model based on a relatively small number of patients and then vali¬ dating that model based on perhaps an Table <ref type=\"table\">8</ref>.-Mortality Probability Model (MPM II) System 24-Hour Model (MPM24) Variables and Definitions* Coma or deep stupor at 24 h, whether or not due to drug overdose Determination is made at the 24-h mark; for patients taking a paralyzing muscle relaxant, awakening from anesthesia, or heavily sedated, use best judgment of the level of consciousness prior to sedation; the definition for this variable is the same as for \"coma or deep stupor\" in the MPM0,t but overdose patients still in coma or deep stupor at 24 h are not an exception to the definition Creatinine &gt; 176.8 µ /L (2.0 mg/dL) Determination applies at any time during the first 24 h</p></section>\n<section><header>Confirmed infection</header>\n<p>Confirmed admission infection or confirmed new infection; determination applies at any time during the first 24 h; yes only If cultures, Gram's stains, or roentgenograms confirm a suspected admission infection or new infec¬ tion that developed in the first 24 h, or there is evidence of gross purulence; laboratory confirmation (including verbal or fax-type confirmation) must be obtained by the 24-h mark for \"confirmed\" to be checked; if used to con¬ firm presence of infection, radiological or other imaging evidence must be strongly suggestive</p></section>\n<section><header>Mechanical ventilation</header>\n<p>Determination applies at any time during the first 24 h Partial pressure of oxygen (Po2) &lt;7.98 kilopascal (60 mm Hg) Determination applies at any time during the first 24 h; Po2 values in the operating room and recovery room should not be considered; does not count transient drop during trachéal suctioning; a sustained drop in pulse oximetry &lt;90% is acceptable evidence of low Po2; record as yes regardless of fraction of inspired oxygen (Fio2)</p>\n<p>Prothrombin time &gt;3 sec above standard Determination applies at any time during the first 24 h</p>\n<p>Urine output &lt;150 mL Determination applies to any 8-h period during the first 24 h Vasoactive drug therapy Continuous intravenous therapy for 1 h or more; determination applies at any time during the first 24 h; vaso¬ active drugs include the following: (1 ) any dose of metaraminol bitartrate, epinephrine, norepinephrine bitartrate, dobutamine, phenylephrine hydrochlorlde, or amrinone; (2) naloxone hydrochloride if used to elevate blood pressure; and (3) dopamine hydrochloride only if &gt;5 µg/kg per min *ln addition to the five admission assessments (variables)(see Table <ref target=\"#tab_3\" type=\"table\">3</ref>), these eight assessments (variables) are made after the patient has been in the intensive care unit for 24 h. tMPM0 indicates MPM II admission model. *MPM24 Indicates Mortality Probability Model system 24-h model. 6=4.94 (goodness of fit, based on deciles of risk); dr=8; P=.764; area under the receiver operating characteristic curve=0.844. even smaller number of patients. That such models are more valid than a gen¬ eral model for patients within a disease category has yet to be demonstrated.</p>\n<p>Having valid models for disease sub¬ groups is particularly important, how¬ ever, when accurate estimates of the probabilities of mortality are necessary for individual patients, such as when stratifying them for participation in clini¬ cal trials. The use of a probability model in the aggregate makes no inferences about the predicted outcome of indi¬ vidual patients. For a model to be useful in applications for individual patients in a particular ICU setting, it must be dem¬ onstrated to provide estimates of mor¬ tality that accord with those observed in the unit. Not only should probabili¬ ties rise as mortality rates rise in gen¬ eral, but, more specifically, the expected numbers of deaths based on the prob¬ abilities should be close to the observed number of deaths, ie, good fit should be evident.</p>\n<p>We developed the models in the MPM II system for quality assessment in gen¬ eral medical/surgical ICUs, and it would not be appropriate simply to use these models for specific subgroups of patients unless good model performance within those subgroups can been demonstrated. We have done some preliminary inves¬ tigation of the performance of our mod¬ els among patients with selected diag¬ noses (eg, patients with cancer and pa¬ tients with sepsis), and the results are extremely positive. We have found that in situations in which the general model did not fit well, a simple adjustment produced excellent calibration. We have used two strategies to adjust or \"cus¬ tomize\" our models for subgroups, one using the original logit in a new logistic regression equation and one using the same model variables to generate a new set of coefficients for the variables. These investigations are ongoing and will be reported when they are complete.</p>\n<p>Statistical model building can be as much an art as it is a science, and as a result, two investigators, using precisely the same data, would not necessarily arrive at the same final model. There are many risk factors for hospital mor¬ tality that have intuitive appeal clini¬ cally but that may or may not be sta¬ tistically significant in a multivariate model. While it is true, for example, that numerous physiology variables may be predictive of hospital mortality, other types ofvariables can be used along with physiology variables in multivariate models to provide excellent estimates of the probability of hospital mortality. The statistical modeling process has assisted in the screening out of those variables that do not make an additional contri¬ bution to the estimation, reducing to a minimum the number of such risk fac¬ tors that need to be taken into account.</p>\n<p>As logistic regression models prolif¬ erate with the increasing ease of com¬ putation, the simple mechanics of gen¬ erating a set of coefficients can obscure the fact that decisions are being made by the researchers involved that are in¬ dependent of the straightforward sta¬ tistical calculations. The modeling con¬ cepts we outlined are those we felt were important in producing an accurate and unbiased assessment of outcome, but we recognize that there are many other guidelines that a researcher might choose. No given model is the one and only possible model for the task at hand. Given the complexity and diversity of ICU patients and their disease pro¬ cesses, our decision to include fewer dis¬ ease variables and physiology-based variables simply represents one ap¬ proach. We fully believe that more than one approach and model can character¬ ize ICU patients with respect to ex¬ pected outcome, and we have detailed our approach so that other scientists can evaluate the usefulness of our mod¬ els in meeting their needs and can make full use of the results. Systems using a black-box approach prohibit scientific replication and verification.</p>\n<p>While the MPM0 and MPM24 met our criteria for models to be used in ICU settings, they still share the same limi¬ tations as all probability models for ICU patients. Neither the models in the MPM system nor the models in the SAPS and APACHE systems were based entirely on representative samples from a larger population of ICUs, and the information from none of these studies can be used to make statements about the total popu¬ lation of ICUs and their patients.</p>\n<p>If a population of ICUs could be de¬ fined, selecting a random sample com¬ posed of over 100 ICUs and several thou¬ sand ICU patients would first require the construction of a detailed and accu- rate sampling frame that permitted stratification by various factors such as size, teaching program, location, and pa¬ tient mix. The success of the study would then depend on the participation of the selected hospitals and the commitment of the ICU personnel to the study goals and the quality of the data gathered. Any deficiency in these areas would se¬ riously jeopardize statistical inference about the ICU population as a whole. Sample representativeness is impera¬ tive in order to characterize populations, and therefore we have not attempted to do so. No conclusions can be drawn about the characteristics of all ICUs in the participating countries or about the char¬ acteristics of all patients in ICUs in those countries.</p>\n<p>The goal of our research was to study the relationship among variables and to examine how the presence of selected risk factors in ICU patients related to hospital mortality. The MPM0 and MPMŵ ere based on a broad range of adult general medical and surgical ICU pa¬ tients. The participating ICUs were se¬ lected because of their interest and will¬ ingness to collect complete and thor¬ ough data. Both the size of the sample and the number and diversity of the ICUs provide assurance that the MPM0 and MPM24 will be more robust to dif¬ ferent ICU settings and patient mixes than the previous versions of the mod¬ els that were developed in a population consisting of a single ICU.</p>\n<p>The key issue in evaluating the use¬ fulness of the sample is its appropri¬ ateness relative to the goals of the modeling process and the use to which models are to be put. Used as a tool to compare ICUs and monitor quality of care within an ICU, models serve as a reference against which performance can be measured by as¬ sessing the observed outcome in a unit relative to that expected by the models. In this application, models serve as common yardsticks for over¬ all comparison purposes without mak¬ ing inferences about the predicted outcome of an individual patient or the prevalence of selected risk factors or outcomes in the ICU population as a whole. That being the case, random or representative samples are not necessary to ensure the usefulness and validity of the models as qualityassessment tools. In fact, it is neither highly likely nor desirable that the models we developed, based on com¬ bining the patients over a large num¬ ber of hospitals in many diverse set¬ tings, will accurately reflect the mortality experience in all ICUs or all countries. If that were the case, then we would have very poor tools for discovering differences in hospital performance. What we do have are models that perform exceedingly well based on a large and diverse, if not randomly selected, cohort of patients and provide us with a means of iden¬ tifying hospitals that perform at a considerably higher or lower level than this cohort.</p>\n<p>We agree with others17\"19 that no sys¬ tem has been perfected to the point where decisions regarding individual pa¬ tients can be based on the estimated probabilities produced. This is especially true when considering denying a patient admission to the ICU on the basis of the estimated probability. This decision can¬ not be based on the patient's probability of hospital mortality as estimated by the APACHE, the SAPS, or the MPM, because all these models were devel¬ oped based on patients who received ICU care. The probabilities produced are accurate estimates of the patient's true probability of dying in the hospital only if the patient receives ICU care. Thus, a potential ICU patient with a very low probability of mortality esti¬ mated by the MPM0 might, in fact, have a considerably higher actual probability of mortality if ICU admission were de¬ nied.</p>\n<p>In summary, the models in the MPM II system, currently composed of the MPMo and MPM24, demonstrate excel¬ lent calibration and discrimination. Both models can serve as useful tools for qual¬ ity-assessment purposes. Work is in progress to develop additional models in the MPM II system that will be de¬ signed to estimate probabilities of hos¬ pital mortality at later 24-hour intervals in the ICU.</p>\n<p>This study was supported in part by grant HS06026 from the Agency for Health Care Policy and Research, Rockville, Md; the European Society of Intensive Care, Brussels, Belgium; the Univer¬ sity of Lariboisière-Saint-Louis, Paris, France; and grants from Laboratoire Roche, Neuilly Sur Seine, France, Laboratoire Centocor, Boulogne, France, Laboratoire ICI-Pharma, Cergy, France, Labora¬ toire Pfizer, Orsay, France, Laboratoire Roussel- Uclaf, Paris, France, Laboratoire Smithkline Bee- cham, Nanterre, France, Caisse Nationale Assurance Maladie, Paris, France, Glaxo Pharma¬ ceuticals, Research Triangle Park, NC, Roche Laboratories, Nutley, NJ, and Merck &amp; Co Ine, West Point, <ref type=\"bibr\">Pa.</ref> Study participants for Data Set I included the following: Study Coordinators: S. Lemeshow, Uni¬ versity of Massachusetts, Amherst; D. Teres, Baystate Medical Center, Springfield, Mass; Albany</p></section></content>",
    "ctr": 0.1,
    "custom_score": 1.0,
    "id": {
        "dois": [
            "10.1001/jama.1993.03510200084037"
        ]
    },
    "issued_at": 754099200,
    "languages": [
        "en"
    ],
    "links": [
        {
            "cid": "bafyb4iaffzqt52f5qtuhbwnliluijnl6xmlrdxrmunqecvtwzmaxqqohb4",
            "extension": "pdf",
            "filesize": 1561067,
            "md5": "b1c44a2705871d3eedb72046fb0eca1f",
            "type": "primary"
        }
    ],
    "metadata": {
        "container_title": "JAMA: The Journal of the American Medical Association",
        "first_page": 2478,
        "issns": [
            "0098-7484"
        ],
        "issue": "20",
        "volume": "270"
    },
    "page_rank": 0.6781331,
    "referenced_by_count": 609,
    "tags": [
        "General Medicine"
    ],
    "title": "Mortality Probability Models (MPM II) Based on an International Cohort of Intensive Care Unit Patients",
    "type": "journal-article",
    "updated_at": 1693701569
}