{
    "authors": [
        {
            "family": "Robinson",
            "given": "June K."
        },
        {
            "family": "Halpern",
            "given": "Allan C."
        }
    ],
    "ctr": 0.1,
    "custom_score": 1.0,
    "id": {
        "dois": [
            "10.1001/jamadermatol.2015.2681"
        ]
    },
    "issued_at": 1451606400,
    "languages": [
        "en"
    ],
    "metadata": {
        "container_title": "JAMA Dermatology",
        "first_page": 19,
        "issns": [
            "2168-6068"
        ],
        "issue": "1",
        "volume": "152"
    },
    "page_rank": 0.17994091,
    "referenced_by_count": 6,
    "tags": [
        "Dermatology"
    ],
    "title": "Cost-effective Melanoma Screening",
    "type": "journal-article",
    "updated_at": 1693676612
}