{
    "authors": [
        {
            "family": "Mansberger",
            "given": "Steven L."
        },
        {
            "family": "Sheppler",
            "given": "Christina"
        },
        {
            "family": "Barker",
            "given": "Gordon"
        },
        {
            "family": "Gardiner",
            "given": "Stuart K."
        },
        {
            "family": "Demirel",
            "given": "Shaban"
        },
        {
            "family": "Wooten",
            "given": "Kathleen"
        },
        {
            "family": "Becker",
            "given": "Thomas M."
        }
    ],
    "ctr": 0.1,
    "custom_score": 1.0,
    "id": {
        "dois": [
            "10.1001/jamaophthalmol.2015.1"
        ]
    },
    "issued_at": 1430438400,
    "languages": [
        "en"
    ],
    "metadata": {
        "container_title": "JAMA Ophthalmology",
        "first_page": 518,
        "issns": [
            "2168-6165"
        ],
        "issue": "5",
        "volume": "133"
    },
    "page_rank": 0.24269241,
    "referenced_by_count": 101,
    "tags": [
        "Ophthalmology"
    ],
    "title": "Long-term Comparative Effectiveness of Telemedicine in Providing Diabetic Retinopathy Screening Examinations: A Randomized Clinical Trial",
    "type": "journal-article",
    "updated_at": 1693678238
}