{
    "authors": [
        {
            "family": "Kantarjian",
            "given": "Hagop"
        },
        {
            "family": "Yu",
            "given": "Peter Paul"
        }
    ],
    "ctr": 0.1,
    "custom_score": 1.0,
    "id": {
        "dois": [
            "10.1001/jamaoncol.2015.1203"
        ]
    },
    "issued_at": 1438387200,
    "languages": [
        "en"
    ],
    "metadata": {
        "container_title": "JAMA Oncology",
        "first_page": 573,
        "issns": [
            "2374-2437"
        ],
        "issue": "5",
        "volume": "1"
    },
    "page_rank": 0.21871144,
    "referenced_by_count": 60,
    "tags": [
        "Oncology",
        "Cancer Research"
    ],
    "title": "Artificial Intelligence, Big Data, and Cancer",
    "type": "journal-article",
    "updated_at": 1693677800
}