{
    "authors": [
        {
            "family": "Nordestgaard",
            "given": "Børge G."
        },
        {
            "family": "Benn",
            "given": "Marianne"
        },
        {
            "family": "Schnohr",
            "given": "Peter"
        },
        {
            "family": "Tybjærg-Hansen",
            "given": "Anne"
        }
    ],
    "ctr": 0.1,
    "custom_score": 1.0,
    "id": {
        "dois": [
            "10.1001/jama.298.3.299"
        ]
    },
    "issued_at": 1184716800,
    "languages": [
        "en"
    ],
    "metadata": {
        "container_title": "JAMA",
        "first_page": 299,
        "issns": [
            "0098-7484"
        ],
        "issue": "3",
        "publisher": "American Medical Association (AMA)",
        "volume": "298"
    },
    "page_rank": 0.22646567,
    "referenced_by_count": 1485,
    "tags": [
        "General Medicine"
    ],
    "title": "Nonfasting Triglycerides and Risk of Myocardial Infarction, Ischemic Heart Disease, and Death in Men and Women",
    "type": "journal-article",
    "updated_at": 1695094155
}