{
    "ctr": 0.1,
    "custom_score": 1.0,
    "id": {
        "dois": [
            "10.1001/amajethics.2019.167"
        ]
    },
    "issued_at": 1548979200,
    "languages": [
        "en"
    ],
    "metadata": {
        "container_title": "AMA Journal of Ethics",
        "issns": [
            "2376-6980"
        ],
        "issue": "2",
        "publisher": "American Medical Association (AMA)",
        "volume": "21"
    },
    "page_rank": 0.20880793,
    "referenced_by_count": 132,
    "tags": [
        "Health (social science)",
        "Health Policy",
        "Issues, ethics and legal aspects"
    ],
    "title": "Can AI Help Reduce Disparities in General Medical and Mental Health Care?",
    "type": "journal-article",
    "updated_at": 1693668430
}