{
    "authors": [
        {
            "family": "Cassel",
            "given": "Christine K.",
            "sequence": "first"
        }
    ],
    "ctr": 0.1,
    "custom_score": 1.0,
    "id": {
        "dois": [
            "10.1001/jama.2012.476"
        ]
    },
    "issued_at": 1335916800,
    "languages": [
        "en"
    ],
    "metadata": {
        "container_title": "JAMA",
        "first_page": 1801,
        "issns": [
            "0098-7484"
        ],
        "issue": "17",
        "publisher": "American Medical Association (AMA)",
        "volume": "307"
    },
    "page_rank": 0.2956413,
    "referenced_by_count": 627,
    "tags": [
        "General Medicine"
    ],
    "title": "Choosing Wisely: Helping Physicians and Patients Make Smart Decisions About Their Care",
    "type": "journal-article",
    "updated_at": 1695695950
}