{
    "authors": [
        {
            "family": "Parikh",
            "given": "Ravi B."
        },
        {
            "family": "Kakad",
            "given": "Meetali"
        },
        {
            "family": "Bates",
            "given": "David W."
        }
    ],
    "ctr": 0.1,
    "custom_score": 1.0,
    "id": {
        "dois": [
            "10.1001/jama.2015.19417"
        ]
    },
    "issued_at": 1455580800,
    "languages": [
        "en"
    ],
    "metadata": {
        "container_title": "JAMA",
        "first_page": 651,
        "issns": [
            "0098-7484"
        ],
        "issue": "7",
        "volume": "315"
    },
    "page_rank": 0.25115877,
    "referenced_by_count": 110,
    "tags": [
        "General Medicine"
    ],
    "title": "Integrating Predictive Analytics Into High-Value Care: The Dawn of Precision Delivery",
    "type": "journal-article",
    "updated_at": 1693676288
}