{
    "authors": [
        {
            "family": "Calvert",
            "given": "Melanie",
            "sequence": "first"
        },
        {
            "family": "Blazeby",
            "given": "Jane",
            "sequence": "additional"
        },
        {
            "family": "Altman",
            "given": "Douglas G.",
            "sequence": "additional"
        },
        {
            "family": "Revicki",
            "given": "Dennis A.",
            "sequence": "additional"
        },
        {
            "family": "Moher",
            "given": "David",
            "sequence": "additional"
        },
        {
            "family": "Brundage",
            "given": "Michael D.",
            "sequence": "additional"
        },
        {
            "family": "CONSORT PRO Group",
            "given": "for the",
            "sequence": "additional"
        }
    ],
    "ctr": 0.1,
    "custom_score": 1.0,
    "id": {
        "dois": [
            "10.1001/jama.2013.879"
        ]
    },
    "issued_at": 1361923200,
    "languages": [
        "en"
    ],
    "metadata": {
        "container_title": "JAMA",
        "first_page": 814,
        "issns": [
            "0098-7484"
        ],
        "issue": "8",
        "publisher": "American Medical Association (AMA)",
        "volume": "309"
    },
    "page_rank": 0.17800501,
    "referenced_by_count": 856,
    "tags": [
        "General Medicine"
    ],
    "title": "Reporting of Patient-Reported Outcomes in Randomized Trials: The CONSORT PRO Extension",
    "type": "journal-article",
    "updated_at": 1695829567
}