{
    "authors": [
        {
            "family": "Rogers",
            "given": "Howard W."
        },
        {
            "family": "Weinstock",
            "given": "Martin A."
        },
        {
            "family": "Feldman",
            "given": "Steven R."
        },
        {
            "family": "Coldiron",
            "given": "Brett M."
        }
    ],
    "ctr": 0.1,
    "custom_score": 1.0,
    "id": {
        "dois": [
            "10.1001/jamadermatol.2015.1187"
        ]
    },
    "issued_at": 1443657600,
    "languages": [
        "en"
    ],
    "metadata": {
        "container_title": "JAMA Dermatology",
        "first_page": 1081,
        "issns": [
            "2168-6068"
        ],
        "issue": "10",
        "volume": "151"
    },
    "page_rank": 0.24511316,
    "referenced_by_count": 1044,
    "tags": [
        "Dermatology"
    ],
    "title": "Incidence Estimate of Nonmelanoma Skin Cancer (Keratinocyte Carcinomas) in the US Population, 2012",
    "type": "journal-article",
    "updated_at": 1693677440
}