{
    "authors": [
        {
            "family": "Korenstein",
            "given": "Deborah"
        },
        {
            "family": "Chimonas",
            "given": "Susan"
        },
        {
            "family": "Barrow",
            "given": "Brooke"
        },
        {
            "family": "Keyhani",
            "given": "Salomeh"
        },
        {
            "family": "Troy",
            "given": "Aaron"
        },
        {
            "family": "Lipitz-Snyderman",
            "given": "Allison"
        }
    ],
    "ctr": 0.1,
    "custom_score": 1.0,
    "id": {
        "dois": [
            "10.1001/jamainternmed.2018.3573"
        ]
    },
    "issued_at": 1538352000,
    "languages": [
        "en"
    ],
    "metadata": {
        "container_title": "JAMA Internal Medicine",
        "first_page": 1401,
        "issns": [
            "2168-6106"
        ],
        "issue": "10",
        "volume": "178"
    },
    "page_rank": 0.18880889,
    "referenced_by_count": 88,
    "references": [
        {
            "doi": "10.1001/jama.280.11.1000",
            "type": "reference"
        },
        {
            "doi": "10.1371/journal.pone.0181970",
            "type": "reference"
        },
        {
            "doi": "10.1016/s0140-6736(16)32585-5",
            "type": "reference"
        },
        {
            "doi": "10.1016/s0140-6736(08)61078-8",
            "type": "reference"
        },
        {
            "doi": "10.1136/bmj.h4534",
            "type": "reference"
        },
        {
            "doi": "10.1001/archinternmed.2011.772",
            "type": "reference"
        },
        {
            "doi": "10.1007/s40258-014-0126-5",
            "type": "reference"
        },
        {
            "doi": "10.1097/acm.0000000000000270",
            "type": "reference"
        },
        {
            "doi": "10.1001/jama.2012.362",
            "type": "reference"
        },
        {
            "doi": "10.1001/jamainternmed.2013.12745",
            "type": "reference"
        },
        {
            "doi": "10.1001/archinternmed.2010.90",
            "type": "reference"
        },
        {
            "doi": "10.1001/jama.2013.8278",
            "type": "reference"
        },
        {
            "doi": "10.1001/jamainternmed.2015.5441",
            "type": "reference"
        },
        {
            "doi": "10.1056/nejm198602203140809",
            "type": "reference"
        },
        {
            "doi": "10.1177/1077558713492202",
            "type": "reference"
        },
        {
            "doi": "10.1056/nejmp1306826",
            "type": "reference"
        },
        {
            "doi": "10.1056/nejmp1407373",
            "type": "reference"
        },
        {
            "doi": "10.12788/jhm.2738",
            "type": "reference"
        },
        {
            "doi": "10.1136/bmjopen-2017-017565",
            "type": "reference"
        },
        {
            "doi": "10.7326/m14-0694",
            "type": "reference"
        },
        {
            "doi": "10.1001/jamainternmed.2015.8320",
            "type": "reference"
        },
        {
            "doi": "10.1377/hlthaff.11.2.162",
            "type": "reference"
        },
        {
            "doi": "10.1186/1471-2288-13-10",
            "type": "reference"
        },
        {
            "doi": "10.1016/j.hjdsi.2016.10.005",
            "type": "reference"
        },
        {
            "doi": "10.7326/l17-0102",
            "type": "reference"
        },
        {
            "doi": "10.1001/jamainternmed.2017.0557",
            "type": "reference"
        },
        {
            "doi": "10.1001/jamainternmed.2014.1879",
            "type": "reference"
        },
        {
            "doi": "10.1001/jamainternmed.2015.2334",
            "type": "reference"
        },
        {
            "doi": "10.1001/jamainternmed.2014.6583",
            "type": "reference"
        },
        {
            "doi": "10.1001/jamainternmed.2014.184",
            "type": "reference"
        },
        {
            "doi": "10.1001/jamainternmed.2016.6660",
            "type": "reference"
        },
        {
            "doi": "10.1001/jamainternmed.2017.1815",
            "type": "reference"
        },
        {
            "doi": "10.1001/jamainternmed.2017.2349",
            "type": "reference"
        },
        {
            "doi": "10.1001/jamainternmed.2015.3659",
            "type": "reference"
        },
        {
            "doi": "10.1186/s12909-017-1086-x",
            "type": "reference"
        },
        {
            "doi": "10.1200/jop.2015.004283",
            "type": "reference"
        },
        {
            "doi": "10.1001/jama.2017.0896",
            "type": "reference"
        },
        {
            "doi": "10.2217/cer.13.26",
            "type": "reference"
        },
        {
            "doi": "10.7812/tpp/15-086",
            "type": "reference"
        },
        {
            "doi": "10.1371/journal.pone.0052552",
            "type": "reference"
        }
    ],
    "tags": [
        "Internal Medicine"
    ],
    "title": "Development of a Conceptual Map of Negative Consequences for Patients of Overuse of Medical Tests and Treatments",
    "type": "journal-article",
    "updated_at": 1693669705
}