{
    "authors": [
        {
            "family": "Song",
            "given": "Mingyang"
        },
        {
            "family": "Fung",
            "given": "Teresa T."
        },
        {
            "family": "Hu",
            "given": "Frank B."
        },
        {
            "family": "Willett",
            "given": "Walter C."
        },
        {
            "family": "Longo",
            "given": "Valter D."
        },
        {
            "family": "Chan",
            "given": "Andrew T."
        },
        {
            "family": "Giovannucci",
            "given": "Edward L."
        }
    ],
    "ctr": 0.1,
    "custom_score": 1.0,
    "id": {
        "dois": [
            "10.1001/jamainternmed.2016.4182"
        ]
    },
    "issued_at": 1475280000,
    "languages": [
        "en"
    ],
    "metadata": {
        "container_title": "JAMA Internal Medicine",
        "first_page": 1453,
        "issns": [
            "2168-6106"
        ],
        "issue": "10",
        "volume": "176"
    },
    "page_rank": 0.3114562,
    "referenced_by_count": 413,
    "tags": [
        "Internal Medicine"
    ],
    "title": "Association of Animal and Plant Protein Intake With All-Cause and Cause-Specific Mortality",
    "type": "journal-article",
    "updated_at": 1693675077
}