{
    "authors": [
        {
            "family": "Brewer",
            "given": "Ann Chang"
        },
        {
            "family": "Endly",
            "given": "Dawnielle C."
        },
        {
            "family": "Henley",
            "given": "Jill"
        },
        {
            "family": "Amir",
            "given": "Mahsa"
        },
        {
            "family": "Sampson",
            "given": "Blake P."
        },
        {
            "family": "Moreau",
            "given": "Jacqueline F."
        },
        {
            "family": "Dellavalle",
            "given": "Robert P."
        }
    ],
    "ctr": 0.1,
    "custom_score": 1.0,
    "id": {
        "dois": [
            "10.1001/jamadermatol.2013.5517"
        ]
    },
    "issued_at": 1383264000,
    "languages": [
        "en"
    ],
    "metadata": {
        "container_title": "JAMA Dermatology",
        "first_page": 1300,
        "issns": [
            "2168-6068"
        ],
        "issue": "11",
        "volume": "149"
    },
    "page_rank": 0.24889414,
    "referenced_by_count": 78,
    "tags": [
        "Dermatology"
    ],
    "title": "Mobile Applications in Dermatology",
    "type": "journal-article",
    "updated_at": 1693681576
}