{
    "authors": [
        {
            "family": "Fowkes",
            "given": "F. Gerald R.",
            "sequence": "first"
        }
    ],
    "ctr": 0.1,
    "custom_score": 1.0,
    "id": {
        "dois": [
            "10.1001/jama.2010.221"
        ]
    },
    "issued_at": 1267574400,
    "languages": [
        "en"
    ],
    "metadata": {
        "container_title": "JAMA",
        "first_page": 841,
        "issns": [
            "0098-7484"
        ],
        "issue": "9",
        "publisher": "American Medical Association (AMA)",
        "volume": "303"
    },
    "page_rank": 0.15217999,
    "referenced_by_count": 452,
    "tags": [
        "General Medicine"
    ],
    "title": "Aspirin for Prevention of Cardiovascular Events in a General Population Screened for a Low Ankle Brachial Index<subtitle>A Randomized Controlled Trial</subtitle>",
    "type": "journal-article",
    "updated_at": 1695408302
}