{
    "authors": [
        {
            "family": "Insel",
            "given": "Thomas R."
        }
    ],
    "ctr": 0.1,
    "custom_score": 1.0,
    "id": {
        "dois": [
            "10.1001/jama.2017.11295"
        ]
    },
    "issued_at": 1506988800,
    "languages": [
        "en"
    ],
    "metadata": {
        "container_title": "JAMA",
        "first_page": 1215,
        "issns": [
            "0098-7484"
        ],
        "issue": "13",
        "volume": "318"
    },
    "page_rank": 0.21701708,
    "referenced_by_count": 464,
    "tags": [
        "General Medicine"
    ],
    "title": "Digital Phenotyping: Technology for a New Science of Behavior",
    "type": "journal-article",
    "updated_at": 1693672436
}