{
    "authors": [
        {
            "family": "Ross",
            "given": "Joseph S.",
            "sequence": "first"
        },
        {
            "family": "Krumholz",
            "given": "Harlan M.",
            "sequence": "additional"
        }
    ],
    "ctr": 0.1,
    "custom_score": 1.0,
    "id": {
        "dois": [
            "10.1001/jama.2013.1299"
        ]
    },
    "issued_at": 1364947200,
    "languages": [
        "en"
    ],
    "metadata": {
        "container_title": "JAMA",
        "first_page": 1355,
        "issns": [
            "0098-7484"
        ],
        "issue": "13",
        "publisher": "American Medical Association (AMA)",
        "volume": "309"
    },
    "page_rank": 0.50090176,
    "referenced_by_count": 86,
    "tags": [
        "General Medicine"
    ],
    "title": "Ushering in a New Era of Open Science Through Data Sharing: The Wall Must Come Down",
    "type": "journal-article",
    "updated_at": 1695842230
}