{
    "authors": [
        {
            "family": "Kaushal",
            "given": "Amit",
            "sequence": "first"
        },
        {
            "family": "Altman",
            "given": "Russ",
            "sequence": "additional"
        },
        {
            "family": "Langlotz",
            "given": "Curt",
            "sequence": "additional"
        }
    ],
    "ctr": 0.1,
    "custom_score": 1.0,
    "id": {
        "dois": [
            "10.1001/jama.2020.12067"
        ]
    },
    "issued_at": 1600732800,
    "languages": [
        "en"
    ],
    "metadata": {
        "container_title": "JAMA",
        "first_page": 1212,
        "issns": [
            "0098-7484"
        ],
        "issue": "12",
        "publisher": "American Medical Association (AMA)",
        "volume": "324"
    },
    "page_rank": 0.16069409,
    "referenced_by_count": 95,
    "references": [
        {
            "doi": "10.1001/jama.2019.16489",
            "type": "reference"
        },
        {
            "doi": "10.1126/science.aax2342",
            "type": "reference"
        },
        {
            "doi": "10.1001/jamadermatol.2018.2348",
            "type": "reference"
        },
        {
            "doi": "10.1371/journal.pmed.1002683",
            "type": "reference"
        },
        {
            "doi": "10.1016/j.jacr.2020.01.006",
            "type": "reference"
        },
        {
            "doi": "10.1001/jama.1961.03040290005002",
            "type": "reference"
        }
    ],
    "tags": [
        "General Medicine"
    ],
    "title": "Geographic Distribution of US Cohorts Used to Train Deep Learning Algorithms",
    "type": "journal-article",
    "updated_at": 1693663011
}