{
    "authors": [
        {
            "family": "Armaly",
            "given": "Mansour F."
        }
    ],
    "ctr": 0.1,
    "custom_score": 1.0,
    "id": {
        "dois": [
            "10.1001/archopht.1967.00980030037007"
        ],
        "pubmed_id": 6067496
    },
    "issued_at": -79059600,
    "languages": [
        "en"
    ],
    "metadata": {
        "container_title": "Archives of Ophthalmology",
        "first_page": 35,
        "issns": [
            "0003-9950"
        ],
        "issue": "1",
        "last_page": 43,
        "volume": "78"
    },
    "page_rank": 0.36821568,
    "referenced_by_count": 121,
    "tags": [
        "Adolescent",
        "Adult",
        "Aged",
        "Child",
        "Child, Preschool",
        "Female",
        "Genetics, Medical",
        "Glaucoma",
        "Humans",
        "Infant",
        "Infant, Newborn",
        "Male",
        "Middle Aged",
        "Optic Nerve",
        "Pregnancy",
        "Twins"
    ],
    "title": "Genetic Determination of Cup/Disc: Ratio of the Optic Nerve",
    "type": "journal-article",
    "updated_at": 1695730919
}