{
    "authors": [
        {
            "family": "Hewing",
            "given": "Nina J."
        },
        {
            "family": "Kaufman",
            "given": "David R."
        },
        {
            "family": "Chan",
            "given": "R. V. Paul"
        },
        {
            "family": "Chiang",
            "given": "Michael F."
        }
    ],
    "ctr": 0.1,
    "custom_score": 1.0,
    "id": {
        "dois": [
            "10.1001/jamaophthalmol.2013.135"
        ]
    },
    "issued_at": 1375315200,
    "languages": [
        "en"
    ],
    "metadata": {
        "container_title": "JAMA Ophthalmology",
        "first_page": 1026,
        "issns": [
            "2168-6165"
        ],
        "issue": "8",
        "volume": "131"
    },
    "page_rank": 0.25606745,
    "referenced_by_count": 43,
    "tags": [
        "Ophthalmology"
    ],
    "title": "Plus Disease in Retinopathy of Prematurity: Qualitative Analysis of Diagnostic Process by Experts",
    "type": "journal-article",
    "updated_at": 1693681943
}