{
    "authors": [
        {
            "family": "Gostin",
            "given": "Lawrence O."
        },
        {
            "family": "Hodge",
            "given": "James G."
        },
        {
            "family": "Noe",
            "given": "Sarah A."
        }
    ],
    "ctr": 0.1,
    "custom_score": 1.0,
    "id": {
        "dois": [
            "10.1001/jama.2017.13358"
        ]
    },
    "issued_at": 1508803200,
    "languages": [
        "en"
    ],
    "metadata": {
        "container_title": "JAMA",
        "first_page": 1539,
        "issns": [
            "0098-7484"
        ],
        "issue": "16",
        "volume": "318"
    },
    "page_rank": 0.258748,
    "referenced_by_count": 161,
    "tags": [
        "General Medicine"
    ],
    "title": "Reframing the Opioid Epidemic as a National Emergency",
    "type": "journal-article",
    "updated_at": 1693672353
}