{
    "authors": [
        {
            "family": "Reed",
            "given": "Darcy A."
        },
        {
            "family": "Cook",
            "given": "David A."
        },
        {
            "family": "Beckman",
            "given": "Thomas J."
        },
        {
            "family": "Levine",
            "given": "Rachel B."
        },
        {
            "family": "Kern",
            "given": "David E."
        },
        {
            "family": "Wright",
            "given": "Scott M."
        }
    ],
    "ctr": 0.1,
    "custom_score": 1.0,
    "id": {
        "dois": [
            "10.1001/jama.298.9.1002"
        ]
    },
    "issued_at": 1188950400,
    "languages": [
        "en"
    ],
    "metadata": {
        "container_title": "JAMA",
        "first_page": 1002,
        "issns": [
            "0098-7484"
        ],
        "issue": "9",
        "publisher": "American Medical Association (AMA)",
        "volume": "298"
    },
    "page_rank": 0.17718607,
    "referenced_by_count": 579,
    "tags": [
        "General Medicine"
    ],
    "title": "Association Between Funding and Quality of Published Medical Education Research",
    "type": "journal-article",
    "updated_at": 1695103377
}