{
    "authors": [
        {
            "family": "Tzoulaki",
            "given": "Ioanna"
        }
    ],
    "ctr": 0.1,
    "custom_score": 1.0,
    "id": {
        "dois": [
            "10.1001/jama.2009.1757"
        ]
    },
    "issued_at": 1259712000,
    "languages": [
        "en"
    ],
    "metadata": {
        "container_title": "JAMA",
        "first_page": 2345,
        "issns": [
            "0098-7484"
        ],
        "issue": "21",
        "publisher": "American Medical Association (AMA)",
        "volume": "302"
    },
    "page_rank": 0.39992675,
    "referenced_by_count": 193,
    "tags": [
        "General Medicine"
    ],
    "title": "Assessment of Claims of Improved Prediction Beyond the Framingham Risk Score",
    "type": "journal-article",
    "updated_at": 1695357658
}