{
    "authors": [
        {
            "family": "Sutton",
            "given": "G. E."
        },
        {
            "family": "Motolko",
            "given": "M. A."
        },
        {
            "family": "Phelps",
            "given": "C. D."
        }
    ],
    "ctr": 0.1,
    "custom_score": 1.0,
    "id": {
        "dois": [
            "10.1001/archopht.1983.01040010739007"
        ]
    },
    "issued_at": 420595200,
    "languages": [
        "en"
    ],
    "metadata": {
        "container_title": "Archives of Ophthalmology",
        "first_page": 739,
        "issns": [
            "0003-9950"
        ],
        "issue": "5",
        "last_page": 744,
        "volume": "101"
    },
    "page_rank": 0.15878919,
    "referenced_by_count": 7,
    "tags": [
        "Ophthalmology"
    ],
    "title": "Baring of a Circumlinear Vessel in Glaucoma",
    "type": "journal-article",
    "updated_at": 1693704644
}