{
    "ctr": 0.1,
    "custom_score": 1.0,
    "id": {
        "dois": [
            "10.1001/archophthalmol.2009.198"
        ]
    },
    "issued_at": 1252886400,
    "languages": [
        "en"
    ],
    "metadata": {
        "container_title": "Archives of Ophthalmology",
        "first_page": 1168,
        "issns": [
            "0003-9950"
        ],
        "issue": "9",
        "publisher": "American Medical Association (AMA)",
        "volume": "127"
    },
    "page_rank": 0.18106864,
    "referenced_by_count": 148,
    "tags": [
        "Ophthalmology"
    ],
    "title": "Change in Area of Geographic Atrophy in the Age-Related Eye Disease Study: AREDS Report Number 26",
    "type": "journal-article",
    "updated_at": 1695334116
}