{
    "authors": [
        {
            "family": "van Smeden",
            "given": "Maarten"
        },
        {
            "family": "Van Calster",
            "given": "Ben"
        },
        {
            "family": "Groenwold",
            "given": "Rolf H. H."
        }
    ],
    "ctr": 0.1,
    "custom_score": 1.0,
    "id": {
        "dois": [
            "10.1001/jama.2018.1466"
        ]
    },
    "issued_at": 1524528000,
    "languages": [
        "en"
    ],
    "metadata": {
        "container_title": "JAMA",
        "first_page": 1725,
        "issns": [
            "0098-7484"
        ],
        "issue": "16",
        "volume": "319"
    },
    "page_rank": 0.1744763,
    "referenced_by_count": 7,
    "tags": [
        "General Medicine"
    ],
    "title": "Machine Learning Compared With Pathologist Assessment",
    "type": "journal-article",
    "updated_at": 1693670838
}