{
    "ctr": 0.1,
    "custom_score": 1.0,
    "id": {
        "dois": [
            "10.1001/archophthalmol.2009.276"
        ]
    },
    "issued_at": 1255305600,
    "languages": [
        "en"
    ],
    "metadata": {
        "container_title": "Archives of Ophthalmology",
        "first_page": 1250,
        "issns": [
            "0003-9950"
        ],
        "issue": "10",
        "publisher": "American Medical Association (AMA)",
        "volume": "127"
    },
    "page_rank": 0.1545347,
    "referenced_by_count": 115,
    "tags": [
        "Ophthalmology"
    ],
    "title": "Prediction of Functional Loss in Glaucoma From Progressive Optic Disc Damage",
    "type": "journal-article",
    "updated_at": 1695344368
}