{
    "authors": [
        {
            "family": "Wu",
            "given": "Joy T.",
            "sequence": "first"
        },
        {
            "family": "Wong",
            "given": "Ken C. L.",
            "sequence": "additional"
        },
        {
            "family": "Gur",
            "given": "Yaniv",
            "sequence": "additional"
        },
        {
            "family": "Ansari",
            "given": "Nadeem",
            "sequence": "additional"
        },
        {
            "family": "Karargyris",
            "given": "Alexandros",
            "sequence": "additional"
        },
        {
            "family": "Sharma",
            "given": "Arjun",
            "sequence": "additional"
        },
        {
            "family": "Morris",
            "given": "Michael",
            "sequence": "additional"
        },
        {
            "family": "Saboury",
            "given": "Babak",
            "sequence": "additional"
        },
        {
            "family": "Ahmad",
            "given": "Hassan",
            "sequence": "additional"
        },
        {
            "family": "Boyko",
            "given": "Orest",
            "sequence": "additional"
        },
        {
            "family": "Syed",
            "given": "Ali",
            "sequence": "additional"
        },
        {
            "family": "Jadhav",
            "given": "Ashutosh",
            "sequence": "additional"
        },
        {
            "family": "Wang",
            "given": "Hongzhi",
            "sequence": "additional"
        },
        {
            "family": "Pillai",
            "given": "Anup",
            "sequence": "additional"
        },
        {
            "family": "Kashyap",
            "given": "Satyananda",
            "sequence": "additional"
        },
        {
            "family": "Moradi",
            "given": "Mehdi",
            "sequence": "additional"
        },
        {
            "family": "Syeda-Mahmood",
            "given": "Tanveer",
            "sequence": "additional"
        }
    ],
    "ctr": 0.1,
    "custom_score": 1.0,
    "id": {
        "dois": [
            "10.1001/jamanetworkopen.2020.22779"
        ]
    },
    "issued_at": 1602201600,
    "languages": [
        "en"
    ],
    "metadata": {
        "container_title": "JAMA Network Open",
        "first_page": 2022779,
        "issns": [
            "2574-3805"
        ],
        "issue": "10",
        "publisher": "American Medical Association (AMA)",
        "volume": "3"
    },
    "page_rank": 0.20520288,
    "referenced_by_count": 58,
    "references": [
        {
            "doi": "10.1016/j.jacr.2018.07.010",
            "type": "reference"
        },
        {
            "doi": "10.1016/j.acra.2019.09.014",
            "type": "reference"
        },
        {
            "doi": "10.1371/journal.pmed.1002697",
            "type": "reference"
        },
        {
            "doi": "10.2214/ajr.19.21512",
            "type": "reference"
        },
        {
            "doi": "10.1097/rti.0000000000000311",
            "type": "reference"
        },
        {
            "doi": "10.1148/radiol.2019191293",
            "type": "reference"
        },
        {
            "doi": "10.1148/radiol.2018180921",
            "type": "reference"
        },
        {
            "doi": "10.1197/jamia.m2273",
            "type": "reference"
        },
        {
            "doi": "10.1148/radiol.2462070712",
            "type": "reference"
        },
        {
            "doi": "10.1038/sdata.2016.35",
            "type": "reference"
        },
        {
            "doi": "10.1038/s41597-019-0322-0",
            "type": "reference"
        },
        {
            "doi": "10.4103/0301-4738.37595",
            "type": "reference"
        },
        {
            "doi": "10.1177/1525822x08317166",
            "type": "reference"
        }
    ],
    "tags": [
        "General Medicine"
    ],
    "title": "Comparison of Chest Radiograph Interpretations by Artificial Intelligence Algorithm vs Radiology Residents",
    "type": "journal-article",
    "updated_at": 1693662706
}