{
    "authors": [
        {
            "family": "Walton",
            "given": "O. Bennett"
        },
        {
            "family": "Garoon",
            "given": "Robert B."
        },
        {
            "family": "Weng",
            "given": "Christina Y."
        },
        {
            "family": "Gross",
            "given": "Jacob"
        },
        {
            "family": "Young",
            "given": "Alex K."
        },
        {
            "family": "Camero",
            "given": "Kathryn A."
        },
        {
            "family": "Jin",
            "given": "Haoxing"
        },
        {
            "family": "Carvounis",
            "given": "Petros E."
        },
        {
            "family": "Coffee",
            "given": "Robert E."
        },
        {
            "family": "Chu",
            "given": "Yvonne I."
        }
    ],
    "ctr": 0.1,
    "custom_score": 1.0,
    "id": {
        "dois": [
            "10.1001/jamaophthalmol.2015.5083"
        ]
    },
    "issued_at": 1454284800,
    "languages": [
        "en"
    ],
    "metadata": {
        "container_title": "JAMA Ophthalmology",
        "first_page": 204,
        "issns": [
            "2168-6165"
        ],
        "issue": "2",
        "volume": "134"
    },
    "page_rank": 0.27860212,
    "referenced_by_count": 68,
    "tags": [
        "Ophthalmology"
    ],
    "title": "Evaluation of Automated Teleretinal Screening Program for Diabetic Retinopathy",
    "type": "journal-article",
    "updated_at": 1693676325
}