{
    "authors": [
        {
            "family": "Johnson",
            "given": "Marie-Louise T."
        }
    ],
    "ctr": 0.1,
    "custom_score": 1.0,
    "id": {
        "dois": [
            "10.1001/archderm.1994.01690070044006"
        ]
    },
    "issued_at": 773020800,
    "languages": [
        "en"
    ],
    "metadata": {
        "container_title": "Archives of Dermatology",
        "first_page": 850,
        "issns": [
            "0003-987X"
        ],
        "issue": "7",
        "volume": "130"
    },
    "page_rank": 0.18560693,
    "referenced_by_count": 5,
    "tags": [
        "Dermatology",
        "General Medicine"
    ],
    "title": "On Teaching Dermatology to Nondermatologists",
    "type": "journal-article",
    "updated_at": 1693701171
}