{
    "authors": [
        {
            "family": "Thompson",
            "given": "Angela M."
        }
    ],
    "ctr": 0.1,
    "custom_score": 1.0,
    "id": {
        "dois": [
            "10.1001/jama.2011.250"
        ]
    },
    "issued_at": 1299024000,
    "languages": [
        "en"
    ],
    "metadata": {
        "container_title": "JAMA",
        "first_page": 913,
        "issns": [
            "0098-7484"
        ],
        "issue": "9",
        "publisher": "American Medical Association (AMA)",
        "volume": "305"
    },
    "page_rank": 0.19010143,
    "referenced_by_count": 162,
    "tags": [
        "General Medicine"
    ],
    "title": "Antihypertensive Treatment and Secondary Prevention of Cardiovascular Disease Events Among Persons Without Hypertension: A Meta-analysis",
    "type": "journal-article",
    "updated_at": 1695535838
}