{
    "authors": [
        {
            "family": "Prasad",
            "given": "Vinay"
        }
    ],
    "ctr": 0.1,
    "custom_score": 1.0,
    "id": {
        "dois": [
            "10.1001/archinternmed.2011.295"
        ]
    },
    "issued_at": 1318204800,
    "languages": [
        "en"
    ],
    "metadata": {
        "container_title": "Archives of Internal Medicine",
        "first_page": 1675,
        "issns": [
            "0003-9926"
        ],
        "issue": "18",
        "publisher": "American Medical Association (AMA)",
        "volume": "171"
    },
    "page_rank": 0.18746787,
    "referenced_by_count": 86,
    "tags": [
        "Internal Medicine"
    ],
    "title": "The Frequency of Medical Reversal",
    "type": "journal-article",
    "updated_at": 1695596366
}