{
    "authors": [
        {
            "family": "Menke",
            "given": "Andy"
        },
        {
            "family": "Casagrande",
            "given": "Sarah"
        },
        {
            "family": "Geiss",
            "given": "Linda"
        },
        {
            "family": "Cowie",
            "given": "Catherine C."
        }
    ],
    "ctr": 0.1,
    "custom_score": 1.0,
    "id": {
        "dois": [
            "10.1001/jama.2015.10029"
        ]
    },
    "issued_at": 1441670400,
    "languages": [
        "en"
    ],
    "metadata": {
        "container_title": "JAMA",
        "first_page": 1021,
        "issns": [
            "0098-7484"
        ],
        "issue": "10",
        "volume": "314"
    },
    "page_rank": 0.24872804,
    "referenced_by_count": 1279,
    "tags": [
        "General Medicine"
    ],
    "title": "Prevalence of and Trends in Diabetes Among Adults in the United States, 1988-2012",
    "type": "journal-article",
    "updated_at": 1693677526
}