{
    "authors": [
        {
            "family": "Rajkomar",
            "given": "Alvin"
        },
        {
            "family": "Kannan",
            "given": "Anjuli"
        },
        {
            "family": "Chen",
            "given": "Kai"
        },
        {
            "family": "Vardoulakis",
            "given": "Laura"
        },
        {
            "family": "Chou",
            "given": "Katherine"
        },
        {
            "family": "Cui",
            "given": "Claire"
        },
        {
            "family": "Dean",
            "given": "Jeffrey"
        }
    ],
    "ctr": 0.1,
    "custom_score": 1.0,
    "id": {
        "dois": [
            "10.1001/jamainternmed.2018.8558"
        ]
    },
    "issued_at": 1559347200,
    "languages": [
        "en"
    ],
    "metadata": {
        "container_title": "JAMA Internal Medicine",
        "first_page": 836,
        "issns": [
            "2168-6106"
        ],
        "issue": "6",
        "volume": "179"
    },
    "page_rank": 0.16179216,
    "referenced_by_count": 28,
    "references": [
        {
            "doi": "10.1001/jama.2017.19198",
            "type": "reference"
        }
    ],
    "tags": [
        "Internal Medicine"
    ],
    "title": "Automatically Charting Symptoms From Patient-Physician Conversations Using Machine Learning",
    "type": "journal-article",
    "updated_at": 1693667505
}