{
    "authors": [
        {
            "family": "Krasner",
            "given": "Michael S."
        }
    ],
    "ctr": 0.1,
    "custom_score": 1.0,
    "id": {
        "dois": [
            "10.1001/jama.2009.1384"
        ]
    },
    "issued_at": 1253664000,
    "languages": [
        "en"
    ],
    "metadata": {
        "container_title": "JAMA",
        "first_page": 1284,
        "issns": [
            "0098-7484"
        ],
        "issue": "12",
        "publisher": "American Medical Association (AMA)",
        "volume": "302"
    },
    "page_rank": 0.19588608,
    "referenced_by_count": 1046,
    "tags": [
        "General Medicine"
    ],
    "title": "Association of an Educational Program in Mindful Communication With Burnout, Empathy, and Attitudes Among Primary Care Physicians",
    "type": "journal-article",
    "updated_at": 1695336513
}