{
    "authors": [
        {
            "family": "Mak",
            "given": "Raymond H."
        },
        {
            "family": "Endres",
            "given": "Michael G."
        },
        {
            "family": "Paik",
            "given": "Jin H."
        },
        {
            "family": "Sergeev",
            "given": "Rinat A."
        },
        {
            "family": "Aerts",
            "given": "Hugo"
        },
        {
            "family": "Williams",
            "given": "Christopher L."
        },
        {
            "family": "Lakhani",
            "given": "Karim R."
        },
        {
            "family": "Guinan",
            "given": "Eva C."
        }
    ],
    "ctr": 0.1,
    "custom_score": 1.0,
    "id": {
        "dois": [
            "10.1001/jamaoncol.2019.0159"
        ]
    },
    "issued_at": 1556668800,
    "languages": [
        "en"
    ],
    "metadata": {
        "container_title": "JAMA Oncology",
        "first_page": 654,
        "issns": [
            "2374-2437"
        ],
        "issue": "5",
        "volume": "5"
    },
    "page_rank": 0.29704463,
    "referenced_by_count": 48,
    "references": [
        {
            "doi": "10.1002/ijc.29210",
            "type": "reference"
        },
        {
            "doi": "10.1109/tmi.2016.2536809",
            "type": "reference"
        },
        {
            "doi": "10.3322/caac.21442",
            "type": "reference"
        },
        {
            "doi": "10.1038/nature21056",
            "type": "reference"
        },
        {
            "doi": "10.1056/nejmoa1102873",
            "type": "reference"
        },
        {
            "doi": "10.1016/j.cell.2018.02.010",
            "type": "reference"
        },
        {
            "doi": "10.1038/s41598-018-22437-z",
            "type": "reference"
        },
        {
            "doi": "10.1016/j.media.2017.06.015",
            "type": "reference"
        },
        {
            "doi": "10.1109/tpami.34",
            "type": "reference"
        },
        {
            "doi": "10.1001/jama.2016.17216",
            "type": "reference"
        },
        {
            "doi": "10.1038/nbt.2877",
            "type": "reference"
        },
        {
            "doi": "10.1016/j.media.2016.07.007",
            "type": "reference"
        },
        {
            "doi": "10.1038/srep46450",
            "type": "reference"
        },
        {
            "doi": "10.1118/1.3528204",
            "type": "reference"
        },
        {
            "doi": "10.1200/jco.2009.27.4498",
            "type": "reference"
        },
        {
            "doi": "10.1038/ncomms5006",
            "type": "reference"
        },
        {
            "doi": "10.1088/1361-6560/61/24/8676",
            "type": "reference"
        },
        {
            "doi": "10.1038/s41598-017-05300-5",
            "type": "reference"
        },
        {
            "doi": "10.3389/fonc.2017.00315",
            "type": "reference"
        },
        {
            "doi": "10.1002/mp.12045",
            "type": "reference"
        },
        {
            "doi": "10.1093/jnci/djt001",
            "type": "reference"
        },
        {
            "doi": "10.1038/srep03529",
            "type": "reference"
        },
        {
            "doi": "10.1200/jco.2014.56.5218",
            "type": "reference"
        },
        {
            "doi": "10.1200/jco.2010.31.2520",
            "type": "reference"
        },
        {
            "doi": "10.1016/s0167-8140(01)00453-4",
            "type": "reference"
        },
        {
            "doi": "10.1016/j.ijrobp.2006.12.067",
            "type": "reference"
        },
        {
            "doi": "10.1158/1078-0432.ccr-10-0125",
            "type": "reference"
        },
        {
            "doi": "10.1016/j.ijrobp.2018.01.114",
            "type": "reference"
        },
        {
            "doi": "10.3389/fonc.2016.00178",
            "type": "reference"
        },
        {
            "doi": "10.1186/2047-217x-2-5",
            "type": "reference"
        },
        {
            "doi": "10.1093/gigascience/gix009",
            "type": "reference"
        },
        {
            "doi": "10.1155/2013/980769",
            "type": "reference"
        },
        {
            "doi": "10.1001/jamaoncol.2017.0473",
            "type": "reference"
        },
        {
            "doi": "10.1097/jto.0000000000000519",
            "type": "reference"
        },
        {
            "doi": "10.1016/j.lungcan.2016.10.002",
            "type": "reference"
        },
        {
            "doi": "10.3322/caac.v66.4",
            "type": "reference"
        },
        {
            "doi": "10.1016/j.prro.2014.05.005",
            "type": "reference"
        },
        {
            "doi": "10.1038/nbt.2495",
            "type": "reference"
        },
        {
            "doi": "10.1093/jnci/djw034",
            "type": "reference"
        },
        {
            "doi": "10.1016/j.semradonc.2016.11.001",
            "type": "reference"
        }
    ],
    "tags": [
        "Oncology",
        "Cancer Research"
    ],
    "title": "Use of Crowd Innovation to Develop an Artificial Intelligence–Based Solution for Radiation Therapy Targeting",
    "type": "journal-article",
    "updated_at": 1693667782
}