{
    "authors": [
        {
            "family": "Cook",
            "given": "Nancy R."
        },
        {
            "family": "Ridker",
            "given": "Paul M"
        }
    ],
    "ctr": 0.1,
    "custom_score": 1.0,
    "id": {
        "dois": [
            "10.1001/jamainternmed.2014.5336"
        ]
    },
    "issued_at": 1417392000,
    "languages": [
        "en"
    ],
    "metadata": {
        "container_title": "JAMA Internal Medicine",
        "first_page": 1964,
        "issns": [
            "2168-6106"
        ],
        "issue": "12",
        "volume": "174"
    },
    "page_rank": 0.23956831,
    "referenced_by_count": 127,
    "tags": [
        "Internal Medicine"
    ],
    "title": "Further Insight Into the Cardiovascular Risk Calculator: The Roles of Statins, Revascularizations, and Underascertainment in the Women’s Health Study",
    "type": "journal-article",
    "updated_at": 1693679392
}