{
    "authors": [
        {
            "family": "Zhan",
            "given": "Andong"
        },
        {
            "family": "Mohan",
            "given": "Srihari"
        },
        {
            "family": "Tarolli",
            "given": "Christopher"
        },
        {
            "family": "Schneider",
            "given": "Ruth B."
        },
        {
            "family": "Adams",
            "given": "Jamie L."
        },
        {
            "family": "Sharma",
            "given": "Saloni"
        },
        {
            "family": "Elson",
            "given": "Molly J."
        },
        {
            "family": "Spear",
            "given": "Kelsey L."
        },
        {
            "family": "Glidden",
            "given": "Alistair M."
        },
        {
            "family": "Little",
            "given": "Max A."
        },
        {
            "family": "Terzis",
            "given": "Andreas"
        },
        {
            "family": "Dorsey",
            "given": "E. Ray"
        },
        {
            "family": "Saria",
            "given": "Suchi"
        }
    ],
    "ctr": 0.1,
    "custom_score": 1.0,
    "id": {
        "dois": [
            "10.1001/jamaneurol.2018.0809"
        ]
    },
    "issued_at": 1530403200,
    "languages": [
        "en"
    ],
    "metadata": {
        "container_title": "JAMA Neurology",
        "first_page": 876,
        "issns": [
            "2168-6149"
        ],
        "issue": "7",
        "volume": "75"
    },
    "page_rank": 0.23695284,
    "referenced_by_count": 247,
    "references": [
        {
            "doi": "10.1111/j.1532-5415.1991.tb01616.x",
            "type": "reference"
        },
        {
            "doi": "10.1212/wnl.17.5.427",
            "type": "reference"
        },
        {
            "doi": "10.1002/mds.26642",
            "type": "reference"
        },
        {
            "doi": "10.1002/mds.22340",
            "type": "reference"
        },
        {
            "doi": "10.1016/j.parkreldis.2015.02.026",
            "type": "reference"
        },
        {
            "doi": "10.1001/jamaneurol.2014.131",
            "type": "reference"
        },
        {
            "doi": "10.1123/jab.2013-0319",
            "type": "reference"
        },
        {
            "doi": "10.1016/j.parkreldis.2014.10.026",
            "type": "reference"
        },
        {
            "doi": "10.1371/journal.pone.0141694",
            "type": "reference"
        },
        {
            "doi": "10.1007/s10994-015-5527-7",
            "type": "reference"
        },
        {
            "doi": "10.1002/mds.25671",
            "type": "reference"
        },
        {
            "doi": "10.1002/mds.23875",
            "type": "reference"
        },
        {
            "doi": "10.1001/jamaneurol.2014.4524",
            "type": "reference"
        },
        {
            "doi": "10.1016/j.parkreldis.2017.07.022",
            "type": "reference"
        },
        {
            "doi": "10.1016/j.patrec.2015.10.008",
            "type": "reference"
        }
    ],
    "tags": [
        "Neurology (clinical)"
    ],
    "title": "Using Smartphones and Machine Learning to Quantify Parkinson Disease Severity: The Mobile Parkinson Disease Score",
    "type": "journal-article",
    "updated_at": 1693670362
}