{
    "abstract": "<abstract><section><p>Pooled Cohort risk equations were developed to estimate atherosclerotic cardiovascular disease (CVD) risk and guide statin initiation. OBJECTIVE To assess calibration and discrimination of the Pooled Cohort risk equations in a contemporary US population. DESIGN, SETTING, AND PARTICIPANTS Adults aged 45 to 79 years enrolled in the Reasons for Geographic and Racial Differences in Stroke (REGARDS) study between January 2003 and October 2007 and followed up through December 2010. We studied participants for whom atherosclerotic CVD risk may trigger a discussion of statin initiation (those without clinical atherosclerotic CVD or diabetes, low-density lipoprotein cholesterol level between 70 and 189 mg/dL, and not taking statins; n = 10 997).</p>\n<p>MAIN OUTCOMES AND MEASURES Predicted risk and observed adjudicated atherosclerotic CVD incidence (nonfatal myocardial infarction, coronary heart disease [CHD] death, nonfatal or fatal stroke) at 5 years because REGARDS participants have not been followed up for 10 years. Additional analyses, limited to Medicare beneficiaries (n = 3333), added atherosclerotic CVD events identified in Medicare claims data. RESULTS There were 338 adjudicated events (192 CHD events, 146 strokes). The observed and predicted 5-year atherosclerotic CVD incidence per 1000 person-years for participants with a 10-year predicted atherosclerotic CVD risk of less than 5% was 1.9 (95% CI, 1.3-2.7) and 1.9, respectively, risk of 5% to less than 7.5% was 4.8 (95% CI, 3.4-6.7) and 4.8, risk of 7.5% to less than 10% was 6.1 (95% CI, 4.4-8.6) and 6.9, and risk of 10% or greater was 12.0 (95% CI, 10.6-13.6) and 15.1 (Hosmer-Lemeshow χ 2 = 19.9, P = .01). The C index was 0.72 (95% CI, 0.70-0.75). There were 234 atherosclerotic CVD events (120 CHD events, 114 strokes) among Medicare-linked participants and the observed and predicted 5-year atherosclerotic CVD incidence per 1000 person-years for participants with a predicted risk of less than 7.5% was 5.3 (95% CI, 2.8-10.1) and 4.0, respectively, risk of 7.5% to less than 10% was 7.9 (95% CI, 4.6-13.5) and 6.4, and risk of 10% or greater was 17.4 (95% CI, 15.3-19.8) and 16.4 (Hosmer-Lemeshow χ 2 = 5.4, P = .71). The C index was 0.67 (95% CI, 0.64-0.71).</p></section>\n<section><header>CONCLUSIONS AND RELEVANCE</header>\n<p>In this cohort of US adults for whom statin initiation is considered based on the ACC/AHA Pooled Cohort risk equations, observed and predicted 5-year atherosclerotic CVD risks were similar, indicating that these risk equations were well calibrated in the population for which they were designed to be used, and demonstrated moderate to good discrimination.</p></section></abstract>",
    "authors": [
        {
            "family": "Muntner",
            "given": "Paul"
        },
        {
            "family": "Colantonio",
            "given": "Lisandro D."
        },
        {
            "family": "Cushman",
            "given": "Mary"
        },
        {
            "family": "Goff",
            "given": "David C."
        },
        {
            "family": "Howard",
            "given": "George"
        },
        {
            "family": "Howard",
            "given": "Virginia J."
        },
        {
            "family": "Kissela",
            "given": "Brett"
        },
        {
            "family": "Levitan",
            "given": "Emily B."
        },
        {
            "family": "Lloyd-Jones",
            "given": "Donald M."
        },
        {
            "family": "Safford",
            "given": "Monika M."
        }
    ],
    "content": "<content><section><p>T he American College of Cardiology (ACC) and the American Heart Association (AHA) recently published the 2013 Guideline on the Assessment of Cardiovascular Risk. <ref target=\"#b0\" type=\"bibr\">1</ref> As part of this guideline, a working group developed new equations for the prediction of 10-year atherosclerotic cardiovascular disease risk, the Pooled Cohort risk equations. These equations were derived in several population-based cohorts that included large samples of blacks and whites and were aimed at estimating 10-year risk for nonfatal myocardial infarction (MI), coronary heart disease (CHD) death, and nonfatal or fatal stroke (hard atherosclerotic cardiovascular disease events). The 2013 ACC/AHA cholesterol treatment guidelines recommend using the Pooled Cohort risk equations to estimate atherosclerotic cardiovascular disease risk and to help guide the decision to initiate statin therapy for primary prevention in adults without clinical atherosclerotic cardiovascular disease or diabetes, and with a low-density lipoprotein cholesterol (LDL-C) level between 70 and 189 mg/dL. <ref target=\"#b2\" type=\"bibr\">2</ref> Many of the studies used to develop the new atherosclerotic cardiovascular disease risk equations recruited and followed up participants before 2000, and there have been marked declines in CHD and stroke incidence over the past 2 decades. <ref target=\"#b4\" type=\"bibr\">3,</ref><ref target=\"#b5\" type=\"bibr\">4</ref> In light of the need for new prediction models to undergo external validation, we evaluated the calibration and discrimination of these equations for predicting atherosclerotic cardiovascular disease risk in a contemporary population-based cohort, the Reasons for Geographic and Racial Differences in Stroke (REGARDS) study. Calibration provides assessment of whether a risk prediction model accurately estimates the absolute observed risk level. Discrimination provides assessment of whether a risk prediction model accurately rank orders individuals (ie, are individuals with higher predicted risk more likely to have events). In addition to analyses of the overall REGARDS population without atherosclerotic cardiovascular disease at baseline, we conducted analyses restricted to the population for which the Pooled Cohorts risk equations are intended to inform discussions about initiating statin use (participants without clinical atherosclerotic cardiovascular disease or diabetes, with LDL-C levels between 70 and 189 mg/dL, and not taking statins). To maximize event surveillance, we also conducted analyses including atherosclerotic cardiovascular disease events identified in Medicare claims data.</p></section>\n<section><header>Methods</header></section>\n<section><header>Study Population</header>\n<p>The REGARDS study was designed to investigate reasons underlying the higher stroke mortality in blacks compared with whites and residents of the southeastern region vs other regions of the United States. <ref target=\"#b6\" type=\"bibr\">5</ref> Coronary heart disease events are being identified and adjudicated in an ancillary study. <ref target=\"#b7\" type=\"bibr\">6</ref> The REGARDS participants were selected from a commercially available nationwide list purchased through Genesys Inc. Criteria for inclusion in the sample include having a name, telephone number, and address in the Genesys database. A letter and study brochure were sent to potential participants and telephone contact was attempted approximately 2 weeks later. A total of 30 239 adults aged 45 years or older from all 48 contiguous US states and the District of Columbia were enrolled between January 2003 and October 2007.</p>\n<p>The inclusion criteria for the current analyses were chosen to match those used in the development of the Pooled Cohort risk equations. We restricted the analysis to participants aged 45 to 79 years without a history of CHD, stroke, heart failure, or atrial fibrillation at baseline. A history of heart failure was not ascertained during the REGARDS baseline study visit. As a proxy for heart failure, we excluded participants taking digoxin, which was determined through baseline pill bottle review. We further excluded participants with missing data on components of the Pooled Cohort risk equations. The REGARDS study protocol was approved by the institutional review boards governing research in human subjects at the participating centers; all participants provided written informed consent.</p></section>\n<section><header>Data Collected at Baseline</header>\n<p>Computer-assisted telephone interviews were administered by trained staff and were used to collect information on participants' age, race, sex, smoking status, prior diagnosed comorbid conditions, and use of antihypertensive and antidiabetes medications. Race was self-reported. Following the interview, trained health professionals conducted in-home examinations that included blood pressure measurements, an electrocardiogram, collection of a blood sample, plus a review of prescription and over-the-counter medications used during the 2-week period prior to the study visit. Blood pressure was measured 2 times following a standardized protocol and averaged for analysis. Levels of total and high-density lipoprotein cholesterol (HDL-C), serum triglycerides, and glucose were measured using the Ortho Vitros Clinical Chemistry System 950IRC instrument (Johnson &amp; Johnson Clinical Diagnostics).</p>\n<p>For participants who fasted prior to their study visit with serum levels of triglycerides lower than 400 mg/dL, LDL-C was calculated using the Friedewald equation. <ref target=\"#b8\" type=\"bibr\">7</ref> For all other participants, non-HDL-C was calculated. Diabetes was defined as a glucose level of 126 mg/dL or higher for participants who had fasted prior to their blood draw, a glucose level of 200 mg/dL or higher for those nonfasting participants, or self-report of a prior diagnosis of diabetes with current use of insulin or oral hypoglycemic medications.</p>\n<p>Through the pill bottle review, we identified the use of statins at baseline. Digoxin use was identified and served as a marker for prevalent heart failure. <ref target=\"#b9\" type=\"bibr\">8</ref> Atrial fibrillation was defined based on the study electrocardiogram or self-report. History of CHD at baseline was defined by self-report of MI or revascularization procedure or evidence on the study electrocardiogram of MI. History of stroke was defined by selfreport.</p></section>\n<section><header>Data Collected During Follow-up</header>\n<p>Living participants or their proxies were contacted every 6 months via telephone to assess new-onset stroke and CHD events. Consistent with the definition used to derive the Pooled Cohort risk equations, the outcome for our primary analyses was defined as the first atherosclerotic cardiovascular disease event, which included a nonfatal or fatal stroke, a nonfatal MI, or CHD death. Adjudication of stroke and CHD events are currently available through December 31, 2010.</p></section>\n<section><header>Stroke</header>\n<p>Stroke events were identified via self-report or proxy report of stroke, transient ischemic attack, or stroke symptoms. <ref target=\"#b10\" type=\"bibr\">9,</ref><ref target=\"#b11\" type=\"bibr\">10</ref> For reported events, hospital charts and physician office records were retrieved for adjudication. Stroke events were confirmed by a panel of experts according to the World Health Organization (WHO) definition. <ref target=\"#b12\" type=\"bibr\">11</ref> Events not meeting the WHO definition but characterized by symptoms lasting less than 24 hours with neuroimaging consistent with acute infarct or hemorrhage were classified as clinical strokes. The present analysis included WHO-defined stroke events as well as clinical stroke. <ref target=\"#b13\" type=\"bibr\">12</ref> </p></section>\n<section><header>Coronary Heart Disease</header>\n<p>The CHD events (nonfatal MI or CHD death) were detected during the follow-up telephone interviews. Medical records were retrieved and events were adjudicated by trained clinicians following published guidelines. <ref target=\"#b14\" type=\"bibr\">13,</ref><ref target=\"#b15\" type=\"bibr\">14</ref> Records were examined for the presence of signs or symptoms suggestive of ischemia, an increasing and/or decreasing pattern in levels of cardiac troponin or creatine kinase-MB over 6 or more hours with a peak value greater than or equal to twice the upper limit of normal, and electrocardiogram changes consistent with ischemia or MI (guided by the Minnesota code and classified as evolving diagnostic, positive, nonspecific, or not consistent with ischemia). <ref target=\"#b16\" type=\"bibr\">15,</ref><ref target=\"#b17\" type=\"bibr\">16</ref> For deceased participants, interviews with next of kin or proxies, medical records from the last year of life, death certificates, and autopsy reports were reviewed to determine if stroke or CHD was the main underlying cause of death. Only definite or probable events were included.</p></section>\n<section><header>Events Identified in Medicare Claims</header>\n<p>The cohorts used to develop the Pooled Cohort risk equations had surveillance components (eg, review of hospital discharges and obituaries in local newspapers) to detect atherosclerotic cardiovascular disease events not reported by participants. The REGARDS study did not have this active surveillance and, therefore, some atherosclerotic cardiovascular disease events were possibly missed. To address this limitation, we used Medicare-linked claims data to identify atherosclerotic cardiovascular disease events not detected through routine cohort follow-up. Medicare provides health insurance to adults aged 65 years or older, and to those with endstage renal disease or disability.</p>\n<p>The REGARDS participants were linked to Medicare enrollment and claims data from 1999 through 2010 by Social Security number, sex, and date of birth. Myocardial infarctions were defined by an overnight hospitalization in an acute care facility with an International Classification of Diseases, Ninth Revision (ICD-9) discharge diagnosis code of 410.xx (except 410.x2, which indicates a subsequent episode of care) in any position and stroke events were defined by an ICD-9 discharge diagnosis code of 430.xx, 431.xx, 433.xx, 434.xx, or 436.x in the primary position. These definitions have positive predictive values of greater than 90%. <ref target=\"#b18\" type=\"bibr\">[17]</ref><ref target=\"#b19\" type=\"bibr\">[18]</ref><ref target=\"#b20\" type=\"bibr\">[19]</ref> </p></section>\n<section><header>Statistical Analysis</header>\n<p>Analyses were performed for the overall population and, separately, in the subgroup for whom the 2013 cholesterol treatment guidelines recommend using 10-year atherosclerotic cardiovascular disease risk from the Pooled Cohort risk equations to inform discussions about initiating statin use for the primary prevention of atherosclerotic cardiovascular disease (ie, participants without atherosclerotic cardiovascular disease or diabetes, with an LDL-C level between 70 and 189 mg/dL or, if LDL-C was not available (n = 1255), non-HDL-C level between 100 and 219 mg/dL, and not already taking statins). <ref target=\"#b2\" type=\"bibr\">2</ref> We calculated each participant's predicted 10-year atherosclerotic cardiovascular disease risk using the Pooled Cohort risk equations.</p>\n<p>Participants were categorized into 4 groups according to their 10-year predicted atherosclerotic cardiovascular disease risk: less than 5%, 5% to less than 7.5%, 7.5% to less than 10%, and 10% or greater. Participant characteristics, including age, race, sex, current smoking, diabetes, systolic blood pressure, use of antihypertensive medication, total cholesterol, HDL-C, LDL-C, and use of statins were calculated within each 10-year predicted atherosclerotic cardiovascular disease risk group.</p>\n<p>Because the REGARDS study has not yet completed 10 years of follow-up, we calculated observed and predicted atherosclerotic cardiovascular disease incidence rates at 5 years within the 4 atherosclerotic cardiovascular disease risk groups described above. Observed rates were calculated using adjudicated events. Participants were censored at the time the first of the following events occurred: (1) an atherosclerotic cardiovascular disease event; (2) death; (3) their last REGARDS follow-up interview; (4) 5 years of follow-up; or (5) December 31, 2010. Overall, 53.6% of REGARDS participants were censored at 5 years of follow-up free of atherosclerotic cardiovascular disease events. Predicted atherosclerotic cardiovascular disease incidence at 5 years of follow-up was calculated using the Pooled Cohort risk equations and (S 0 (t)) at 5 years (eTable 1 in Supplement). The observed number of atherosclerotic cardiovascular disease events at 5 years was adjusted for variable follow-up time using the Kaplan-Meier estimate. <ref target=\"#b21\" type=\"bibr\">20</ref> The predicted number of events was calculated based on the mean predicted atherosclerotic cardiovascular disease incidence at 5 years. Next, participants were grouped into deciles of predicted atherosclerotic cardiovascular disease risk. The calibration of the Pooled Cohort risk equations was determined using the observed and predicted number of atherosclerotic cardiovascular disease events at 5 years of follow-up in each decile and a modified Hosmer-Lemeshow χ 2 statistic. <ref target=\"#b22\" type=\"bibr\">21</ref> A χ 2 value of greater than 20 or a P value of less than .05 indicates poor calibration. We calculated the C index to estimate discrimination of the atherosclerotic cardiovascular disease risk equation. <ref target=\"#b23\" type=\"bibr\">22,</ref><ref target=\"#b24\" type=\"bibr\">23</ref> Although no thresholds exist, a C index between 0.70 and 0.80 is considered moderate to good and 0.80 or greater is considered excellent. <ref target=\"#b25\" type=\"bibr\">24</ref> The above analyses were performed for the overall population, and separately for men and women and for whites and blacks. Analyses were also repeated for participants residing in the stroke belt (North Carolina, South Carolina, Georgia, Alabama, Mississippi, Louisiana, Tennessee, and Arkansas) and non-stroke-belt regions of the continental United States. Analyses were repeated and limited to participants aged 65 years or older at baseline with Medicare Part A coverage and included adjudicated atherosclerotic cardiovascular disease events plus events identified in the Medicare claims. Two-sided P values of less than .05 were considered statistically significant. Analyses were conducted using SAS statistical software version 9.3 (SAS Institute Inc).</p></section>\n<section><header>Results</header></section>\n<section><header>Study Population</header>\n<p>We restricted the analyses to REGARDS participants aged 45 to 79 years (n = 28 044, eFigure in Supplement). After excluding 7326 participants with a history of CHD, stroke, atrial fibrillation, or heart failure, there were missing data for the Pooled Cohort risk equations for 1929 participants and an additional 291 participants without follow-up data; therefore, 18 498 participants were available for analysis. After further excluding participants with diabetes, a LDL-C level of less than 70 mg dL or of 190 mg/dL or greater, or with statin use at baseline, there were 10 997 participants available in the subgroup for whom the 2013 cholesterol treatment guidelines recommend consideration of statin initiation based on their estimated atherosclerotic cardiovascular disease risk.</p>\n<p>At baseline, 25.0% of REGARDS participants were taking statins. Pooled Cohort risk equation components are provided by 10-year predicted risk of atherosclerotic cardiovascular disease in Table <ref target=\"#tab_0\" type=\"table\">1</ref>. Additional characteristics of REGARDS study participants are presented in eTable 2 in Supplement. In both populations, participants with higher 10-year predicted atherosclerotic cardiovascular disease risk were older and a higher percentage had black race, were men, were current smokers, and were taking an antihypertensive medication. Mean systolic blood pressure and LDL-C level were higher and mean HDL-C level was lower for those with higher 10year predicted atherosclerotic cardiovascular disease risk. In the overall population, a higher prevalence of diabetes and statin use at baseline was present and total cholesterol level was lower in participants with higher 10-year predicted risk of atherosclerotic cardiovascular disease. Level of total cholesterol was similar across atherosclerotic cardiovascular disease risk groups among participants considered for statin initiation based on their atherosclerotic cardiovascular disease risk.</p></section>\n<section><header>Pooled Cohort Risk Equations in the Overall Population</header>\n<p>There were 674 adjudicated atherosclerotic cardiovascular disease events (382 CHD events and 292 strokes) over 79 321 personyears of follow-up in the overall cohort. For participants with a 10-year predicted atherosclerotic cardiovascular disease risk of less than 5%, observed and predicted 5-year incidence rates were 2.2 (95% CI, 1.7-3.0) and 2.0, respectively, per 1000 personyears (Table <ref target=\"#tab_1\" type=\"table\">2</ref>). In higher 10-year predicted atherosclerotic cardiovascular disease risk strata, 5-year observed risk was lower than predicted risk. For example, for those with predicted risk of 10% or greater, the observed and predicted risk were 12.6 (95% CI, 12.0-14.2) and 17.8, respectively. Calibration for the overall population was poor (Hosmer-Lemeshow χ 2 = 84.2, P&lt;.001) (Table <ref target=\"#tab_1\" type=\"table\">2</ref>, the Figure, and eTable 3 in Supplement). The Pooled Cohort risk equations overestimated risk for men and women and whites and blacks. The C index for the overall population was 0.71 (95% CI, 0.69-0.72) and was higher in women compared with men and whites compared with blacks.</p></section>\n<section><header>Pooled Cohort Risk Equations in the Population Considered for Statin Initiation Based on Estimated Atherosclerotic Cardiovascular Disease Risk</header>\n<p>Among the subgroup for whom statin treatment should be considered based on atherosclerotic cardiovascular disease risk, there were 338 adjudicated events (192 CHD events and 146 strokes) over 47 481 person-years. Calibration was better in this clinically relevant population, with less overestimation of risk (Hosmer-Lemeshow χ 2 = 19.9, P = .01) (Table <ref target=\"#tab_3\" type=\"table\">3</ref>, the Figure, and eTable 3). Most of the overestimation of risk occurred in deciles 7 through 10 of risk, in which participants had a 10-year predicted atherosclerotic cardiovascular disease risk of 10% or greater. Additionally, the Hosmer-Lemeshow χ 2 indicated good calibration among women (χ 2 = 8.3, P = .41), blacks (χ 2 = 11.8, P = .16), and whites (χ 2 = 14.0, P = .08). The C index was 0.72 (95% CI, 0.70-0.75) for all participants and, similar to the overall population, was higher in women and whites compared with men and blacks. The Pooled Cohort risk equations performed similarly in the stroke belt (North Carolina, South Carolina, Georgia, Alabama, Mississippi, Louisiana, Tennessee, and Arkansas) and in the remainder of the continental United States (eTable 4 in Supplement).</p></section>\n<section><header>REGARDS Participants With Medicare-Linked Data</header>\n<p>Among the subset of 6121 REGARDS participants with Medicare-linked data, 3333 were in the subgroup for which consideration of statin treatment should be based on atherosclerotic cardiovascular disease risk. Due to the limited number of participants with 10-year predicted atherosclerotic cardiovascular disease risk of less than 5%, we pooled participants with less than 7.5% for these analyses. Characteristics of participants by 10-year predicted risk are provided in eTable 5 in Supplement.</p>\n<p>Figure a The range of predicted risk for each decile is provided in eTable 3 in Supplement.</p>\n<p>b The range of predicted risk for each decile in the REGARDS population with Medicare insurance coverage is provided in eTable 6 in Supplement. c Medicare data are not presented due to a small sample size.</p>\n<p>There were 457 atherosclerotic cardiovascular disease events (225 CHD events and 232 strokes, which includes 112 [24.5%] events identified in Medicare claims) during 27 524 person-years in the overall REGARDS population with Medicare-linked data and 234 atherosclerotic cardiovascular disease events (120 CHD events and 114 strokes, which includes 57 [24.4%] events identified in Medicare claims) during 15 094 person-years in the REGARDS population with Medicare-linked data considered for statin treatment based on atherosclerotic cardiovascular disease risk. For both of these populations, the Pooled Cohort risk equations were well calibrated (Table <ref target=\"#tab_4\" type=\"table\">4</ref>, the Figure, and eTable 6 in Supplement).</p>\n<p>With more complete ascertainment of events in this subgroup, there tended to be modest underprediction of event rates by the Pooled Cohort equations. For example, among participants in the REGARDS population with Medicare-linked data who could be considered for statin treatment based on atherosclerotic cardiovascular disease risk, the observed and predicted risk for participants with a 10-year predicted risk of less than 7.5% was 5.3 (95% CI, 2.8-10.1) and 4.0, respectively, risk of 7.5% to less than 10% was 7.9 (95% CI, 4.6-13.5) and 6.4, and risk of 10% or greater was 17.4 (95% CI, 15.3-19.8) and 16.4 (χ 2 = 5.4, P = .71).</p></section>\n<section><header>Discussion</header>\n<p>In this large, contemporary, population-based cohort of black and white US adults, the recently published ACC/AHA Pooled Cohort risk equations appeared to overestimate atherosclerotic cardiovascular disease risk. However, differences in the observed and predicted atherosclerotic cardiovasc ular disease risk were small when limited to participants without diabetes, with a LDL-C level between 70 and 189 mg/dL, and who were not already taking statins. Calibration in this group is particularly important because it represents the population for whom high predicted risk is intended to trigger a discussion about statin initiation. Furthermore, the observed and predicted atherosclerotic car- diovascular disease risks were much more similar when evaluated in participants with Medicare insurance coverage, including the atherosclerotic cardiovascular disease events identified in Medicare claims. In addition to demonstrating good calibration, the Pooled Cohort risk equations had good discrimination. These findings support the validity of the Pooled Cohort risk equations to inform clinical management decisions.</p>\n<p>For risk equations to be useful in clinical practice, they should be well calibrated so that predicted risk estimates are similar to observed disease incidence. In the full working group report accompanying the publication of the Pooled Cohort risk equations, some overprediction of atherosclerotic cardiovascular disease risk was noted in short-term follow-up of the REGARDS study and the Multi-Ethnic Study of Atherosclerosis. <ref target=\"#b0\" type=\"bibr\">1</ref> Following the publication of the working group report, predicted atherosclerotic cardiovascular disease risk using the Pooled Cohort risk equations was reported to be systematically higher than the observed risk in the Women's Health Study, the Physician's Health Study, and the Women's Health Initiative Observational Study. <ref target=\"#b26\" type=\"bibr\">25</ref> Lack of active surveillance in these studies may have led to the appearance of overprediction by the Pooled Cohort risk equations because of underascertainment of events. As reported recently, 3.6% (1345/37 397) of women aged 65 years or older with Medicare Part A coverage in the Women's Health Initiative Clinical Trial had an MI when defined by study adjudication vs 4.8% (1784/37 397) when including events identified by Medicare claims, which is a 33% higher number of events and is similar to the 25% observed in REGARDS study. <ref target=\"#b27\" type=\"bibr\">26</ref> The primary reasons for these events not being adjudicated were participants not reporting an event or the inability to retrieve hospital records for adjudication. As we demonstrated in the current analysis, atherosclerotic cardiovascular disease risk may appear to be overestimated by the Pooled Cohort risk equations if all events are not identified. The predicted and observed risks were remarkably similar when incorporating a surveillance component (ie, Medicare claims) to provide more complete capture of all clinically relevant events.</p>\n<p>A second potential reason for the reported overestimation of atherosclerotic cardiovascular disease risk using the Pooled Cohort risk equations is the high prevalence of statin use in contemporary cohorts. <ref target=\"#b28\" type=\"bibr\">27</ref> At baseline, 29.5% of the REGARDS participants with a 10-year atherosclerotic cardiovascular disease risk of 10% or greater, the group in which the overestimation of atherosclerotic cardiovascular disease risk has been most pronounced, were taking statins. However, the Pooled Cohort risk equations were well calibrated in the subgroup for which these equations were designed to be used, providing assurance of their clinical utility.</p>\n<p>The Pooled Cohort risk equations performed well in discriminating between low-risk and high-risk participants. The C index of 0.71 for the Pooled Cohort risk equations in the overall REGARDS study population is similar to the C index observed for the external validation of the Framingham 10-year CHD risk score used in the Adult Treatment Panel III guidelines. <ref target=\"#b29\" type=\"bibr\">28</ref> Additionally, the C index in the current analysis was 0.72 for the population for which the 2013 cholesterol treatment guidelines recommend consideration of statin initiation based on atherosclerotic cardiovascular disease risk.</p>\n<p>The C index was substantially lower in our analyses of REGARDS participants aged 65 years or older with Medicare coverage. This was not surprising because discrimination is expected to be lower when risk prediction models are applied in narrowly defined populations. Also, as noted in the 2013 ACC/ AHA Guideline on the Assessment of Cardiovascular Risk, there are atherosclerotic cardiovascular disease risk factors that might improve the discrimination of the Pooled Cohort risk equations. Adding risk factors (eg, coronary artery calcium score) to the Pooled Cohort risk equations should be examined in future analyses.</p>\n<p>A strength of the current analyses includes the large number of REGARDS study participants residing in the continental United States. The REGARDS study enrolled communitydwelling adults and provides high generalizability to white and black US adults. The REGARDS cohort participant data are linked to Medicare claims, thus providing surveillance for a large subcohort. The results of our study should be interpreted in the context of its limitations. Although follow-up of REGARDS participants is ongoing, data were only available to calculate observed atherosclerotic cardiovascular disease risk at 5 years. Because the Pooled Cohort risk equations were designed to estimate 10-year atherosclerotic cardiovascular disease risk, studies are needed to ensure its accurate calibration over a longer duration. Even though high positive predictive values have been reported for CHD and stroke events identified using claims-based algorithms, <ref target=\"#b18\" type=\"bibr\">[17]</ref><ref target=\"#b19\" type=\"bibr\">[18]</ref><ref target=\"#b20\" type=\"bibr\">[19]</ref> these algorithms have not been validated in the REGARDS study.</p>\n<p>Therefore, it is possible that the observed atherosclerotic cardiovascular disease risk when including Medicare events may be overestimated, which could affect the good calibration of the Pooled Cohort that we report. We were not able to assess the effect of statin initiation after baseline on the calibration of the risk equations. Although risk prediction is a useful tool for guiding preventive approaches, counseling and treatment decisions should be individualized, as suggested by the new cholesterol guidelines.</p></section>\n<section><header>Conclusions</header>\n<p>In this cohort of US adults for whom statin initiation is considered based on the ACC/AHA pooled risk equations, observed and predicted 5-year atherosclerotic cardiovascular disease risks were similar, indicating that these risk equations were well calibrated in the population for which they were designed to be used, and demonstrated moderate to good discrimination.</p></section>\n<section><header>Role of the Sponsor:</header>\n<p>Representatives of the National Institutes of Health have been involved in the review of the manuscript but not directly involved in the collection, management, analysis, and interpretation of the data; preparation, review, or approval of the manuscript; and decision to submit the manuscript for publication.</p></section>\n<section><header>Disclaimer:</header>\n<p>The content is solely the responsibility of the authors and does not necessarily represent the official views of the National Institute of Neurological Disorders and Stroke or the National Institutes of Health.</p>\n<p>Additional Information: Drs Goff and Lloyd-Jones served as co-chairs of the 2013 American College of Cardiology/American Heart Association Guideline on the Assessment of Cardiovascular Risk.</p></section>\n<section><header>Additional Contributions:</header>\n<p>We thank the other investigators, the staff, and the participants of the REGARDS study for their valuable contributions. A full list of participating REGARDS investigators and institutions and further information about the study can be found at http://www.regardsstudy.org.</p></section></content>",
    "ctr": 0.1,
    "custom_score": 1.0,
    "id": {
        "dois": [
            "10.1001/jama.2014.2630"
        ]
    },
    "issued_at": 1397001600,
    "languages": [
        "en"
    ],
    "links": [
        {
            "cid": "bafkr4iculxeshtceyralpv6nlrlkirdeeyqk65hbczcggdd76ykivuuujy",
            "extension": "pdf",
            "filesize": 307350,
            "md5": "932a480f35559c73d3c6651332e9330a",
            "type": "primary"
        }
    ],
    "metadata": {
        "container_title": "JAMA",
        "first_page": 1406,
        "issns": [
            "0098-7484"
        ],
        "issue": "14",
        "volume": "311"
    },
    "page_rank": 0.24024758,
    "referenced_by_count": 421,
    "tags": [
        "General Medicine"
    ],
    "title": "Validation of the Atherosclerotic Cardiovascular Disease Pooled Cohort Risk Equations",
    "type": "journal-article",
    "updated_at": 1693680543
}