{
    "abstract": "<abstract><section><p>Dialectical behavior therapy (DBT) is a treatment for suicidal behavior and borderline personality disorder with well-documented efficacy.</p>\n<p>Objective: To evaluate the hypothesis that unique aspects of DBT are more efficacious compared with treatment offered by non-behavioral psychotherapy experts.</p>\n<p>Design: One-year randomized controlled trial, plus 1 year of posttreatment follow-up.</p>\n<p>Setting: University outpatient clinic and community practice.</p>\n<p>Participants: One hundred one clinically referred women with recent suicidal and self-injurious behaviors meeting DSM-IV criteria, matched to condition on age, suicide attempt history, negative prognostic indication, and number of lifetime intentional self-injuries and psychiatric hospitalizations.</p>\n<p>Intervention: One year of DBT or 1 year of community treatment by experts (developed to maximize internal validity by controlling for therapist sex, availability, expertise, allegiance, training and experience, consultation availability, and institutional prestige).</p>\n<p>Main Outcome Measures: Trimester assessments of suicidal behaviors, emergency services use, and general psychological functioning. Measures were selected based on previous outcome studies of DBT. Outcome variables were evaluated by blinded assessors.</p>\n<p>Results: Dialectical behavior therapy was associated with better outcomes in the intent-to-treat analysis than community treatment by experts in most target areas during the 2-year treatment and follow-up period. Subjects receiving DBT were half as likely to make a suicide attempt (hazard ratio, 2.66; P=.005), required less hospitalization for suicide ideation (F 1,92 =7.3; P=.004), and had lower medical risk (F 1,50 =3.2; P=.04) across all suicide attempts and self-injurious acts combined. Subjects receiving DBT were less likely to drop out of treatment (hazard ratio, 3.2; PϽ.001) and had fewer psychiatric hospitalizations (F 1,92 =6.0; P=.007) and psychiatric emergency department visits (F 1,92 =2.9; P =.04).</p>\n<p>Conclusions: Our findings replicate those of previous studies of DBT and suggest that the effectiveness of DBT cannot reasonably be attributed to general factors associated with expert psychotherapy. Dialectical behavior therapy appears to be uniquely effective in reducing suicide attempts.</p></section></abstract>",
    "authors": [
        {
            "family": "Linehan",
            "given": "Marsha M."
        },
        {
            "family": "Comtois",
            "given": "Katherine Anne"
        },
        {
            "family": "Murray",
            "given": "Angela M."
        },
        {
            "family": "Brown",
            "given": "Milton Z."
        },
        {
            "family": "Gallop",
            "given": "Robert J."
        },
        {
            "family": "Heard",
            "given": "Heidi L."
        },
        {
            "family": "Korslund",
            "given": "Kathryn E."
        },
        {
            "family": "Tutek",
            "given": "Darren A."
        },
        {
            "family": "Reynolds",
            "given": "Sarah K."
        },
        {
            "family": "Lindenboim",
            "given": "Noam"
        }
    ],
    "content": "<content><section><p>gram <ref target=\"#b21\" type=\"bibr\">22,</ref><ref target=\"#b22\" type=\"bibr\">23</ref> are the only 2 treatments (to our knowledge) for which randomized controlled trials have been published that demonstrate significantly better results than treatment as usual (TAU) for patients with BPD. <ref target=\"#b23\" type=\"bibr\">24</ref> Of the 2 treatments, DBT has the most empirical support, having been evaluated initially in a 1991 randomized trial <ref target=\"#b24\" type=\"bibr\">25</ref> and followup <ref target=\"#b18\" type=\"bibr\">19,</ref><ref target=\"#b25\" type=\"bibr\">26,</ref><ref target=\"#b26\" type=\"bibr\">27</ref> and assessed subsequently in 4 published randomized controlled trials <ref target=\"#b27\" type=\"bibr\">[28]</ref><ref target=\"#b28\" type=\"bibr\">[29]</ref><ref target=\"#b29\" type=\"bibr\">[30]</ref><ref target=\"#b30\" type=\"bibr\">[31]</ref> across 3 separate research centers and in 1 additional randomized controlled trial of a DBT-oriented treatment. <ref target=\"#b31\" type=\"bibr\">32</ref> Evidence from these studies has shown DBT to be an efficacious treatment for BPD. However, as noted in the American Psychiatric Association Practice Guidelines, \"[I]t is difficult to ascertain whether the improvement reported for patients receiving dialectical behavior therapy derived from specific ingredients of dialectical behavior therapy.\" <ref type=\"bibr\">33(p32)</ref> The present study is the first in a program of research systematically examining DBT with the objective of identifying the specific elements of treatment that are necessary and sufficient for an efficacious outcome among individuals with BPD. As such, this is not a \"horse race\" study pitting one complex active treatment against another. Rather, it is a dismantling study designed to begin answering questions as to the unique effects of DBT.</p>\n<p>To rule out factors commonly believed to be effective across a variety of disorders, the control condition, community treatment by experts (CTBE), was specifically designed to maximize internal validity by controlling for the following: (1) availability of treatment; (2) assistance finding and getting to a first appointment with a therapist; (3) hours of individual psychotherapy offered; (4) therapist sex, training, clinical experience, and expertise; (5) availability of group clinical consultation; (6) allegiance to treatment approach; (7) institutional prestige associated with treatment; and (8) general factors associated with receiving any psychotherapy. This study was designed as a replication of the 1991 study <ref target=\"#b24\" type=\"bibr\">25</ref> comparing DBT with TAU. We predicted that we would find identical outcomes, namely, that DBT would perform significantly better than CTBE in reducing suicidal (suicide attempts and nonsuicidal self-injury) and therapy-interfering (dropout from treatment) behaviors and in promoting quality-of-life behaviors (use of hospital services for suicidal behaviors and psychological issues).</p></section><section><header>Methods</header></section><section><header>PARTICIPANTS AND ASSESSMENTS</header>\n<p>Participants were women between the ages of 18 and 45 years who met criteria for BPD and for current and past suicidal behavior as defined by at least 2 suicide attempts or self-injuries in the past 5 years, with at least 1 in the past 8 weeks. Individuals were excluded if they had (1) a lifetime diagnosis of schizophrenia, schizoaffective disorder, bipolar disorder, psychotic disorder not otherwise specified, or mental retardation;</p>\n<p>(2) a seizure disorder requiring medication; (3) a mandate to treatment; or (4) the need for primary treatment for another debilitating condition. All participants provided informed consent using protocols approved by the University of Washington Human Subjects Division.</p>\n<p>Using a computerized adaptive minimization randomization procedure, eligible subjects were matched to treatment condition on 5 primary prognostic variables: (1 and 2) the number of lifetime suicide attempts or nonsuicidal self-injuries combined and psychiatric hospitalizations; (3) a history of only suicide attempts, only nonsuicidal self-injury, or both; (4) age; and (5) a negative prognostic indicator of a Beck Depression Inventory 34 score higher than 30 or a Global Assessment of Functioning <ref target=\"#b34\" type=\"bibr\">35</ref> score lower than 45 for a comorbid condition. This matching method has been shown to be superior to simple and stratified randomization in producing balance for separate prognostic variables, particularly when the number of strata is large compared with the number of subjects. <ref target=\"#b35\" type=\"bibr\">36</ref> Based on 0.8 power to detect significant differences between conditions (P = .05, 1-sided), this procedure was used to randomize 101 subjects to DBT (n=52) or to CTBE (n=49). The flow of subjects through the study is shown in Figure <ref target=\"#fig_0\" type=\"figure\">1</ref>.</p>\n<p>Initial assessments were done before informing subjects of treatment assignment and at 4-month intervals during the treatment and follow-up periods. Outcome assessments were yoked across conditions by screening date. Assessments were conducted by blinded independent clinical assessors with master's or doctoral degrees. Lead assessors (K.A.C. and A.M.M.) were trained on interview measures by the instrument developers or by an approved trainer, and then trained, supervised, and evaluated for reliability across assessors ( statistic or intraclass correlation coefficient for all ratings ranged from 0.74 to 1.00). The participant coordinator, who was not blinded to treatment condition, executed the randomization program and collected all the data related to treatment.</p></section><section><header>Diagnostic Interviews</header>\n<p>The structured clinical interviews for Axis I and Axis II DSM-IV <ref target=\"#b35\" type=\"bibr\">36,</ref><ref target=\"#b36\" type=\"bibr\">37</ref> and the International Personality Disorder Examination <ref target=\"#b37\" type=\"bibr\">38</ref> were used as screening and diagnostic instruments. The Peabody Picture Vocabulary Test-Revised 39 was used to rule out mental retardation.</p></section><section><header>Outcome Measures</header>\n<p>The Suicide Attempt Self-Injury Interview <ref target=\"#b39\" type=\"bibr\">40</ref> measured the topography, suicide intent, and medical severity of each suicide attempt and nonsuicidal self-injury. Interrater reliabilities were 0.88 for medical risk and 0.94 for suicide intent. The Suicidal Behaviors Questionnaire (M.M.L., unpublished work, 1981) was used to assess suicide ideation. The Reasons for Living Inventory <ref target=\"#b40\" type=\"bibr\">41</ref> assessed the importance of reasons for living. The Treatment History Interview (M.M.L., unpublished work, 1987) measured subjects' experience with professional psychotherapy, comprehensive treatment programs, case management, inpatient units, emergency treatment and other crisis services, and medication use. The Hamilton Rating Scale for Depression-17-Item 42 was used to evaluate the severity of depressive symptoms. All outcome domains are identical to those reported by Linehan et al <ref target=\"#b24\" type=\"bibr\">25</ref> </p></section><section><header>in 1991.</header></section><section><header>STUDY TREATMENTS</header></section><section><header>Therapists</header>\n<p>There were 41 therapists in the study (16 DBT therapists and 25 CTBE therapists). Characteristics of the therapists are given in Table <ref target=\"#tab_0\" type=\"table\">1</ref>.</p></section><section><header>Dialectical Behavior Therapy</header>\n<p>Dialectical behavior therapy is a cognitive behavioral treatment program developed to treat suicidal clients meeting criteria for BPD. <ref target=\"#b19\" type=\"bibr\">20,</ref><ref target=\"#b20\" type=\"bibr\">21</ref> It directly targets (1) suicidal behavior, (2) behaviors that interfere with treatment delivery, and (3) other dangerous, severe, or destabilizing behaviors.</p>\n<p>Standard DBT addresses the following 5 functions: (1) increasing behavioral capabilities, (2) improving motivation for skillful behavior (through contingency management and reduction of interfering emotions and cognitions), (3) assuring generalization of gains to the natural environment, (4) structuring the treatment environment so that it reinforces functional rather than dysfunctional behaviors, and (5) enhancing therapist capabilities and motivation to treat patients effectively. These functions are divided among the following 4 modes of service delivery: (1) weekly individual psychotherapy (1 h/wk), (2) group skills training (2½ h/wk), (3) telephone consultation (as needed within the therapist's limits to ensure generalization), and (4) weekly therapist consultation team meetings (to enhance therapist motivation and skills and to provide therapy for the therapists).</p></section><section><header>Recruitment, Training, and Adherence of DBT Therapists</header>\n<p>Psychotherapists recommended by colleagues as potentially good DBT therapists were recruited for the study; 8 had no previous DBT exposure and 8 had experience that ranged from workshop attendance to applied practice. The sample included 3 graduate students and 2 postdoctoral trainees. Training consisted of a 45-hour DBT seminar followed by supervised prac-tice. The treatment developer (M.M.L.) was not a study therapist and did not attend the weekly DBT team meetings.</p>\n<p>Individual therapists were hired once 6 of 8 consecutive training case sessions were rated as adherent to DBT. During the study, adherence was assessed by coding a random selection of sessions on the DBT Global Rating Scale (M.M.L., unpublished work, 2003), which codes DBT adherence on a 5-point scale (to 1 decimal point), with a score of 4.0 or higher denoting adherence. Therapists were blinded to which sessions were rated. Coders were trained to reliability with the treatment developer.</p></section><section><header>Community Treatment by Experts</header>\n<p>The CTBE condition was developed specifically for this study to control for factors previously uncontrolled for in DBT studies. Similar to a TAU (treatment as usual) condition, the treatment provided was uncontrolled by the research team, an essential component of TAU conditions. It differs from TAU conditions in that characteristics of CTBE therapists are controlled by the study via selection of therapists and supervisory arrangements.</p>\n<p>Expertise. The CTBE therapists were nominated by community mental health leaders. These included heads of inpatient psychiatric units and clinical directors of mental health agencies, who nominated therapists whom they considered experts in treating difficult clients.</p>\n<p>Allegiance to Treatment Provided. The content of the treatment provided by the CTBE therapists was not prescribed by the research study or interfered with in any way. Therapists were asked to provide the type and dose of therapy that they believed was most suited to the patient, with a minimum of 1 scheduled individual session per week. Ancillary treatment could be prescribed as needed.</p></section><section><header>Availability of Clinical Supervision Group.</header>\n<p>The CTBE therapists were paid at the same rate as that paid to DBT therapists. The CTBE therapists were not required to attend a weekly clinical supervision group.</p>\n<p>Institutional Prestige. The CTBE clinical supervision group met at the Seattle Psychoanalytic Society and Institute and was led by its training director. The institute's prestige outside the field of behavior therapy in Seattle rivals that of the University of Washington within the field of behavior therapy.</p>\n<p>General Factors and Assistance Finding a Therapist. The participant coordinator established an independent relationship with subjects in both conditions. The participant coordinator also provided assistance in contacting the therapist and in getting the subject to the first session. Availability of Affordable and Sufficient Treatment Hours. The study paid for CTBE at the same rate as for DBT. All participants paid a small sliding fee for therapy as determined by the assessment team before condition assignment. No participants were dropped because of failure to pay.</p></section><section><header>Sex, Training, and Clinical Experience.</header>\n<p>The randomization program assigned clients to DBT and CTBE therapists, matching on sex, doctoral vs master's training, and years of clinical experience. Results indicated that therapists' sex and training did not differ in the 2 conditions. The CTBE therapists, however, had more clinical experience, which was expected because they were selected for their expertise (Table <ref target=\"#tab_0\" type=\"table\">1</ref>).</p></section><section><header>Recruiting of CTBE Therapists</header>\n<p>Ninety-four potential therapists were recruited. Based on their descriptions of the treatment that they usually provide to patients with BPD, therapists were categorized into 6 groups anchored by \"behavior therapist\" on one end and \"very nonbehavioral\" on the other end. The CTBE therapist pool consisted of 38 therapists selfdescribed as \"eclectic but nonbehavioral\" or \"mostly psychodynamic.\" No cognitive behavior therapists were selected for the CTBE condition. Of the potential 38 CTBE therapists, 25 were assigned patients (the remaining 13 potential therapists declined to accept a patient when one was assigned).</p></section><section><header>STATISTICAL ANALYSIS</header>\n<p>Our primary method for analyzing repeated-measures data (pretreatment through the 24-month assessment) was mixedeffects models. <ref target=\"#b42\" type=\"bibr\">43</ref> Two versions of mixed-effects models were implemented: (1) random regression modeling (RRM), also known as hierarchical linear models and multilevel linear models, <ref target=\"#b43\" type=\"bibr\">44,</ref><ref target=\"#b44\" type=\"bibr\">45</ref> and (2) mixed-model analysis of variance (MMANOVA). <ref target=\"#b45\" type=\"bibr\">46</ref> Differences in rates of change (ie, slopes) were compared for the 2 treatment groups. Outcome variables with nonnormal distributions were recoded into discrete ordinal levels and were analyzed using RRM for ordinal data (eg, total nonsuicidal self-injurious acts were recoded into 5 ordinal levels). <ref target=\"#b46\" type=\"bibr\">47,</ref><ref target=\"#b47\" type=\"bibr\">48</ref> Outcomes that were infrequent (and highly skewed) were analyzed by means of a generalized MMANOVA using all clients with any outcome data (n=97), with the pretreatment values as a covariate. The MMANOVA required that suicide attempts, emergency department visits, and inpatient admissions be recoded into binary variables (none vs any) per assessment period; therefore, absolute frequency of these outcomes could not be statistically compared. <ref target=\"#b48\" type=\"bibr\">49</ref> Cox proportional hazards regression model survival analysis tested the time to first suicide attempt. <ref target=\"#b49\" type=\"bibr\">50</ref> For simple crosssectional comparisons (eg, pretreatment differences and manipulation checks), t tests were used for normally distributed variables, Mann-Whitney tests for nonnormal variables, and 2 tests for binary variables.</p>\n<p>To assess the potential effect of missing data (ie, ignorable vs informative missing data), a pattern-mixture analysis was implemented using 2-tailed tests. <ref target=\"#b50\" type=\"bibr\">51</ref> We defined patterns using a binary completer status variable, which was entered as a predictor in the RRM and MMANOVA. To determine if the slope differences depend on completer status, a 3-way interaction of completer status-ϫ-treatment group-ϫ-time was included in the hierarchical linear models. To determine if the mean difference between groups depends on completer status, a 2-way interaction of completer status-ϫ-treatment group was included in the MMANOVA. The same analyses were conducted for treatment dropout status.</p>\n<p>With mixed-effects models, appropriate covariance structures were analytically determined. Determination of the appropriate covariance structure was based on a mixture of 2 tests in comparing nested models. <ref target=\"#b51\" type=\"bibr\">52</ref> </p></section><section><header>Results</header></section><section><header>SAMPLE CHARACTERISTICS AND BASELINE DIFFERENCES</header>\n<p>The treatment groups did not significantly differ on demographic characteristics, diagnoses, or pretreatment number of suicide attempts or nonsuicidal self-injuries. These results are summarized in Table <ref target=\"#tab_1\" type=\"table\">2</ref>.</p></section><section><header>STUDY IMPLEMENTATION</header>\n<p>Dialectical behavior therapy adherence was rated for 51 client-therapist dyads across 571 therapy sessions. Adherence scores ranged from 2.5 to 4.8, with a mean ± SD score of 4.0±0.2.</p>\n<p>Compared with the CTBE group, the DBT group received significantly more therapy from study therapists, primarily because of their weekly group sessions and their greater treatment retention (Table <ref target=\"#tab_2\" type=\"table\">3</ref>). There were no significant differences in total hours of therapy, however, when all study-provided and non-study-provided treatment hours (group, individual, case management, day treatment, and inpatient treatment) were summed. There were no differences between conditions in the use or the types of psychotropic medications at pretreatment. During the treatment year, the use of psychotropic medications decreased significantly more in the DBT group than in the CTBE group (t 1 =2.6, PϽ.01, RRM). There were no significant differences between conditions during the follow-up year (Figure <ref type=\"figure\">2</ref>). At the pretreatment and 4-month assessments, the DBT and CTBE groups did not significantly differ in their expectations of receiving help from the study therapy. The mean ± SD expectancy ratings were 5.52±0.95 and 5.42 ± 1.02 at the pretreatment assessment and 5.46±0.98 and 5.29±1.37 at the 4-month assessment, for the DBT and CTBE groups, respectively.</p></section><section><header>ANALYSIS OF THE EFFECT OF MISSING DATA PATTERNS</header>\n<p>Eight episodes were not included in the analyses of suicide attempts and nonsuicidal self-injury because the subjects didnotprovideenoughinformationintheinterviewstomake that classification. The information was missing because the subjects refused to answer the question or said they could not remember, or the interviewer skipped needed questions because the subject was too emotionally distraught.</p>\n<p>Compared with subjects assigned to the DBT condition, subjects assigned to the CTBE condition were significantly more likely to drop out of study assessments during the treatment year (3.8% vs 20.4%, P=.01, Fisher exact test) and during the overall study (11.5% vs 28.6%, P=.03, Fisher exact test). We examined the effects of differential missing data and treatment dropout on each of our major outcome variables and found no evidence that the findings were biased by these differences.</p></section><section><header>SUICIDAL BEHAVIORS</header>\n<p>There were no documented suicides in either condition during the 2-year study. The DBT group had half the rate of suicide attempts compared with the CTBE group (23.1% vs 46%, <ref target=\"#b1\" type=\"bibr\">2</ref> 1 =5.98, P=.01; hazard ratio, 2.66, P=.005; and number needed to treat [NNT], 4.24 [95% confidence in-terval {CI}, 2.40-18.07]) (Figure <ref type=\"figure\">3</ref>). The NNT of 4.24 indicates that, during 2 years of treatment plus follow-up, 4 patients would need to be treated with DBT to prevent 1 patient from attempting suicide. Similarly, half as many subjects in the DBT group made nonambivalent suicide attempts (5.8%vs13.3%,P=.18,FisherexacttestandNNT,13.3[95% CI, 5.28-25.41]). There were significantly fewer suicide at- Across the 2 years, the median number of suicide attempts was 0 for the DBT group and for the CTBE group. The interquartile range for suicide attempts during the 2 years was 0 to 0 for the DBT group and 0 to 1 for the CTBE group. Similarly,bothtreatmentswereeffectiveinreducingthenumber of nonsuicidal self-injuries ( 2 1 =120.6, PϽ.001, ordinal RRM), but the difference in the rates of change was not significant (F 1,99 =1.1, P=.15 [standardized effect size, 0.47]) (Figure <ref target=\"#fig_1\" type=\"figure\">4</ref>). The median number of nonsuicidal acts for the 2 years was 3.0 (interquartile range, 1.0-7.8) for the DBT group and 3.0 (interquartile range, 0.0-8.0) for the CTBE group.</p>\n<p>As summarized in Table <ref target=\"#tab_4\" type=\"table\">4</ref>, among subjects with any suicide attempt or intentional self-injury during the treatment year, the highest medical risk was significantly lower for the DBT group than for the CTBE group (F 1,156 =3.2, P=.04). Both treatment groups made significant improvement in suicide ideation and in reasons for living (PϽ.001 for both), but the slope difference between conditions was not significant.</p></section><section><header>USE OF CRISIS SERVICES</header>\n<p>Based on results of the MMANOVA, the DBT group used crisisservicessignificantlylessthantheCTBEgroupthrough- </p></section><section><header>BEHAVIORS THAT INTERFERE WITH THERAPY</header>\n<p>More CTBE than DBT subjects dropped out of the study therapy (Table <ref target=\"#tab_2\" type=\"table\">3</ref>). Subjects could choose reassignment to up to 2 additional therapists for the same condition. Cox proportional hazards regression model survival analysis indicated that the risk of dropping out of therapy was 3 times higher for CTBE subjects for dropping the first therapist (hazard ratio, 3.2, PϽ.001; and NNT, 2.92 [95% CI, 1.91-6.21]) and for dropping therapy entirely (relative risk ratio, 2.7, P=.01; and NNT, 4.22 [95% CI, 2. 43-16.16]). In all, 29 CTBE subjects (59.2%) and 13 DBT subjects (25.0%) dropped their first study therapist. Twenty-one CTBE subjects (42.9%) and 10 DBT subjects (19.2%) dropped all study therapy (P = .005).</p></section><section><header>BEHAVIORS REFLECTING QUALITY OF LIFE</header>\n<p>Both treatment groups had significant reductions in scores on the Hamilton Rating Scale for Depression-17 Item (PϽ.001 for both). However, the slope difference between the treatment groups was not significant (Table <ref target=\"#tab_4\" type=\"table\">4</ref>).</p></section><section><header>COMMENT</header>\n<p>This study compared DBT with a rigorous comparison condition, nonbehavioral CTBE, to address whether the effectiveness of DBT in treating suicidal patients and patients with BPD can be accounted for by treatment factors common to most psychotherapy by experts. Results indicated that DBT was superior to CTBE in preventing suicide attempts, with a hazard ratio suggesting that suicide attempts can be reduced by half with DBT compared with non-behavioral therapy by experts. Dialectical behavior therapy was also more effective in reducing emergency department visits and inpatient psychiatric care for suicide ideation. In addition, DBT was more than twice as effective as non-behavioral therapy by experts in keeping subjects in treatment, as reflected by a 25% dropout rate from the first therapist in DBT compared with 59% in CTBE. The findings of this study indicate that the efficacy of DBT cannot reasonably be attributed solely to general factors associated with receiving expert psychotherapy.</p>\n<p>The hazard ratio for nonambivalent suicide attempts (ie, those with high intent and planning) was 2.2, almost identical to that for suicide attempts overall. (We cannot conclude that this is a statistically significant difference, as the low base rate of serious suicide attempts precludes adequate   <ref target=\"#b0\" type=\"bibr\">1</ref> The treatment period ended at 12 months, and the follow-up period ended at 24 months. The 5-level ordinal categories per assessment period were 0, 0.01 to 1, 1.01 to 2, 2.01 to 4, and 4.01 and higher. CTBE indicates community treatment by experts; DBT, dialectical behavior therapy.</p>\n<p>power in any single-site clinical trial.) This finding, however, combined with the significantly lower risk for any type of suicide attempt suggests that DBT may be uniquely effective in treating suicidal individuals. Similar to other DBT randomized trials, <ref target=\"#b25\" type=\"bibr\">26,</ref><ref target=\"#b27\" type=\"bibr\">[28]</ref><ref target=\"#b28\" type=\"bibr\">[29]</ref><ref target=\"#b29\" type=\"bibr\">[30]</ref><ref target=\"#b30\" type=\"bibr\">[31]</ref><ref target=\"#b31\" type=\"bibr\">[32]</ref><ref target=\"#b52\" type=\"bibr\">53</ref> there was a low mortality rate during the study. There were no documented suicides (other than 1 death in the CTBE group related to the cumulative effectsofprevioussuicideattempts).Theabsenceofanydeath bysuicidemaybeduetoanynumberoffactors.Subjectswere offered not only expert therapy but also extensive contact with an assessment team. They were mailed frequent nondemanding cards throughout the treatment and follow-up years. Such a regimen has been found to reduce completed suicides among individuals treated for suicidality. <ref target=\"#b53\" type=\"bibr\">54</ref> In contrast to previous DBT randomized trials, <ref target=\"#b24\" type=\"bibr\">25,</ref><ref target=\"#b27\" type=\"bibr\">28,</ref><ref target=\"#b30\" type=\"bibr\">31,</ref><ref target=\"#b31\" type=\"bibr\">32,</ref><ref target=\"#b53\" type=\"bibr\">54</ref> there were no significant differences between conditions in the incidence or the frequency of nonsuicidal self-injury in our study. An examination of outcomes from the 1991 DBT trialofsuicidalwomenwithBPDsuggeststhatnon-behavioral CTBE may be more effective than TAU in reducing nonsuicidal self-injury. The mean±SD number of nonsuicidal acts during the treatment year for subjects assigned to TAU in the 1991 study <ref target=\"#b24\" type=\"bibr\">25</ref> was 32.32±69.97, with half that many (16.82±60.81) for subjects assigned to CTBE in the present study; in contrast, DBT had outcomes in the present study almostidenticaltothosefoundinthe1991study(6.05±11.55 and 6.38±7.41 for the 1991 study and the present study, respectively). The differences between conditions in outcome variability across the 2 studies are remarkably similar, with DBT outcomes being consistently less variable across persons than those of either comparison condition. It is possible that the present study may have been underpowered to detect the 0.49 effect size of DBT vs CTBE.</p>\n<p>An alternate explanation of our findings may be that subjects in CTBE underreported habitual self-injury to a greater extent than those in DBT. In a previous study <ref target=\"#b29\" type=\"bibr\">30</ref> among drug abusers, retrospective reports of opiate use at 4-month intervals to a blinded assessor were compared with contemporaneous urinalyses data. The correlation of DBT subjects' self-reports with urinalyses data was 0.71, whereas the correlation in the nonbehavioral control condition was 0.02, despite a lack of any negative consequence for self-reporting drug use. Subjects in DBT self-reported using opiates more frequentlyevenwhenthrice-weeklyurinalysesindicatedthat they were actually using opiates less frequently. <ref target=\"#b29\" type=\"bibr\">30</ref> Daily diary keeping and weekly discussion of recorded behaviors †Analysis of combined suicide attempt and self-injury data aggregated per year includes only subjects with suicide attempt or nonsuicidal self-injury during the treatment year. There were too few acts during the follow-up year for analysis. Random intercept RRM (without slope as a random effect) was used.  *Differences were tested by means of mixed-model analysis of variance using data from all assessment periods (pretreatment, 4-, 8-, 12-, 16-, 20-, and 24-month assessments). The highly skewed distribution analysis precluded a statistical comparison of absolute numbers of these events.</p>\n<p>most likely enhance memory of targeted behaviors in DBT.</p>\n<p>Subjects assigned to CTBE were also much more likely than those assigned to DBT to be hospitalized for suicide ideation, despite no apparent differences over time in suicide ideation for the 2 conditions. An important DBT strategy, at least as a first step, is to encourage outpatient use of behavioral skills over inpatient treatment even when suicidal risk is high. Consequently, we cannot determine from the present data whether the difference in hospitalization is due to a lesser tendency of DBT therapists to recommend inpatient treatment or to differences in actual need for hospitalization. There is no evidence that inpatient hospitalization is an effective treatment for suicidality. Therefore, it may be that inpatient admissions for suicide ideation were actually iatrogenic rather than therapeutic. These questions need to be addressed in future studies.</p>\n<p>Depression, suicide ideation, and reasons for living improved significantly in both conditions. The absence of significant differences on these measures is similar to our previous findings <ref target=\"#b24\" type=\"bibr\">25</ref> among severely suicidal patients with BPD and does not appear to be due to inadequate power. In contrast, a clinical trial among patients with less severe BPD found superiority of DBT compared with other treatments in reducing depression and suicide ideation. <ref target=\"#b27\" type=\"bibr\">28</ref> Both findings fit the 2-stage model of DBT that targets out-ofcontrol behaviors first (stage 1 target) among more severe patients (stage 1 DBT target) and targets \"quiet desperation\" such as depression (stage 2 DBT target) among less severe patients who demonstrate behavioral control.</p>\n<p>The overall dropout rate in CTBE was high. In addition, significantly more CTBE subjects were assigned a second or third therapist (24% of the CTBE group) compared with DBT subjects (10% of the DBT group). Because of this reassignment to new therapists and the greater tendency of CTBE subjects to see a therapist outside the study, the overall number of individual sessions was similar between conditions. Not surprisingly, DBT subjects had more group therapyhours.However,therewerenosignificantdifferences between conditions in the total amount of therapy received when hours of individual, group, day treatment, and inpatient treatment were included. Therefore, the simple amount of therapeutic contact is not a viable explanation for differ-encesinoutcomebetweenDBTandCTBE.Apreviousstudy 20 comparing DBT group \"skills training\" combined with community psychotherapy vs community psychotherapy without group training skills found no significant benefit of the group component when added to non-DBT psychotherapy. However, we cannot rule out its effects when combined with individual DBT. A component analysis study is under way to tease out the effects of the DBT group component.</p>\n<p>Subjects assigned to DBT were less likely to continue taking psychotropic medications, including antidepressant drugs, during the treatment year. The use of psychotropic medications in general (and antidepressants specifically) resumed in the follow-up year, despite no apparent increase in depression or other dysfunctional behaviors. This suggests that medication use in this population may be influenced by psychotherapists' treatment philosophy as much as by symptomatic need for medication.</p>\n<p>An innovative characteristic of this research was the development of the CTBE condition to control for nonspecific treatment factors of expert therapy. We could find no other published randomized trial that demonstrated the effectiveness of any other outpatient treatment for suicidal individuals with BPD. Therefore, there is no \"standard\" treatment with which to compare DBT. Indeed, with 6 previous randomized trials <ref target=\"#b24\" type=\"bibr\">25,</ref><ref target=\"#b27\" type=\"bibr\">[28]</ref><ref target=\"#b28\" type=\"bibr\">[29]</ref><ref target=\"#b29\" type=\"bibr\">[30]</ref><ref target=\"#b30\" type=\"bibr\">[31]</ref><ref target=\"#b31\" type=\"bibr\">[32]</ref><ref target=\"#b53\" type=\"bibr\">54</ref> (more than any other treatment for suicidal behavior or BPD), DBT can be considered the current standard. Comparing DBT with an alternative, however, would provide little, if any, scientific information. Although knowing that one multicomponent treatment is more effective than another might be of clinical value in deciding which treatment to offer, it does not provide information about mechanisms of treatment and is of little help in developing more effective treatments.</p>\n<p>The major limitation of this study is that CTBE subjects dropped out of the entire study more often than DBT subjects, despite our best efforts to keep all participants enrolled. Careful statistical analyses, however, showed that this differential treatment dropout does not explain the differences in outcomes. Nonetheless, future studies must find a way to keep more suicidal patients with BPD enrolled. Although we attempted to control for allegiance and adherence to a coherent model by selecting expert therapists and by asking them to use the treatment that they believed to be most effective, results might be limited by the heterogeneity of the treatments used by the community experts compared with the more homogeneous DBT condition.</p>\n<p>Additional dismantling studies of DBT are also needed to clarify which components of DBT are essential and to what degree fidelity to the DBT manual is needed to achieve results comparable to those found herein and in other studies. This research is under way. Finally, further investigation is warranted on community-delivered psychotherapy by experts. Weekly non-behavioral CTBE may have much to recommend it as treatment for BPD. Nonetheless, findings from this study suggest that DBT may indeed be the superior intervention.</p></section><section><p>burgh, Pittsburgh, Pa (Dr Reynolds); British Isles DBT Training, St Louis, Mo (Dr Heard); and Arizona State Hospital, Phoenix (Mr Tutek). Funding/Support: This study was supported by grants MH34486 and MH01593 from the National Institute of Mental Health. Previous Presentation: This study was presented in part at the 36th Annual Convention of the Association for Advancement of Behavior Therapy; November 14, 2002; Reno, Nev.</p></section></content>",
    "ctr": 0.1,
    "custom_score": 1.0,
    "id": {
        "dois": [
            "10.1001/archpsyc.63.7.757"
        ]
    },
    "issued_at": 1151712000,
    "languages": [
        "en"
    ],
    "links": [
        {
            "cid": "bafkr4igp4eb2znaxstox75igi5xjklswnqz42vkwv5p7ph2t5x3bzgsl5y",
            "extension": "pdf",
            "filesize": 177401,
            "md5": "71d68f0181b6acd77bec8938cd0c2571",
            "type": "primary"
        }
    ],
    "metadata": {
        "container_title": "Archives of General Psychiatry",
        "first_page": 757,
        "issns": [
            "0003-990X"
        ],
        "issue": "7",
        "publisher": "American Medical Association (AMA)",
        "volume": "63"
    },
    "page_rank": 0.3649712,
    "referenced_by_count": 1245,
    "tags": [
        "Psychiatry and Mental health",
        "Arts and Humanities (miscellaneous)"
    ],
    "title": "Two-Year Randomized Controlled Trial and Follow-up of Dialectical Behavior Therapy vs Therapy by Experts for Suicidal Behaviors and Borderline Personality Disorder",
    "type": "journal-article",
    "updated_at": 1694954004
}