{
    "authors": [
        {
            "family": "Gordon",
            "given": "Craig E.",
            "sequence": "first"
        }
    ],
    "ctr": 0.1,
    "custom_score": 1.0,
    "id": {
        "dois": [
            "10.1001/archinternmed.2009.548"
        ]
    },
    "issued_at": 1266796800,
    "languages": [
        "en"
    ],
    "metadata": {
        "container_title": "Archives of Internal Medicine",
        "first_page": 332,
        "issns": [
            "0003-9926"
        ],
        "issue": "4",
        "publisher": "American Medical Association (AMA)",
        "volume": "170"
    },
    "page_rank": 0.2511583,
    "referenced_by_count": 224,
    "tags": [
        "Internal Medicine"
    ],
    "title": "Pneumothorax Following Thoracentesis: A Systematic Review and Meta-analysis",
    "type": "journal-article",
    "updated_at": 1695396625
}