{
    "authors": [
        {
            "family": "Singh",
            "given": "Hardeep",
            "sequence": "first"
        },
        {
            "family": "Spitzmueller",
            "given": "Christiane",
            "sequence": "additional"
        },
        {
            "family": "Petersen",
            "given": "Nancy J.",
            "sequence": "additional"
        },
        {
            "family": "Sawhney",
            "given": "Mona K.",
            "sequence": "additional"
        },
        {
            "family": "Sittig",
            "given": "Dean F.",
            "sequence": "additional"
        }
    ],
    "ctr": 0.1,
    "custom_score": 1.0,
    "id": {
        "dois": [
            "10.1001/2013.jamainternmed.61"
        ]
    },
    "issued_at": 1366588800,
    "languages": [
        "en"
    ],
    "metadata": {
        "container_title": "JAMA Internal Medicine",
        "first_page": 702,
        "issns": [
            "2168-6106"
        ],
        "issue": "8",
        "publisher": "American Medical Association (AMA)",
        "volume": "173"
    },
    "page_rank": 0.1736937,
    "referenced_by_count": 137,
    "tags": [
        "Internal Medicine"
    ],
    "title": "Information Overload and Missed Test Results in Electronic Health Record–Based Settings",
    "type": "journal-article",
    "updated_at": 1695848006
}