{
    "abstract": "<abstract><section><p>LINICAL PRACTICE GUIDElines are \"systematically developed statements to assist practitioner and patient decisions about appropriate health care for specific clinical circumstances.\" 1 Their successful implementation should improve quality of care by decreasing inappropriate variation and expediting the application of effective advances to everyday practice. <ref target=\"#b1\" type=\"bibr\">2,</ref><ref target=\"#b2\" type=\"bibr\">3</ref> Despite wide promulgation, guidelines have had limited effect on changing physician behavior. <ref target=\"#b3\" type=\"bibr\">[4]</ref><ref target=\"#b4\" type=\"bibr\">[5]</ref><ref target=\"#b5\" type=\"bibr\">[6]</ref><ref target=\"#b6\" type=\"bibr\">[7]</ref> In general, little is known about the process and factors responsible for how physicians change their practice methods when they become aware of a guideline. <ref target=\"#b7\" type=\"bibr\">8,</ref><ref target=\"#b8\" type=\"bibr\">9</ref> Physician adherence to guidelines may be hindered by a variety of barriers. A theoretical approach can help explain these barriers and possibly help target interventions to specific barriers.</p>\n<p>In this article, we review barriers to physician adherence to practice guidelines. Such knowledge can help developers of guidelines, practice directors, and health care services researchers design effective interventions to change physician practice.</p></section>\n<section>METHODS</section>\n<section><header>Data Sources</header>\n<p>We conducted a systematic review of the literature to identify barriers to guideline adherence. We searched all articles, limited to the English language and human subjects, published</p></section></abstract>",
    "authors": [
        {
            "family": "Cabana",
            "given": "Michael D."
        },
        {
            "family": "Rand",
            "given": "Cynthia S."
        },
        {
            "family": "Powe",
            "given": "Neil R."
        },
        {
            "family": "Wu",
            "given": "Albert W."
        },
        {
            "family": "Wilson",
            "given": "Modena H."
        },
        {
            "family": "Abboud",
            "given": "Paul-André C."
        },
        {
            "family": "Rubin",
            "given": "Haya R."
        }
    ],
    "content": "<content><section><p>using the MEDLINE, Educational Resources Information Center (ERIC), and HealthSTAR databases. To find candidate titles that describe barriers to adherence, we included titles that appeared in 2 searches. The first used medical subject heading (MeSH) descriptors clinical practice guidelines or physicians' practice patterns. The second used the descriptors behavior, knowledge, attitudes, and practice, attitude of health personnel, guideline adherence, or the text words behavior change. We also examined candidate titles of papers describing theories of physician behavior change to find constructs useful in describing barriers. We used candidate titles with the MeSH descriptor or text words behavior and 1 of the following terms: \"model, organizational,\" \"model, theoretical,\" \"model, psychological,\" or \"model, educational.\" We identified additional candidate articles by reviewing the bibliographies of articles from the search; contacting experts in psychology, management, and sociology; and reviewing bibliographies of textbooks of health behavior and public health.</p></section>\n<section><header>Data Selection</header>\n<p>We included articles that focused on clinical practice guidelines, practice parameters, clinical policies, national recommendations or consensus state-ments, and that examined at least 1 barrier to adherence. A barrier was defined as any factor that limits or restricts complete physician adherence to a guideline. We focused on barriers that could be changed by an intervention. As a result, we did not consider age, sex, ethnic background, or specialty of the physician as barriers. In many of the articles, respondents indicated barriers via responses to survey questions. For qualitative studies, major themes from focus groups or interviews identified barriers.</p>\n<p>One investigator (M.D.C.) screened titles and/or full bibliographic citations to identify candidate articles. Two investigators (M.D.C. and P.-A.C.A.) then independently reviewed the full text to exclude articles that did not fulfill our criteria. Differences were resolved by consensus with a third investigator (H.R.R.).</p></section>\n<section><header>Data Extraction</header>\n<p>Two investigators (M.D.C. and P.-A.C.A.) then abstracted the following information from each article: description of barrier, description of the guideline, the percentage of respondents describing the barrier, demographics of the respondents, and study characteristics. If possible, we calculated the percentage of respondents affected by a barrier as the difference between 100% and the sum of the percentage with no opinion and those not affected.</p>\n<p>All barriers abstracted from the articles were grouped into common themes, then further organized into groups based on whether they affected physician knowledge, attitude, or behavior. The organization of these categories was validated by 3 additional investigators (A.W.W., N.R.P., and C.S.R.) and was based on a model that describes an ideal, general mechanism of action for guidelines, the knowledge, attitudes, behavior framework <ref type=\"bibr\">6 (FIGURE)</ref>. Before a practice guideline can affect patient outcomes, it first affects physician knowledge, then attitudes, and finally behavior. Although behavior can be modified without knowledge or attitude being affected, behavior change based on influencing knowledge and attitudes is probably more sustainable than indirect manipulation of behavior alone.</p>\n<p>Factors limiting adherence through a cognitive component were considered barriers affecting knowledge, through an affective component were considered barriers affecting attitude, and through a restriction of physician ability were considered barriers affecting behavior.</p>\n<p>Based on previous work by Davis and Taylor-Vaisey, <ref target=\"#b9\" type=\"bibr\">10</ref> the following terms were used: adoption refers to a provid- Lack of familiarity included the inability of a physician to correctly answer questions about guideline content, as well as self-reported lack of familiarity. When studies reported the percentage of physicians answering questions incorrectly, the highest percentage of incorrect answers was used to measure lack of familiarity. Lack of awareness was the inability to correctly acknowledge a guideline's existence.</p></section>\n<section><header>Results</header></section>\n<section><header>Search Yield</header>\n<p>We found 5658 candidate titles possibly examining barriers to adherence. We excluded 5235 titles after examination of the bibliographic citation. After examining the full text of 423 articles or chapters, 76 articles fulfilled our criteria. The to measure interrater reliability for article selection was 0.93.</p>\n<p>The 76 accepted articles included 5 qualitative studies and 120 different surveys asking a total of 293 questions addressed to physicians regarding possible barriers to guideline adherence. A survey was defined as at least 1 question to a group of physicians about barriers to adherence for a unique guideline recommendation.</p></section>\n<section><header>Type of Barriers</header>\n<p>After classifying possible barriers into common themes, we found that the 293 questions about barriers included 7 general categories of barriers (Figure). The barriers affected physician knowledge (lack of awareness or lack of familiarity), attitudes (lack of agreement, lack of self-efficacy, lack of outcome expectancy, or the inertia of previous practice), or behavior (external barriers).</p></section>\n<section><header>Comprehensiveness of Surveys</header>\n<p>We examined how often surveys considered the full variety of barriers to physician adherence. Theoretically, a survey could examine up to 7 different types of barriers to adherence. Of the 120 surveys, 70 (58%) examined only 1 type of barrier, and the average number examined was 1.67 (median, 2). Of the remaining surveys, 30 (25%) examined 2, 11 (9%) examined 3, 8 (7%) examined 4 , and 1 (0.8%) examined 5. None examined 6 or more types of barriers.</p></section>\n<section><header>Characteristics of Physician Surveys</header>\n<p>The number and characteristics of the surveys examining each barrier are listed in Table <ref type=\"table\">1</ref>, which is not included in the print version of this article but is available at http:// www.jama.com. We found that the surveys used a heterogeneous variety of physician populations (based on specialty or location of practice) and investigated guidelines on a variety of subjects (immunization, preventive care, or treatment). The surveys also displayed a wide range of the percentage of respondents reporting each barrier. A description of each category of barriers and the surveys that investigated these barriers, which are not included in the print version of this article but are available online, are listed in Tables <ref type=\"table\">2 through 11</ref> and are discussed below. </p></section>\n<section><header>Adherence Barriers Identified by Studies</header>\n<p>Lack of Awareness. Forty-six surveys <ref target=\"#b4\" type=\"bibr\">5,</ref> measured lack of awareness as a possible barrier (Table <ref type=\"table\">2</ref>). Sample size ranged from 69 to 2860 (median, 392), and the response rate ranged from 26% to 95% (median, 54.5%). The sample size and response rate were not reported in 1 of the studies. <ref target=\"#b18\" type=\"bibr\">19</ref> The per-centage of respondents identifying lack of awareness as a barrier was as high as 84% (United States Preventive Services Task Force [USPSTF] guidelines <ref target=\"#b15\" type=\"bibr\">16</ref> ) and as low as 1% (asthma guidelines <ref target=\"#b29\" type=\"bibr\">30</ref> and measles immunization guidelines <ref target=\"#b39\" type=\"bibr\">40</ref> ) with a median of 54.5%. In 36 (78%) of the 46 surveys, at least 10% of the respondents were not aware of the guideline.</p>\n<p>Lack of Familiarity. Thirty-one surveys <ref target=\"#b11\" type=\"bibr\">[12]</ref><ref target=\"#b12\" type=\"bibr\">[13]</ref><ref target=\"#b13\" type=\"bibr\">[14]</ref><ref target=\"#b14\" type=\"bibr\">[15]</ref><ref target=\"#b40\" type=\"bibr\">[41]</ref><ref target=\"#b41\" type=\"bibr\">[42]</ref><ref target=\"#b42\" type=\"bibr\">[43]</ref><ref target=\"#b43\" type=\"bibr\">[44]</ref><ref target=\"#b44\" type=\"bibr\">[45]</ref><ref target=\"#b45\" type=\"bibr\">[46]</ref><ref target=\"#b46\" type=\"bibr\">[47]</ref><ref target=\"#b47\" type=\"bibr\">[48]</ref><ref target=\"#b48\" type=\"bibr\">[49]</ref><ref target=\"#b49\" type=\"bibr\">[50]</ref> measured lack of familiarity as a possible barrier. Sample size ranged from 69 to 1513 (median, 326), and the response rate ranged from 49% to 98% (median, 60%). The percentage of respondents suggesting lack of familiarity as a barrier was as high as 89% (American College of Physicians exercise stress testing guidelines <ref target=\"#b40\" type=\"bibr\">41</ref> ) and as low as 0% (asthma guidelines <ref target=\"#b45\" type=\"bibr\">46</ref> ) with a median of 56.5%. In 28 (90%) of the 31 surveys, at least 10% of the respondents were not familiar with guideline recommendations.</p>\n<p>Lack of Agreement. Thirty-three surveys <ref target=\"#b14\" type=\"bibr\">15,</ref><ref target=\"#b15\" type=\"bibr\">16,</ref><ref target=\"#b27\" type=\"bibr\">28,</ref><ref target=\"#b37\" type=\"bibr\">38,</ref><ref target=\"#b39\" type=\"bibr\">40,</ref><ref target=\"#b40\" type=\"bibr\">41,</ref><ref target=\"#b42\" type=\"bibr\">43,</ref><ref target=\"#b47\" type=\"bibr\">48,</ref><ref target=\"#b50\" type=\"bibr\">[51]</ref><ref target=\"#b51\" type=\"bibr\">[52]</ref><ref target=\"#b52\" type=\"bibr\">[53]</ref><ref target=\"#b53\" type=\"bibr\">[54]</ref><ref target=\"#b54\" type=\"bibr\">[55]</ref><ref target=\"#b55\" type=\"bibr\">[56]</ref><ref target=\"#b56\" type=\"bibr\">[57]</ref><ref target=\"#b57\" type=\"bibr\">[58]</ref><ref target=\"#b58\" type=\"bibr\">[59]</ref><ref target=\"#b59\" type=\"bibr\">[60]</ref><ref target=\"#b60\" type=\"bibr\">[61]</ref><ref target=\"#b61\" type=\"bibr\">[62]</ref><ref target=\"#b62\" type=\"bibr\">[63]</ref><ref target=\"#b63\" type=\"bibr\">[64]</ref> investigated 47 possible reasons for lack of agreement as a barrier to adherence to specific guidelines. At least 10% of the respondents disagreed with a guideline due to differences in interpretation of the evidence (2/2 cases), the belief that the benefits were not worth patient risk, discomfort, or cost (9/11 cases), applicability to the practice population (5/7 cases), that guidelines were oversimplified or \"cookbook\" (5/5 cases), or that guidelines reduced autonomy (1/1 case). In 18 cases, a reason for disagreement was not specified. In 8 of these cases, disagreement was reported by at least 10% of the respondents. Finally, 2 surveys investigated disagreement due to lack of credibility by guideline authors and 1 investigated the perception that the authors were biased. In all 3 cases, disagreement was less than 10%.</p>\n<p>The percentage of respondents identifying lack of agreement as a barrier for a specific guideline was as high as 91% (American Academy of Pediatrics ribavirin recommendations <ref target=\"#b56\" type=\"bibr\">57</ref> ) and as low as 1% (American Cancer Society Clinical Breast Examination <ref target=\"#b52\" type=\"bibr\">53</ref> and USPSTF counseling of fat and cholesterol intake <ref target=\"#b55\" type=\"bibr\">56</ref> ). In 29 (62%) of the 47 cases, at least 10% of the respondents reported lack of agreement.</p>\n<p>Fifteen surveys <ref target=\"#b4\" type=\"bibr\">5,</ref><ref target=\"#b14\" type=\"bibr\">15,</ref><ref target=\"#b16\" type=\"bibr\">17,</ref><ref target=\"#b19\" type=\"bibr\">20,</ref><ref target=\"#b40\" type=\"bibr\">41,</ref><ref target=\"#b64\" type=\"bibr\">[65]</ref><ref target=\"#b65\" type=\"bibr\">[66]</ref><ref target=\"#b66\" type=\"bibr\">[67]</ref><ref target=\"#b67\" type=\"bibr\">[68]</ref><ref target=\"#b68\" type=\"bibr\">[69]</ref><ref target=\"#b69\" type=\"bibr\">[70]</ref><ref target=\"#b70\" type=\"bibr\">[71]</ref><ref target=\"#b71\" type=\"bibr\">[72]</ref><ref target=\"#b72\" type=\"bibr\">[73]</ref><ref target=\"#b73\" type=\"bibr\">[74]</ref> investigated 43 possible examples of lack of agreement as a barrier to adherence to guidelines in general. At least 10% of the respondents disagreed with a guideline due to the perception that guidelines were oversimplified or \"cookbook\" (9/9 cases), would reduce autonomy (10/12 cases), were not practical (3/3 cases), were biased (4/4 cases), would decrease physicians' self-respect (1/1 case), were not applicable to a practice population (3/3 cases), would decrease flexibility (7/7 cases), lacked credible authors (1/1 case), or would make the patient-physician relationship impersonal (1/1 case). Thirty-eight percent of respondents reported a lack of agreement in 1 case for which a reason for disagreement was not specified.</p>\n<p>The percentage of respondents identifying lack of agreement as a barrier to adherence for guidelines in general was as high as 85% (lack of credibility) and as low as 7% (perceived reduction in autonomy). In 41 (95%) of the 43 cases, at least 10% of respondents reported lack of agreement as a barrier to adherence to guidelines in general.</p>\n<p>Lack of Self-efficacy. Nineteen surveys <ref target=\"#b17\" type=\"bibr\">18,</ref><ref target=\"#b20\" type=\"bibr\">21,</ref><ref target=\"#b50\" type=\"bibr\">51,</ref><ref target=\"#b61\" type=\"bibr\">62,</ref><ref target=\"#b62\" type=\"bibr\">63,</ref><ref target=\"#b74\" type=\"bibr\">[75]</ref><ref target=\"#b75\" type=\"bibr\">[76]</ref><ref target=\"#b76\" type=\"bibr\">[77]</ref> measured lack of physician self-efficacy as a possible barrier. Sample size ranged from 23 to 941 (median, 633), and the response rate ranged from 53% to 85% (median, 63%). The response rate was not reported in 3 studies. The percentage of respondents identifying this barrier was as high as 65% (nutrition education <ref target=\"#b17\" type=\"bibr\">18</ref> ) and as low as 1% (general exercise counseling <ref target=\"#b75\" type=\"bibr\">76</ref> ) with a median of 13%. In 15 (79%) of the 19 surveys, at least 10% of the respondents reported a lack of self-efficacy.</p>\n<p>Lack of Outcome Expectancy. Eight surveys <ref target=\"#b47\" type=\"bibr\">48,</ref><ref target=\"#b50\" type=\"bibr\">51,</ref><ref target=\"#b57\" type=\"bibr\">58,</ref><ref target=\"#b58\" type=\"bibr\">59,</ref><ref target=\"#b61\" type=\"bibr\">62,</ref><ref target=\"#b62\" type=\"bibr\">63,</ref><ref target=\"#b74\" type=\"bibr\">75,</ref><ref target=\"#b77\" type=\"bibr\">78</ref> measured lack of outcome expectancy as a possible barrier. Sample size ranged from 97 to 480 (median, 237), and the response rate ranged from 47% to 85% (median, 69.5%). The percentage of respon-dents identifying this barrier to adherence was as high as 90% (alcohol abuse prevention <ref target=\"#b65\" type=\"bibr\">66</ref> ) and as low as 8% (clinical breast examination <ref target=\"#b50\" type=\"bibr\">51</ref> ) with a median of 26%. In 7 (88%) of the 8 surveys, at least 10% of the respondents reported a lack of outcome expectancy.</p>\n<p>Inertia of Previous Practice. Fourteen surveys <ref target=\"#b37\" type=\"bibr\">38,</ref><ref target=\"#b39\" type=\"bibr\">40,</ref><ref target=\"#b61\" type=\"bibr\">62,</ref><ref target=\"#b78\" type=\"bibr\">79</ref> measured the inertia of previous practice as a possible barrier. Sample size ranged from 141 to 1421 (median, 745), and the response rate ranged from 66% to 81% (median, 67%). The percentage of respondents identifying this barrier was as high as 66% (infant sleeping position <ref target=\"#b37\" type=\"bibr\">38</ref> ) and as low as 23% (immunizations <ref target=\"#b39\" type=\"bibr\">40</ref> ) with a median of 42%. In all the surveys more than 10% of the respondents reported the inertia of previous practice as a barrier.</p>\n<p>External Barriers. Thirty-four surveys * investigated 85 possible external barriers that affect the ability to perform a guideline recommendation. External barriers fell into 3 categories: guideline related (n = 23), patient related (n = 17), and environmental (n = 45). At least 10% of respondents described guidelines as not easy to use (1/2 cases), not convenient (6/11 cases), cumbersome (2/4 cases), and confusing (2/6 cases). In all surveys of patientrelated factors, at least 10% of the respondents indicated that the factor was a barrier. In all surveys about environmental factors, at least 10% of respondents indicated that the environmental factors were barriers to adherence, except for lack of time (only 11/17 cases) and insufficient staff or consultant support (3/4 cases).</p></section>\n<section><header>Qualitative Studies</header>\n<p>Five qualitative studies <ref target=\"#b83\" type=\"bibr\">[84]</ref><ref target=\"#b84\" type=\"bibr\">[85]</ref><ref target=\"#b86\" type=\"bibr\">[86]</ref><ref target=\"#b87\" type=\"bibr\">[87]</ref><ref target=\"#b88\" type=\"bibr\">[88]</ref> investigated barriers adherence. Four <ref target=\"#b83\" type=\"bibr\">84,</ref><ref target=\"#b84\" type=\"bibr\">85,</ref><ref target=\"#b87\" type=\"bibr\">87,</ref><ref target=\"#b88\" type=\"bibr\">88</ref> of the 5 studies emphasized external barriers (patient characteristics or time constraints) as barriers to adherence. Lack of optimism in the success of counseling, which suggests poor outcome ex-pectancy, was a major barrier for Agency for Health Care Policy and Research smoking cessation guidelines. <ref target=\"#b86\" type=\"bibr\">86</ref> </p></section>\n<section><header>COMMENT</header>\n<p>Physician adherence is critical in translating recommendations into improved outcomes. However, a variety of barriers undermine this process. Lack of awareness and lack of familiarity affect physician knowledge of a guideline. In terms of physician attitudes, lack of agreement, self-efficacy, outcome expectancy, and the inertia of previous practice are also potential barriers. Despite adequate knowledge and attitudes, external barriers can affect a physician's ability to execute recommendations.</p></section>\n<section><header>Barriers to Physician Adherence</header>\n<p>Lack of Awareness. The expanding body of research makes it difficult for any physician to be aware of every applicable guideline and critically apply it to practice. <ref target=\"#b89\" type=\"bibr\">89,</ref><ref target=\"#b90\" type=\"bibr\">90</ref> Although many guidelines have achieved wide awareness (ie, immunization guidelines, recommendations for infant sleeping position), for 78% of the guidelines, more than 10% of physicians are not aware of their existence.</p>\n<p>Lack of Familiarity. Casual awareness does not guarantee familiarity of guideline recommendations and the ability to apply them correctly. Of 74 surveys that measured guideline awareness or familiarity, only 3 (4%) also measured both. <ref target=\"#b11\" type=\"bibr\">[12]</ref><ref target=\"#b12\" type=\"bibr\">[13]</ref><ref target=\"#b13\" type=\"bibr\">[14]</ref> In all cases, lack of familiarity was more common than lack of awareness.</p>\n<p>Lack of Agreement. Physicians may not agree with a specific guideline or the concept of guidelines in general. Although physicians commonly indicate a lack of agreement when asked about guidelines in theory, from this analysis and others, when asked about specific guidelines, physician lack of agreement is less common. <ref target=\"#b14\" type=\"bibr\">15</ref> The results of studies that examine physician attitudes to guidelines in general should be interpreted with caution when applied to specific guidelines. *References 16-18, 23, 28, 29, 32, 36, 38, 40, 41,  43, 47, 48, 50, 51, 54, 58, 61-63, 68, 70, 72, 75, 78,  80-83.  Lack of Self-efficacy. Self-efficacy is the belief that one can actually perform a behavior. It influences whether a behavior will be initiated and sustained despite poor outcomes. <ref target=\"#b91\" type=\"bibr\">91</ref> For example, higher self-efficacy in prescribing cholesterol-lowering medications was associated with physicians initiating therapy consistent with national guidelines. <ref target=\"#b92\" type=\"bibr\">92</ref> Low self-efficacy due to a lack of confidence in ability or a lack of preparation may lead to poor adherence. Sixty-eight percent of the surveys that reported this barrier involved preventive health education and counseling, which suggests that poor self-efficacy may be a common barrier to adherence for such guidelines.</p>\n<p>Lack of Outcome Expectancy. Outcome expectancy is the expectation that a given behavior will lead to a particular consequence. <ref target=\"#b91\" type=\"bibr\">91</ref> If a physician believes that a recommendation will not lead to an improved outcome, the physician will be less likely to adhere. For example, the USPSTF recommends that physicians provide smoking cessation counseling. <ref target=\"#b93\" type=\"bibr\">93</ref> Although most physicians are aware of and agree with the recommendation, <ref target=\"#b94\" type=\"bibr\">94</ref> many smokers are not counseled to quit during a physician visit. <ref target=\"#b95\" type=\"bibr\">95,</ref><ref target=\"#b96\" type=\"bibr\">96</ref> An important reason for physician nonadherence is a belief that the physician will not succeed. <ref target=\"#b97\" type=\"bibr\">97,</ref><ref target=\"#b98\" type=\"bibr\">98</ref> Although counseling may increase a population's quit rate from 3% to only 5%, <ref target=\"#b99\" type=\"bibr\">99</ref> given smoking prevalence even this small change is enormously beneficial. <ref target=\"#b100\" type=\"bibr\">100</ref> However, since physicians see patients individually, they may not discern success at the population level. Overlooking population-level successes can negatively influence outcome expectancy and lead to nonadherence. Seventy-five percent of surveys reporting lack of outcome expectancy, such as those reporting lack of self-efficacy, involved preventive health counseling and education guidelines.</p>\n<p>Inertia of Previous Practice. Physicians may not be able to overcome the inertia of previous practice, or they may not have the motivation to change. Although this barrier has not been investigated as widely as others, for all 14 sur-veys that examined this barrier, more than 20% of respondents indicated that it was a barrier to adherence.</p>\n<p>The readiness for change model, developed by Prochaska and DiClemente, <ref target=\"#b101\" type=\"bibr\">101</ref> describes behavior change as a continuum of steps that include precontemplation, contemplation, preparation, action, and maintenance <ref target=\"#b101\" type=\"bibr\">101</ref> and was applied to physician attitudes toward cancer screening guidelines. The results suggest that close to half of physicians surveyed were in a precontemplation stage and not ready to change behavior (ie, adopt guideline recommendations). <ref target=\"#b78\" type=\"bibr\">79</ref> The change process model described by Geertsma et al <ref target=\"#b102\" type=\"bibr\">102</ref> and the theory of learning and change model described by Fox et al 103 also suggest similar constructs, ie, a priming phase and the need for an initial force for change, professional, personal, and/or social.</p>\n<p>External Barriers. Appropriate knowledge and attitudes are necessary but not sufficient for adherence. <ref target=\"#b79\" type=\"bibr\">80</ref> A physician may still encounter barriers that limit his/ her ability to perform the recommended behavior due to patient, guideline, or environmental factors.</p>\n<p>External barriers that limit the ability to perform a recommended behavior are distinct from lack of selfefficacy. For example, well-trained physicians confident about their counseling skills can still be affected by external barriers (time limitations, lack of a reminder system) that prevent them from adhering to a counseling guideline. However, the persistence of these barriers may also eventually affect physicians' self-efficacy, outcome expectancy, or motivation (Figure).</p>\n<p>Guideline-Related Barriers. Physicians were more likely to describe guidelines as not easy to use or not convenient when asked about guidelines in theory. When physicians were asked about barriers for specific guidelines, a significant percentage (more than 10% of respondents) described them as inconvenient or difficult to use in only 6 (38%) of 16 cases.</p>\n<p>Other guideline characteristics may also affect adherence. Guidelines rec-ommending elimination of an established behavior may be more difficult to follow than guidelines that recommend adding a new behavior. <ref target=\"#b104\" type=\"bibr\">104</ref> Trialability of a guideline and its complexity are also described as significant predictors of adoption. <ref target=\"#b105\" type=\"bibr\">105</ref> Trialability is \"the degree to which an innovation may be experimented with on a limited basis.\" <ref target=\"#b106\" type=\"bibr\">106</ref> Patient-Related Barriers. The inability to reconcile patient preferences with guideline recommendations is a barrier to adherence. <ref target=\"#b107\" type=\"bibr\">107</ref> Patients may be resistant or perceive no need for guideline recommendations. In addition, a patient may perceive the recommendation as offensive or embarrassing. In all the surveys that included patientrelated factors, more than 10% of physicians indicated them as a barrier to adherence.</p>\n<p>Environmental-Related Barriers. Adherence to practice guidelines <ref target=\"#b108\" type=\"bibr\">108</ref> \"may require changes not under physician control, such as acquisition of new resources or facilities.\" <ref target=\"#b108\" type=\"bibr\">108,</ref><ref target=\"#b109\" type=\"bibr\">109</ref> For example, unavailability of an anesthesiologist 24 hours a day may interfere with physician ability to adhere to guidelines aimed at decreasing the rate of elective cesarean deliveries. <ref target=\"#b109\" type=\"bibr\">109</ref> Many factors described as barriers by more than 10% of respondents, such as lack of a reminder system, lack of counseling materials, insufficient staff or consultant support, poor reimbursement, increased practice costs, and increased liability, may also be factors beyond physician control.</p>\n<p>With adequate resources or referral privileges, physicians may be able to compensate for other external barriers. Although lack of time is commonly described as a barrier to adherence by more than 10% of respondents (11/17 cases), time limitations were not a barrier for mammography referral or breast examination guidelines (4 surveys), management of fever (1 survey), and hyperbilirubinemia (1 survey).</p></section>\n<section><header>Limitations</header>\n<p>Because this review only includes published articles, it is susceptible to pub-lication bias. <ref target=\"#b110\" type=\"bibr\">110</ref> All included articles, except 5 qualitative studies <ref target=\"#b83\" type=\"bibr\">[84]</ref><ref target=\"#b84\" type=\"bibr\">[85]</ref><ref target=\"#b86\" type=\"bibr\">[86]</ref><ref target=\"#b87\" type=\"bibr\">[87]</ref><ref target=\"#b88\" type=\"bibr\">[88]</ref> were surveys using closed-ended questions, and the barriers examined were dependent on investigator selection. For example, physician discomfort with uncertainty, a compulsion to treat (despite the lack of effective interventions), opinion leaders who may have nonevidence-based opinions, pharmaceutical representatives, and fear of standing out may all be additional barriers but were not specifically investigated in the included studies.</p>\n<p>In addition, surveys of barriers depend on physicians' perceptions of them. The perceptions may not accurately reflect how problematic the barrier actually is. Whether the problem is actual or perceived may also affect the type of intervention needed to overcome the barrier.</p>\n<p>Finally, barriers to adherence in different situations may facilitate adherence. For example, although patient pressure may be a barrier to adherence in some cases, patient requests for mammograms may improve physician adherence to mammography referral guidelines. <ref target=\"#b50\" type=\"bibr\">51</ref> </p></section>\n<section><header>Implications</header>\n<p>Our results suggest several implications for guideline implementation and research. This analysis offers a differential diagnosis of why physicians may not follow clinical practice guidelines. There are a variety of barriers to guideline adherence, which include lack of awareness, lack of familiarity, lack of agreement, lack of self-efficacy, lack of outcome expectancy, the inertia of previous practice, and external barriers.</p>\n<p>Few studies consider the variety of barriers that must be overcome to achieve adherence. Although we found 76 articles that included 120 surveys investigating possible barriers to guideline adherence, 70 (58%) of the 120 surveys examined only 1 type of barrier. By not considering the variety of barriers, interventions to improve adherence are less likely to address these factors and are less likely to be successful.</p>\n<p>In addition, the interpretation of successful interventions to improve physician adherence should be reviewed carefully. Strategies successful in one setting (in which a single external barrier exists-eg, lack of a reminder system) may be less useful in a setting where barriers differ (eg, poor physician knowledge and attitudes in addition to the lack of a reminder system). This framework might be useful to standardize the reporting of barriers to adherence. Just as clinical trials report baseline patient comorbidities in treatment and control groups, interventions to improve adherence should report baseline barriers to adherence. The effectiveness of interventions to improve adherence is dependent not only on the intervention itself but also on the existence and intensity of baseline barriers.</p>\n<p>It is difficult to compare any framework with other similar frameworks or checklists. <ref target=\"#b40\" type=\"bibr\">41,</ref><ref target=\"#b41\" type=\"bibr\">42</ref> However, this framework is based on a comprehensive review, which is specific to physician guideline adherence. In addition, it incorporates different behavioral constructs. Unlike the awareness to adherence model, which is based on immunization guideline adherence, this framework incorporates self-efficacy and outcome expectancy, which are important considerations in improving adherence to other preventive health guidelines, besides immunizations. <ref target=\"#b39\" type=\"bibr\">40</ref> Focusing on barriers to adherence may also be more direct in improving physician behavior, instead of investigating predisposing factors, which may be too broad in helping select possible interventions. <ref target=\"#b111\" type=\"bibr\">111</ref> In summary, this review offers a differential diagnosis for why physicians do not follow practice guidelines. Few studies consider this diversity of barriers that we describe. By not entertaining the full spectrum of barriers, important interventions to improve physician behavior might not be investigated or implemented. This framework may also be useful to help document the generalizability of studies used to improve guideline adherence.</p>\n<p>The beauty and genius of a work of art may be reconceived, though its first material expression be destroyed; a vanished harmony may yet again inspire the composer; but when the last individual of a race of living things breathes no more, another heaven and another earth must pass before such a one can be again. </p></section></content>",
    "ctr": 0.1,
    "custom_score": 1.0,
    "id": {
        "dois": [
            "10.1001/jama.282.15.1458"
        ]
    },
    "issued_at": 940377600,
    "languages": [
        "en"
    ],
    "links": [
        {
            "cid": "bafkr4if5tirdfotxtvd2brmflqsguzk7zqskvvpm3h5dun7dkkjlyx2szy",
            "extension": "pdf",
            "filesize": 344335,
            "md5": "d9228d42aedeb601427a1dcc080c214b",
            "type": "primary"
        }
    ],
    "metadata": {
        "container_title": "JAMA",
        "first_page": 1458,
        "issns": [
            "0098-7484"
        ],
        "issue": "15",
        "volume": "282"
    },
    "page_rank": 0.1763445,
    "referenced_by_count": 4362,
    "tags": [
        "General Medicine"
    ],
    "title": "Why Don't Physicians Follow Clinical Practice Guidelines?: A Framework for Improvement",
    "type": "journal-article",
    "updated_at": 1693698208
}