{
    "authors": [
        {
            "family": "Fonarow",
            "given": "Gregg C."
        },
        {
            "family": "Keech",
            "given": "Anthony C."
        },
        {
            "family": "Pedersen",
            "given": "Terje R."
        },
        {
            "family": "Giugliano",
            "given": "Robert P."
        },
        {
            "family": "Sever",
            "given": "Peter S."
        },
        {
            "family": "Lindgren",
            "given": "Peter"
        },
        {
            "family": "van Hout",
            "given": "Ben"
        },
        {
            "family": "Villa",
            "given": "Guillermo"
        },
        {
            "family": "Qian",
            "given": "Yi"
        },
        {
            "family": "Somaratne",
            "given": "Ransi"
        },
        {
            "family": "Sabatine",
            "given": "Marc S."
        }
    ],
    "ctr": 0.1,
    "custom_score": 1.0,
    "id": {
        "dois": [
            "10.1001/jamacardio.2017.2762"
        ]
    },
    "issued_at": 1506816000,
    "languages": [
        "en"
    ],
    "metadata": {
        "container_title": "JAMA Cardiology",
        "first_page": 1069,
        "issns": [
            "2380-6583"
        ],
        "issue": "10",
        "volume": "2"
    },
    "page_rank": 0.26848474,
    "referenced_by_count": 102,
    "tags": [
        "Cardiology and Cardiovascular Medicine"
    ],
    "title": "Cost-effectiveness of Evolocumab Therapy for Reducing Cardiovascular Events in Patients With Atherosclerotic Cardiovascular Disease",
    "type": "journal-article",
    "updated_at": 1693672462
}