{
    "authors": [
        {
            "family": "Levine",
            "given": "David M.",
            "sequence": "first"
        },
        {
            "family": "Mehrotra",
            "given": "Ateev",
            "sequence": "additional"
        }
    ],
    "ctr": 0.1,
    "custom_score": 1.0,
    "id": {
        "dois": [
            "10.1001/jamanetworkopen.2021.3287"
        ]
    },
    "issued_at": 1616976000,
    "languages": [
        "en"
    ],
    "metadata": {
        "container_title": "JAMA Network Open",
        "first_page": 213287,
        "issns": [
            "2574-3805"
        ],
        "issue": "3",
        "publisher": "American Medical Association (AMA)",
        "volume": "4"
    },
    "page_rank": 0.17423697,
    "referenced_by_count": 14,
    "references": [
        {
            "doi": "10.1136/bmj.h3727",
            "type": "reference"
        },
        {
            "doi": "10.1089/cpb.2004.7.497",
            "type": "reference"
        },
        {
            "doi": "10.1080/15398285.2013.833452",
            "type": "reference"
        },
        {
            "doi": "10.2196/jmir.2924",
            "type": "reference"
        },
        {
            "doi": "10.1089/tmj.2011.0127",
            "type": "reference"
        },
        {
            "doi": "10.1080/15456870903554916",
            "type": "reference"
        },
        {
            "doi": "10.1136/bmj.39003.640567.ae",
            "type": "reference"
        },
        {
            "doi": "10.1136/bmj.h3480",
            "type": "reference"
        },
        {
            "doi": "10.1001/jamainternmed.2016.6001",
            "type": "reference"
        },
        {
            "doi": "10.7326/0003-4819-146-5-200703060-00004",
            "type": "reference"
        },
        {
            "doi": "10.7326/0003-4819-139-12-200312160-00008",
            "type": "reference"
        },
        {
            "doi": "10.1038/s41746-019-0183-0",
            "type": "reference"
        },
        {
            "doi": "10.1016/j.amjmed.2018.04.019",
            "type": "reference"
        },
        {
            "doi": "10.1007/s11606-019-05109-0",
            "type": "reference"
        },
        {
            "doi": "10.1001/jamanetworkopen.2019.18561",
            "type": "reference"
        },
        {
            "doi": "10.1136/bmjopen-2018-027743",
            "type": "reference"
        },
        {
            "doi": "10.1016/s0140-6736(18)32819-8",
            "type": "reference"
        },
        {
            "doi": "10.1111/jcom.2009.59.issue-4",
            "type": "reference"
        },
        {
            "doi": "10.1145/2600428.2609602",
            "type": "reference"
        }
    ],
    "tags": [
        "General Medicine"
    ],
    "title": "Assessment of Diagnosis and Triage in Validated Case Vignettes Among Nonphysicians Before and After Internet Search",
    "type": "journal-article",
    "updated_at": 1694227972
}