{
    "authors": [
        {
            "family": "Perera",
            "given": "Shamira A.",
            "sequence": "first"
        }
    ],
    "ctr": 0.1,
    "custom_score": 1.0,
    "id": {
        "dois": [
            "10.1001/archophthalmol.2010.125"
        ]
    },
    "issued_at": 1277942400,
    "languages": [
        "en"
    ],
    "metadata": {
        "container_title": "Archives of Ophthalmology",
        "first_page": 900,
        "issns": [
            "0003-9950"
        ],
        "issue": "7",
        "publisher": "American Medical Association (AMA)",
        "volume": "128"
    },
    "page_rank": 0.18426438,
    "referenced_by_count": 96,
    "tags": [
        "Ophthalmology"
    ],
    "title": "Refractive Error, Axial Dimensions, and Primary Open-Angle Glaucoma: The Singapore Malay Eye Study",
    "type": "journal-article",
    "updated_at": 1695455748
}