{
    "authors": [
        {
            "family": "Pokharel",
            "given": "Yashashwi"
        },
        {
            "family": "Tang",
            "given": "Fengming"
        },
        {
            "family": "Jones",
            "given": "Philip G."
        },
        {
            "family": "Nambi",
            "given": "Vijay"
        },
        {
            "family": "Bittner",
            "given": "Vera A."
        },
        {
            "family": "Hira",
            "given": "Ravi S."
        },
        {
            "family": "Nasir",
            "given": "Khurram"
        },
        {
            "family": "Chan",
            "given": "Paul S."
        },
        {
            "family": "Maddox",
            "given": "Thomas M."
        },
        {
            "family": "Oetgen",
            "given": "William J."
        },
        {
            "family": "Heidenreich",
            "given": "Paul A."
        },
        {
            "family": "Borden",
            "given": "William B."
        },
        {
            "family": "Spertus",
            "given": "John A."
        },
        {
            "family": "Petersen",
            "given": "Laura A."
        },
        {
            "family": "Ballantyne",
            "given": "Christie M."
        },
        {
            "family": "Virani",
            "given": "Salim S."
        }
    ],
    "ctr": 0.1,
    "custom_score": 1.0,
    "id": {
        "dois": [
            "10.1001/jamacardio.2016.5922"
        ]
    },
    "issued_at": 1491004800,
    "languages": [
        "en"
    ],
    "metadata": {
        "container_title": "JAMA Cardiology",
        "first_page": 361,
        "issns": [
            "2380-6583"
        ],
        "issue": "4",
        "volume": "2"
    },
    "page_rank": 0.1697201,
    "referenced_by_count": 71,
    "tags": [
        "Cardiology and Cardiovascular Medicine"
    ],
    "title": "Adoption of the 2013 American College of Cardiology/American Heart Association Cholesterol Management Guideline in Cardiology Practices Nationwide",
    "type": "journal-article",
    "updated_at": 1693673592
}