{
    "authors": [
        {
            "family": "Calvert",
            "given": "Melanie"
        },
        {
            "family": "Kyte",
            "given": "Derek"
        },
        {
            "family": "Mercieca-Bebber",
            "given": "Rebecca"
        },
        {
            "family": "Slade",
            "given": "Anita"
        },
        {
            "family": "Chan",
            "given": "An-Wen"
        },
        {
            "family": "King",
            "given": "Madeleine T."
        },
        {
            "family": "Hunn",
            "given": "Amanda"
        },
        {
            "family": "Bottomley",
            "given": "Andrew"
        },
        {
            "family": "Regnault",
            "given": "Antoine"
        },
        {
            "family": "Chan",
            "given": "An-Wen"
        },
        {
            "family": "Ells",
            "given": "Carolyn"
        },
        {
            "family": "O’Connor",
            "given": "Daniel"
        },
        {
            "family": "Revicki",
            "given": "Dennis"
        },
        {
            "family": "Patrick",
            "given": "Donald"
        },
        {
            "family": "Altman",
            "given": "Doug"
        },
        {
            "family": "Basch",
            "given": "Ethan"
        },
        {
            "family": "Velikova",
            "given": "Galina"
        },
        {
            "family": "Price",
            "given": "Gary"
        },
        {
            "family": "Draper",
            "given": "Heather"
        },
        {
            "family": "Blazeby",
            "given": "Jane"
        },
        {
            "family": "Scott",
            "given": "Jane"
        },
        {
            "family": "Coast",
            "given": "Joanna"
        },
        {
            "family": "Norquist",
            "given": "Josephine"
        },
        {
            "family": "Brown",
            "given": "Julia"
        },
        {
            "family": "Haywood",
            "given": "Kirstie"
        },
        {
            "family": "Johnson",
            "given": "Laura Lee"
        },
        {
            "family": "Campbell",
            "given": "Lisa"
        },
        {
            "family": "Frank",
            "given": "Lori"
        },
        {
            "family": "von Hildebrand",
            "given": "Maria"
        },
        {
            "family": "Brundage",
            "given": "Michael"
        },
        {
            "family": "Palmer",
            "given": "Michael"
        },
        {
            "family": "Kluetz",
            "given": "Paul"
        },
        {
            "family": "Stephens",
            "given": "Richard"
        },
        {
            "family": "Golub",
            "given": "Robert M."
        },
        {
            "family": "Mitchell",
            "given": "Sandra"
        },
        {
            "family": "Groves",
            "given": "Trish"
        }
    ],
    "ctr": 0.1,
    "custom_score": 1.0,
    "id": {
        "dois": [
            "10.1001/jama.2017.21903"
        ]
    },
    "issued_at": 1517875200,
    "languages": [
        "en"
    ],
    "metadata": {
        "container_title": "JAMA",
        "first_page": 483,
        "issns": [
            "0098-7484"
        ],
        "issue": "5",
        "volume": "319"
    },
    "page_rank": 0.17212164,
    "referenced_by_count": 421,
    "tags": [
        "General Medicine"
    ],
    "title": "Guidelines for Inclusion of Patient-Reported Outcomes in Clinical Trial Protocols: The SPIRIT-PRO Extension",
    "type": "journal-article",
    "updated_at": 1693671253
}