{
    "authors": [
        {
            "family": "West",
            "given": "Daniel C.",
            "sequence": "first"
        },
        {
            "family": "Pomeroy",
            "given": "J. Richard",
            "sequence": "additional"
        },
        {
            "family": "Park",
            "given": "Jeanny K.",
            "sequence": "additional"
        },
        {
            "family": "Gerstenberger",
            "given": "Elise A.",
            "sequence": "additional"
        },
        {
            "family": "Sandoval",
            "given": "Jonathan",
            "sequence": "additional"
        }
    ],
    "ctr": 0.1,
    "custom_score": 1.0,
    "id": {
        "dois": [
            "10.1001/jama.284.9.1105"
        ]
    },
    "issued_at": 968198400,
    "languages": [
        "en"
    ],
    "metadata": {
        "container_title": "JAMA",
        "first_page": 1105,
        "issns": [
            "0098-7484"
        ],
        "issue": "9",
        "publisher": "American Medical Association (AMA)",
        "volume": "284"
    },
    "page_rank": 0.22739068,
    "referenced_by_count": 122,
    "tags": [
        "General Medicine"
    ],
    "title": "Critical Thinking in Graduate Medical Education: A Role for Concept Mapping Assessment?",
    "type": "journal-article",
    "updated_at": 1694703491
}