{
    "authors": [
        {
            "family": "Braverman",
            "given": "Rebecca S.",
            "sequence": "first"
        }
    ],
    "ctr": 0.1,
    "custom_score": 1.0,
    "id": {
        "dois": [
            "10.1001/archophthalmol.2010.151"
        ]
    },
    "issued_at": 1280620800,
    "languages": [
        "en"
    ],
    "metadata": {
        "container_title": "Archives of Ophthalmology",
        "first_page": 1055,
        "issns": [
            "0003-9950"
        ],
        "issue": "8",
        "publisher": "American Medical Association (AMA)",
        "volume": "128"
    },
    "page_rank": 0.19474378,
    "referenced_by_count": 11,
    "tags": [
        "Ophthalmology"
    ],
    "title": "Socioeconomics of Retinopathy of Prematurity In-Hospital Care",
    "type": "journal-article",
    "updated_at": 1693687284
}