{
    "authors": [
        {
            "family": "Steinhubl",
            "given": "Steven R."
        },
        {
            "family": "Waalen",
            "given": "Jill"
        },
        {
            "family": "Edwards",
            "given": "Alison M."
        },
        {
            "family": "Ariniello",
            "given": "Lauren M."
        },
        {
            "family": "Mehta",
            "given": "Rajesh R."
        },
        {
            "family": "Ebner",
            "given": "Gail S."
        },
        {
            "family": "Carter",
            "given": "Chureen"
        },
        {
            "family": "Baca-Motes",
            "given": "Katie"
        },
        {
            "family": "Felicione",
            "given": "Elise"
        },
        {
            "family": "Sarich",
            "given": "Troy"
        },
        {
            "family": "Topol",
            "given": "Eric J."
        }
    ],
    "ctr": 0.1,
    "custom_score": 1.0,
    "id": {
        "dois": [
            "10.1001/jama.2018.8102"
        ]
    },
    "issued_at": 1531180800,
    "languages": [
        "en"
    ],
    "metadata": {
        "container_title": "JAMA",
        "issns": [
            "0098-7484"
        ],
        "issue": "2",
        "publisher": "American Medical Association (AMA)",
        "volume": "320"
    },
    "page_rank": 0.24295902,
    "referenced_by_count": 287,
    "references": [
        {
            "doi": "10.1161/circulationaha.117.031431",
            "type": "reference"
        },
        {
            "doi": "10.1159/000255973",
            "type": "reference"
        },
        {
            "doi": "10.1001/archinte.1987.00370090041008",
            "type": "reference"
        },
        {
            "doi": "10.1161/strokeaha.114.006070",
            "type": "reference"
        },
        {
            "doi": "10.1161/01.str.26.9.1527",
            "type": "reference"
        },
        {
            "doi": "10.7326/0003-4819-146-12-200706190-00007",
            "type": "reference"
        },
        {
            "doi": "10.1161/str.0b013e3181fcb238",
            "type": "reference"
        },
        {
            "doi": "10.1093/eurheartj/ehw210",
            "type": "reference"
        },
        {
            "doi": "10.1016/s0140-6736(17)32741-1",
            "type": "reference"
        },
        {
            "doi": "10.1056/nejmra1510058",
            "type": "reference"
        },
        {
            "doi": "10.1016/j.ahj.2016.02.011",
            "type": "reference"
        },
        {
            "doi": "10.1160/th07-08-0508",
            "type": "reference"
        },
        {
            "doi": "10.1016/j.hrthm.2017.04.026",
            "type": "reference"
        },
        {
            "doi": "10.1161/circulationaha.117.028845",
            "type": "reference"
        },
        {
            "doi": "10.1002/pds.2317",
            "type": "reference"
        },
        {
            "doi": "10.1007/s11096-015-0169-1",
            "type": "reference"
        },
        {
            "doi": "10.1161/circulationaha.114.014343",
            "type": "reference"
        },
        {
            "doi": "10.1161/circulationaha.117.030583",
            "type": "reference"
        },
        {
            "doi": "10.1001/jamacardio.2017.3180",
            "type": "reference"
        },
        {
            "doi": "10.1001/jama.1994.03510350050036",
            "type": "reference"
        },
        {
            "doi": "10.1371/journal.pmed.1002525",
            "type": "reference"
        },
        {
            "doi": "10.1093/eurheartj/ehx731",
            "type": "reference"
        },
        {
            "doi": "10.1161/circep.116.004267",
            "type": "reference"
        },
        {
            "doi": "10.1093/eurheartj/ehu307",
            "type": "reference"
        },
        {
            "doi": "10.1093/eurheartj/ehx042",
            "type": "reference"
        },
        {
            "doi": "10.1093/eurheartj/ehx122",
            "type": "reference"
        },
        {
            "doi": "10.1161/01.str.22.8.983",
            "type": "reference"
        },
        {
            "doi": "10.1161/cir.0000000000000568",
            "type": "reference"
        },
        {
            "doi": "10.1177/1474515116678103",
            "type": "reference"
        },
        {
            "doi": "10.1016/s0735-1097(00)00886-x",
            "type": "reference"
        }
    ],
    "tags": [
        "General Medicine"
    ],
    "title": "Effect of a Home-Based Wearable Continuous ECG Monitoring Patch on Detection of Undiagnosed Atrial Fibrillation: The mSToPS Randomized Clinical Trial",
    "type": "journal-article",
    "updated_at": 1693670284
}