{
    "authors": [
        {
            "family": "Burgess",
            "given": "Stephen"
        },
        {
            "family": "Ference",
            "given": "Brian A."
        },
        {
            "family": "Staley",
            "given": "James R."
        },
        {
            "family": "Freitag",
            "given": "Daniel F."
        },
        {
            "family": "Mason",
            "given": "Amy M."
        },
        {
            "family": "Nielsen",
            "given": "Sune F."
        },
        {
            "family": "Willeit",
            "given": "Peter"
        },
        {
            "family": "Young",
            "given": "Robin"
        },
        {
            "family": "Surendran",
            "given": "Praveen"
        },
        {
            "family": "Karthikeyan",
            "given": "Savita"
        },
        {
            "family": "Bolton",
            "given": "Thomas R."
        },
        {
            "family": "Peters",
            "given": "James E."
        },
        {
            "family": "Kamstrup",
            "given": "Pia R."
        },
        {
            "family": "Tybjærg-Hansen",
            "given": "Anne"
        },
        {
            "family": "Benn",
            "given": "Marianne"
        },
        {
            "family": "Langsted",
            "given": "Anne"
        },
        {
            "family": "Schnohr",
            "given": "Peter"
        },
        {
            "family": "Vedel-Krogh",
            "given": "Signe"
        },
        {
            "family": "Kobylecki",
            "given": "Camilla J."
        },
        {
            "family": "Ford",
            "given": "Ian"
        },
        {
            "family": "Packard",
            "given": "Chris"
        },
        {
            "family": "Trompet",
            "given": "Stella"
        },
        {
            "family": "Jukema",
            "given": "J. Wouter"
        },
        {
            "family": "Sattar",
            "given": "Naveed"
        },
        {
            "family": "Di Angelantonio",
            "given": "Emanuele"
        },
        {
            "family": "Saleheen",
            "given": "Danish"
        },
        {
            "family": "Howson",
            "given": "Joanna M. M."
        },
        {
            "family": "Nordestgaard",
            "given": "Børge G."
        },
        {
            "family": "Butterworth",
            "given": "Adam S."
        },
        {
            "family": "Danesh",
            "given": "John"
        }
    ],
    "ctr": 0.1,
    "custom_score": 1.0,
    "id": {
        "dois": [
            "10.1001/jamacardio.2018.1470"
        ]
    },
    "issued_at": 1530403200,
    "languages": [
        "en"
    ],
    "metadata": {
        "container_title": "JAMA Cardiology",
        "first_page": 619,
        "issns": [
            "2380-6583"
        ],
        "issue": "7",
        "volume": "3"
    },
    "page_rank": 0.15289477,
    "referenced_by_count": 364,
    "references": [
        {
            "doi": "10.1016/s0140-6736(10)61350-5",
            "type": "reference"
        },
        {
            "doi": "10.1016/s0140-6736(12)60367-5",
            "type": "reference"
        },
        {
            "doi": "10.1056/nejmoa1107579",
            "type": "reference"
        },
        {
            "doi": "10.1093/eurheartj/ehq386",
            "type": "reference"
        },
        {
            "doi": "10.1001/jama.2009.1619",
            "type": "reference"
        },
        {
            "doi": "10.1056/nejmoa0706628",
            "type": "reference"
        },
        {
            "doi": "10.1038/nature09270",
            "type": "reference"
        },
        {
            "doi": "10.1001/jama.2016.13985",
            "type": "reference"
        },
        {
            "doi": "10.1056/nejmoa1609581",
            "type": "reference"
        },
        {
            "doi": "10.1056/nejmoa1615664",
            "type": "reference"
        },
        {
            "doi": "10.1056/nejmoa1604304",
            "type": "reference"
        },
        {
            "doi": "10.1016/s0140-6736(16)31009-1",
            "type": "reference"
        },
        {
            "doi": "10.1056/nejmoa1300955",
            "type": "reference"
        },
        {
            "doi": "10.1038/ng.3396",
            "type": "reference"
        },
        {
            "doi": "10.1001/jama.2009.801",
            "type": "reference"
        },
        {
            "doi": "10.1001/archinte.168.6.598",
            "type": "reference"
        },
        {
            "doi": "10.1056/nejmoa0902604",
            "type": "reference"
        },
        {
            "doi": "10.1001/jama.2009.1063",
            "type": "reference"
        },
        {
            "doi": "10.1194/jlr.r071233",
            "type": "reference"
        },
        {
            "doi": "10.1056/nejmoa1706444",
            "type": "reference"
        },
        {
            "doi": "10.1016/j.jacc.2015.02.020",
            "type": "reference"
        },
        {
            "doi": "10.1172/jci115855",
            "type": "reference"
        },
        {
            "doi": "10.1093/eurheartj/ehx462",
            "type": "reference"
        },
        {
            "doi": "10.1016/j.jacc.2016.10.033",
            "type": "reference"
        },
        {
            "doi": "10.1161/circulationaha.107.715698",
            "type": "reference"
        },
        {
            "doi": "10.1016/s2213-8587(16)30042-0",
            "type": "reference"
        },
        {
            "doi": "10.1001/jama.2017.11467",
            "type": "reference"
        },
        {
            "doi": "10.1373/clinchem.2017.276931",
            "type": "reference"
        },
        {
            "doi": "10.1161/atvbaha.116.308011",
            "type": "reference"
        },
        {
            "doi": "10.1161/circgen.117.001696",
            "type": "reference"
        },
        {
            "doi": "10.1016/s0002-9149(98)00954-0",
            "type": "reference"
        },
        {
            "doi": "10.1002/sim.v35.11",
            "type": "reference"
        },
        {
            "doi": "10.1002/gepi.2017.41.issue-4",
            "type": "reference"
        }
    ],
    "tags": [
        "Cardiology and Cardiovascular Medicine"
    ],
    "title": "Association ofLPAVariants With Risk of Coronary Disease and the Implications for Lipoprotein(a)-Lowering Therapies: A Mendelian Randomization Analysis",
    "type": "journal-article",
    "updated_at": 1693670338
}