{
    "authors": [
        {
            "family": "Joynt Maddox",
            "given": "Karen E."
        },
        {
            "family": "Reidhead",
            "given": "Mat"
        },
        {
            "family": "Qi",
            "given": "Andrew C."
        },
        {
            "family": "Nerenz",
            "given": "David R."
        }
    ],
    "ctr": 0.1,
    "custom_score": 1.0,
    "id": {
        "dois": [
            "10.1001/jamainternmed.2019.0117"
        ]
    },
    "issued_at": 1559347200,
    "languages": [
        "en"
    ],
    "metadata": {
        "container_title": "JAMA Internal Medicine",
        "first_page": 769,
        "issns": [
            "2168-6106"
        ],
        "issue": "6",
        "volume": "179"
    },
    "page_rank": 0.25182685,
    "referenced_by_count": 40,
    "references": [
        {
            "doi": "10.1007/s11606-012-2235-x",
            "type": "reference"
        },
        {
            "doi": "10.1056/nejmp1802313",
            "type": "reference"
        },
        {
            "doi": "10.1001/jama.2011.123",
            "type": "reference"
        },
        {
            "doi": "10.1001/jama.2012.94856",
            "type": "reference"
        },
        {
            "doi": "10.1377/hlthaff.2013.1148",
            "type": "reference"
        },
        {
            "doi": "10.1097/sla.0000000000000326",
            "type": "reference"
        },
        {
            "doi": "10.1056/nejmsa1513024",
            "type": "reference"
        },
        {
            "doi": "10.7326/m13-2946",
            "type": "reference"
        },
        {
            "doi": "10.1377/hlthaff.2013.0816",
            "type": "reference"
        },
        {
            "doi": "10.7326/m14-2308",
            "type": "reference"
        },
        {
            "doi": "10.1377/hlthaff.2015.0394",
            "type": "reference"
        },
        {
            "doi": "10.1161/circoutcomes.110.950964",
            "type": "reference"
        },
        {
            "doi": "10.7326/m14-2813",
            "type": "reference"
        },
        {
            "doi": "10.1177/1062860617753063",
            "type": "reference"
        },
        {
            "doi": "10.1377/hlthaff.2014.0138",
            "type": "reference"
        },
        {
            "doi": "10.1377/hlthaff.2017.1034",
            "type": "reference"
        },
        {
            "doi": "10.1056/nejmsa1701791",
            "type": "reference"
        }
    ],
    "tags": [
        "Internal Medicine"
    ],
    "title": "Association of Stratification by Dual Enrollment Status With Financial Penalties in the Hospital Readmissions Reduction Program",
    "type": "journal-article",
    "updated_at": 1693667535
}