{
    "authors": [
        {
            "family": "Beam",
            "given": "Craig A."
        }
    ],
    "ctr": 0.1,
    "custom_score": 1.0,
    "id": {
        "dois": [
            "10.1001/archinte.1996.00440020119016"
        ]
    },
    "issued_at": 822268800,
    "languages": [
        "en"
    ],
    "metadata": {
        "container_title": "Archives of Internal Medicine",
        "first_page": 209,
        "issns": [
            "0003-9926"
        ],
        "issue": "2",
        "volume": "156"
    },
    "page_rank": 0.72630066,
    "referenced_by_count": 215,
    "tags": [
        "Internal Medicine"
    ],
    "title": "Variability in the Interpretation of Screening Mammograms by US Radiologists: Findings From a National Sample",
    "type": "journal-article",
    "updated_at": 1693700227
}