{
    "authors": [
        {
            "family": "Carr",
            "given": "John Jeffrey"
        },
        {
            "family": "Jacobs",
            "given": "David R."
        },
        {
            "family": "Terry",
            "given": "James G."
        },
        {
            "family": "Shay",
            "given": "Christina M."
        },
        {
            "family": "Sidney",
            "given": "Stephen"
        },
        {
            "family": "Liu",
            "given": "Kiang"
        },
        {
            "family": "Schreiner",
            "given": "Pamela J."
        },
        {
            "family": "Lewis",
            "given": "Cora E."
        },
        {
            "family": "Shikany",
            "given": "James M."
        },
        {
            "family": "Reis",
            "given": "Jared P."
        },
        {
            "family": "Goff",
            "given": "David C."
        }
    ],
    "ctr": 0.1,
    "custom_score": 1.0,
    "id": {
        "dois": [
            "10.1001/jamacardio.2016.5493"
        ]
    },
    "issued_at": 1491004800,
    "languages": [
        "en"
    ],
    "metadata": {
        "container_title": "JAMA Cardiology",
        "first_page": 391,
        "issns": [
            "2380-6583"
        ],
        "issue": "4",
        "volume": "2"
    },
    "page_rank": 0.17892382,
    "referenced_by_count": 216,
    "tags": [
        "Cardiology and Cardiovascular Medicine"
    ],
    "title": "Association of Coronary Artery Calcium in Adults Aged 32 to 46 Years With Incident Coronary Heart Disease and Death",
    "type": "journal-article",
    "updated_at": 1693673642
}