{
    "authors": [
        {
            "family": "Nathan",
            "given": "David G."
        }
    ],
    "ctr": 0.1,
    "custom_score": 1.0,
    "id": {
        "dois": [
            "10.1001/jama.280.16.1427"
        ]
    },
    "issued_at": 909532800,
    "languages": [
        "en"
    ],
    "metadata": {
        "container_title": "JAMA",
        "first_page": 1427,
        "issns": [
            "0098-7484"
        ],
        "issue": "16",
        "volume": "280"
    },
    "page_rank": 0.6375854,
    "referenced_by_count": 118,
    "tags": [
        "General Medicine"
    ],
    "title": "Clinical ResearchPerceptions, Reality, and Proposed Solutions",
    "type": "journal-article",
    "updated_at": 1693698851
}