{
    "authors": [
        {
            "family": "Dabelea",
            "given": "Dana"
        },
        {
            "family": "Stafford",
            "given": "Jeanette M."
        },
        {
            "family": "Mayer-Davis",
            "given": "Elizabeth J."
        },
        {
            "family": "D’Agostino",
            "given": "Ralph"
        },
        {
            "family": "Dolan",
            "given": "Lawrence"
        },
        {
            "family": "Imperatore",
            "given": "Giuseppina"
        },
        {
            "family": "Linder",
            "given": "Barbara"
        },
        {
            "family": "Lawrence",
            "given": "Jean M."
        },
        {
            "family": "Marcovina",
            "given": "Santica M."
        },
        {
            "family": "Mottl",
            "given": "Amy K."
        },
        {
            "family": "Black",
            "given": "Mary Helen"
        },
        {
            "family": "Pop-Busui",
            "given": "Rodica"
        },
        {
            "family": "Saydah",
            "given": "Sharon"
        },
        {
            "family": "Hamman",
            "given": "Richard F."
        },
        {
            "family": "Pihoker",
            "given": "Catherine"
        }
    ],
    "ctr": 0.1,
    "custom_score": 1.0,
    "id": {
        "dois": [
            "10.1001/jama.2017.0686"
        ]
    },
    "issued_at": 1488240000,
    "languages": [
        "en"
    ],
    "metadata": {
        "container_title": "JAMA",
        "first_page": 825,
        "issns": [
            "0098-7484"
        ],
        "issue": "8",
        "volume": "317"
    },
    "page_rank": 0.2082338,
    "referenced_by_count": 395,
    "tags": [
        "General Medicine"
    ],
    "title": "Association of Type 1 Diabetes vs Type 2 Diabetes Diagnosed During Childhood and Adolescence With Complications During Teenage Years and Young Adulthood",
    "type": "journal-article",
    "updated_at": 1693673854
}