{
    "authors": [
        {
            "family": "Jin",
            "given": "Jill"
        }
    ],
    "ctr": 0.1,
    "custom_score": 1.0,
    "id": {
        "dois": [
            "10.1001/jama.2016.16650"
        ]
    },
    "issued_at": 1479168000,
    "languages": [
        "en"
    ],
    "metadata": {
        "container_title": "JAMA",
        "first_page": 2056,
        "issns": [
            "0098-7484"
        ],
        "issue": "19",
        "volume": "316"
    },
    "page_rank": 0.15749997,
    "referenced_by_count": 4,
    "tags": [
        "General Medicine"
    ],
    "title": "Lipid Disorders: Screening and Treatment",
    "type": "journal-article",
    "updated_at": 1693674814
}