{
    "authors": [
        {
            "family": "Chianese",
            "given": "Jennifer"
        },
        {
            "family": "Hoberman",
            "given": "Alejandro"
        },
        {
            "family": "Paradise",
            "given": "Jack L."
        },
        {
            "family": "Colborn",
            "given": "D. Kathleen"
        },
        {
            "family": "Kearney",
            "given": "Diana"
        },
        {
            "family": "Rockette",
            "given": "Howard E."
        },
        {
            "family": "Kurs-Lasky",
            "given": "Marcia"
        }
    ],
    "ctr": 0.1,
    "custom_score": 1.0,
    "id": {
        "dois": [
            "10.1001/archpedi.161.9.884"
        ]
    },
    "issued_at": 1188604800,
    "languages": [
        "en"
    ],
    "metadata": {
        "container_title": "Archives of Pediatrics & Adolescent Medicine",
        "first_page": 884,
        "issns": [
            "1072-4710"
        ],
        "issue": "9",
        "publisher": "American Medical Association (AMA)",
        "volume": "161"
    },
    "page_rank": 0.2878378,
    "referenced_by_count": 22,
    "tags": [
        "Pediatrics, Perinatology and Child Health"
    ],
    "title": "Spectral Gradient Acoustic Reflectometry Compared With Tympanometry in Diagnosing Middle Ear Effusion in Children Aged 6 to 24 Months",
    "type": "journal-article",
    "updated_at": 1695106552
}