{
    "authors": [
        {
            "family": "Banerjee",
            "given": "Imon"
        },
        {
            "family": "Sofela",
            "given": "Miji"
        },
        {
            "family": "Yang",
            "given": "Jaden"
        },
        {
            "family": "Chen",
            "given": "Jonathan H."
        },
        {
            "family": "Shah",
            "given": "Nigam H."
        },
        {
            "family": "Ball",
            "given": "Robyn"
        },
        {
            "family": "Mushlin",
            "given": "Alvin I."
        },
        {
            "family": "Desai",
            "given": "Manisha"
        },
        {
            "family": "Bledsoe",
            "given": "Joseph"
        },
        {
            "family": "Amrhein",
            "given": "Timothy"
        },
        {
            "family": "Rubin",
            "given": "Daniel L."
        },
        {
            "family": "Zamanian",
            "given": "Roham"
        },
        {
            "family": "Lungren",
            "given": "Matthew P."
        }
    ],
    "ctr": 0.1,
    "custom_score": 1.0,
    "id": {
        "dois": [
            "10.1001/jamanetworkopen.2019.8719"
        ]
    },
    "issued_at": 1565136000,
    "languages": [
        "en"
    ],
    "metadata": {
        "container_title": "JAMA Network Open",
        "first_page": 198719,
        "issns": [
            "2574-3805"
        ],
        "issue": "8",
        "volume": "2"
    },
    "page_rank": 0.19008133,
    "referenced_by_count": 40,
    "references": [
        {
            "doi": "10.1038/srep26094",
            "type": "reference"
        },
        {
            "doi": "10.2105/ajph.82.2.243",
            "type": "reference"
        },
        {
            "doi": "10.7326/0003-4819-144-3-200602070-00004",
            "type": "reference"
        },
        {
            "doi": "10.1148/rg.2017170077",
            "type": "reference"
        },
        {
            "doi": "10.1038/nrg3208",
            "type": "reference"
        },
        {
            "doi": "10.1126/science.aaa8415",
            "type": "reference"
        },
        {
            "doi": "10.2214/ajr.08.1622",
            "type": "reference"
        },
        {
            "doi": "10.1056/nejmoa042905",
            "type": "reference"
        },
        {
            "doi": "10.1164/rccm.201508-1671st",
            "type": "reference"
        },
        {
            "doi": "10.1016/s0002-9343(02)01212-3",
            "type": "reference"
        },
        {
            "doi": "10.1016/j.drudis.2011.05.009",
            "type": "reference"
        },
        {
            "doi": "10.1001/jama.1996.03530320065037",
            "type": "reference"
        },
        {
            "doi": "10.1016/j.artmed.2018.11.004",
            "type": "reference"
        },
        {
            "doi": "10.2214/ajr.16.17202",
            "type": "reference"
        },
        {
            "doi": "10.1111/j.1538-7836.2007.02820.x",
            "type": "reference"
        },
        {
            "doi": "10.1016/j.annemergmed.2012.11.002",
            "type": "reference"
        },
        {
            "doi": "10.1016/j.jbi.2017.11.012",
            "type": "reference"
        },
        {
            "doi": "10.1111/j.1538-7836.2012.04769.x",
            "type": "reference"
        },
        {
            "doi": "10.1111/j.1538-7836.2012.04739.x",
            "type": "reference"
        },
        {
            "doi": "10.1378/chest.11-2694",
            "type": "reference"
        },
        {
            "doi": "10.1136/amiajnl-2013-002151",
            "type": "reference"
        },
        {
            "doi": "10.1016/j.annemergmed.2015.11.005",
            "type": "reference"
        },
        {
            "doi": "10.1001/archinternmed.2012.1804",
            "type": "reference"
        },
        {
            "doi": "10.1016/j.thromres.2012.02.016",
            "type": "reference"
        },
        {
            "doi": "10.1148/radiol.2017161560",
            "type": "reference"
        },
        {
            "doi": "10.1136/emermed-2016-205687",
            "type": "reference"
        },
        {
            "doi": "10.1001/jamainternmed.2017.7552",
            "type": "reference"
        },
        {
            "doi": "10.1097/mej.0000000000000442",
            "type": "reference"
        },
        {
            "doi": "10.1001/jama.2018.20295",
            "type": "reference"
        },
        {
            "doi": "10.3174/ajnr.a4076",
            "type": "reference"
        },
        {
            "doi": "10.4103/1817-1737.191875",
            "type": "reference"
        },
        {
            "doi": "10.1371/journal.pone.0184219",
            "type": "reference"
        },
        {
            "doi": "10.1111/jth.2008.6.issue-9",
            "type": "reference"
        }
    ],
    "tags": [
        "General Medicine"
    ],
    "title": "Development and Performance of the Pulmonary Embolism Result Forecast Model (PERFORM) for Computed Tomography Clinical Decision Support",
    "type": "journal-article",
    "updated_at": 1693667035
}