{
    "authors": [
        {
            "family": "Patnode",
            "given": "Carrie D."
        },
        {
            "family": "Evans",
            "given": "Corrine V."
        },
        {
            "family": "Senger",
            "given": "Caitlyn A."
        },
        {
            "family": "Redmond",
            "given": "Nadia"
        },
        {
            "family": "Lin",
            "given": "Jennifer S."
        }
    ],
    "ctr": 0.1,
    "custom_score": 1.0,
    "id": {
        "dois": [
            "10.1001/jama.2017.3303"
        ]
    },
    "issued_at": 1499731200,
    "languages": [
        "en"
    ],
    "metadata": {
        "container_title": "JAMA",
        "first_page": 175,
        "issns": [
            "0098-7484"
        ],
        "issue": "2",
        "volume": "318"
    },
    "page_rank": 0.26751077,
    "referenced_by_count": 215,
    "tags": [
        "General Medicine"
    ],
    "title": "Behavioral Counseling to Promote a Healthful Diet and Physical Activity for Cardiovascular Disease Prevention in Adults Without Known Cardiovascular Disease Risk Factors: Updated Evidence Report and Systematic Review for the US Preventive Services Task Force",
    "type": "journal-article",
    "updated_at": 1693672975
}