{
    "authors": [
        {
            "family": "VanderVeen",
            "given": "Deborah K."
        }
    ],
    "ctr": 0.1,
    "custom_score": 1.0,
    "id": {
        "dois": [
            "10.1001/archopht.124.6.766"
        ]
    },
    "issued_at": 1149120000,
    "languages": [
        "en"
    ],
    "metadata": {
        "container_title": "Archives of Ophthalmology",
        "first_page": 766,
        "issns": [
            "0003-9950"
        ],
        "issue": "6",
        "publisher": "American Medical Association (AMA)",
        "volume": "124"
    },
    "page_rank": 0.166989,
    "referenced_by_count": 38,
    "tags": [
        "Ophthalmology"
    ],
    "title": "Prevalence and Course of Strabismus in the First Year of Life for Infants With Prethreshold Retinopathy of Prematurity: Findings From the Early Treatment for Retinopathy of Prematurity Study",
    "type": "journal-article",
    "updated_at": 1694954345
}