{
    "authors": [
        {
            "family": "Micha",
            "given": "Renata"
        },
        {
            "family": "Peñalvo",
            "given": "Jose L."
        },
        {
            "family": "Cudhea",
            "given": "Frederick"
        },
        {
            "family": "Imamura",
            "given": "Fumiaki"
        },
        {
            "family": "Rehm",
            "given": "Colin D."
        },
        {
            "family": "Mozaffarian",
            "given": "Dariush"
        }
    ],
    "ctr": 0.1,
    "custom_score": 1.0,
    "id": {
        "dois": [
            "10.1001/jama.2017.0947"
        ]
    },
    "issued_at": 1488844800,
    "languages": [
        "en"
    ],
    "metadata": {
        "container_title": "JAMA",
        "first_page": 912,
        "issns": [
            "0098-7484"
        ],
        "issue": "9",
        "volume": "317"
    },
    "page_rank": 0.1558676,
    "referenced_by_count": 645,
    "tags": [
        "General Medicine"
    ],
    "title": "Association Between Dietary Factors and Mortality From Heart Disease, Stroke, and Type 2 Diabetes in the United States",
    "type": "journal-article",
    "updated_at": 1693673748
}