{
    "authors": [
        {
            "family": "Kent",
            "given": "David M."
        },
        {
            "family": "Hayward",
            "given": "Rodney A."
        }
    ],
    "ctr": 0.1,
    "custom_score": 1.0,
    "id": {
        "dois": [
            "10.1001/jama.298.10.1209"
        ]
    },
    "issued_at": 1189555200,
    "languages": [
        "en"
    ],
    "metadata": {
        "container_title": "JAMA",
        "first_page": 1209,
        "issns": [
            "0098-7484"
        ],
        "issue": "10",
        "publisher": "American Medical Association (AMA)",
        "volume": "298"
    },
    "page_rank": 0.3417889,
    "referenced_by_count": 360,
    "tags": [
        "General Medicine"
    ],
    "title": "Limitations of Applying Summary Results of Clinical Trials to Individual Patients: The Need for Risk Stratification",
    "type": "journal-article",
    "updated_at": 1695104847
}