{
    "authors": [
        {
            "family": "Shah",
            "given": "Nigam H."
        },
        {
            "family": "Milstein",
            "given": "Arnold"
        },
        {
            "family": "Bagley",
            "given": "PhD, Steven C."
        }
    ],
    "ctr": 0.1,
    "custom_score": 1.0,
    "id": {
        "dois": [
            "10.1001/jama.2019.10306"
        ]
    },
    "issued_at": 1570492800,
    "languages": [
        "en"
    ],
    "metadata": {
        "container_title": "JAMA",
        "first_page": 1351,
        "issns": [
            "0098-7484"
        ],
        "issue": "14",
        "volume": "322"
    },
    "page_rank": 0.24101035,
    "referenced_by_count": 141,
    "references": [
        {
            "doi": "10.1177/0272989x06295361",
            "type": "reference"
        },
        {
            "doi": "10.1001/jama.2019.4914",
            "type": "reference"
        },
        {
            "doi": "10.1001/jama.2017.18391",
            "type": "reference"
        },
        {
            "doi": "10.1056/nejmp1714229",
            "type": "reference"
        },
        {
            "doi": "10.1001/jama.2017.19198",
            "type": "reference"
        },
        {
            "doi": "10.1001/jamanetworkopen.2019.0348",
            "type": "reference"
        },
        {
            "doi": "10.11124/jbisrir-2016-2381",
            "type": "reference"
        }
    ],
    "tags": [
        "General Medicine"
    ],
    "title": "Making Machine Learning Models Clinically Useful",
    "type": "journal-article",
    "updated_at": 1693666674
}