{
    "authors": [
        {
            "family": "Singh",
            "given": "Hardeep",
            "sequence": "first"
        },
        {
            "family": "Giardina",
            "given": "Traber Davis",
            "sequence": "additional"
        },
        {
            "family": "Meyer",
            "given": "Ashley N. D.",
            "sequence": "additional"
        },
        {
            "family": "Forjuoh",
            "given": "Samuel N.",
            "sequence": "additional"
        },
        {
            "family": "Reis",
            "given": "Michael D.",
            "sequence": "additional"
        },
        {
            "family": "Thomas",
            "given": "Eric J.",
            "sequence": "additional"
        }
    ],
    "ctr": 0.1,
    "custom_score": 1.0,
    "id": {
        "dois": [
            "10.1001/jamainternmed.2013.2777"
        ]
    },
    "issued_at": 1364169600,
    "languages": [
        "en"
    ],
    "metadata": {
        "container_title": "JAMA Internal Medicine",
        "first_page": 418,
        "issns": [
            "2168-6106"
        ],
        "issue": "6",
        "publisher": "American Medical Association (AMA)",
        "volume": "173"
    },
    "page_rank": 0.2900443,
    "referenced_by_count": 334,
    "tags": [
        "Internal Medicine"
    ],
    "title": "Types and Origins of Diagnostic Errors in Primary Care Settings",
    "type": "journal-article",
    "updated_at": 1695840140
}