{
    "authors": [
        {
            "family": "Kahn",
            "given": "Katherine L."
        }
    ],
    "ctr": 0.1,
    "custom_score": 1.0,
    "id": {
        "dois": [
            "10.1001/jama.1990.03450150084036"
        ]
    },
    "issued_at": 656121600,
    "languages": [
        "en"
    ],
    "metadata": {
        "container_title": "JAMA: The Journal of the American Medical Association",
        "first_page": 1984,
        "issns": [
            "0098-7484"
        ],
        "issue": "15",
        "volume": "264"
    },
    "page_rank": 0.25825173,
    "referenced_by_count": 144,
    "tags": [
        "General Medicine"
    ],
    "title": "Comparing Outcomes of Care Before and After Implementation of the DRG-Based Prospective Payment System",
    "type": "journal-article",
    "updated_at": 1693702530
}