{
    "authors": [
        {
            "family": "Laupacis",
            "given": "Andreas"
        }
    ],
    "ctr": 0.1,
    "custom_score": 1.0,
    "id": {
        "dois": [
            "10.1001/jama.1997.03540300056034"
        ]
    },
    "issued_at": 855705600,
    "languages": [
        "en"
    ],
    "metadata": {
        "container_title": "JAMA: The Journal of the American Medical Association",
        "first_page": 488,
        "issns": [
            "0098-7484"
        ],
        "issue": "6",
        "volume": "277"
    },
    "page_rank": 0.478452,
    "referenced_by_count": 636,
    "tags": [
        "General Medicine"
    ],
    "title": "Clinical Prediction RulesA Review and Suggested Modifications of Methodological Standards",
    "type": "journal-article",
    "updated_at": 1693699644
}