{
    "abstract": "<abstract><section><header>Importance</header><p>Physician burnout is an ongoing epidemic; electronic health record (EHR) use has been associated with burnout, and the burden of EHR inbasket messages has grown in the context of the COVID-19 pandemic. Understanding how EHR inbasket messages are associated with physician burnout may uncover new insights for intervention strategies.</p></section><section><header>Objective</header><p>To evaluate associations between EHR inbasket message characteristics and physician burnout.</p></section><section><header>Design, Setting, and Participants</header><p>Cross-sectional study in a single academic medical center involving physicians from multiple specialties. Data collection took place April to September 2020, and data were analyzed September to December 2020.</p></section><section><header>Exposures</header><p>Physicians responded to a survey including the validated Mini-Z 5-point burnout scale.</p></section><section><header>Main Outcomes and Measures</header><p>Physician burnout according to the self-reported burnout scale. A sentiment analysis model was used to calculate sentiment scores for EHR inbasket messages extracted for participating physicians. Multivariable modeling was used to model risk of physician burnout using factors such as message characteristics, physician demographics, and clinical practice characteristics.</p></section><section><header>Results</header><p>Of 609 physicians who responded to the survey, 297 (48.8%) were women, 343 (56.3%) were White, 391 (64.2%) practiced in outpatient settings, and 428 (70.28%) had been in medical practice for 15 years or less. Half (307 [50.4%]) reported burnout (score of 3 or higher). A total of 1 453 245 inbasket messages were extracted, of which 630 828 (43.4%) were patient messages. Among negative messages, common words included medical conditions, expletives and/or profanity, and words related to violence. There were no significant associations between message characteristics (including sentiment scores) and burnout. Odds of burnout were significantly higher among Hispanic/Latino physicians (odds ratio [OR], 3.44; 95% CI, 1.18-10.61; <italic>P</italic> = .03) and women (OR, 1.60; 95% CI, 1.13-2.27; <italic>P</italic> = .01), and significantly lower among physicians in clinical practice for more than 15 years (OR, 0.46; 95% CI, 0.30-0.68; <italic>P</italic> &lt; .001).</p></section><section><header>Conclusions and Relevance</header><p>In this cross-sectional study, message characteristics were not associated with physician burnout, but the presence of expletives and violent words represents an opportunity for improving patient engagement, EHR portal design, or filters. Natural language processing represents a novel approach to understanding potential associations between EHR inbasket messages and physician burnout and may also help inform quality improvement initiatives aimed at improving patient experience.</p></section></abstract>",
    "authors": [
        {
            "family": "Baxter",
            "given": "Sally L.",
            "sequence": "first"
        },
        {
            "family": "Saseendrakumar",
            "given": "Bharanidharan Radha",
            "sequence": "additional"
        },
        {
            "family": "Cheung",
            "given": "Michael",
            "sequence": "additional"
        },
        {
            "family": "Savides",
            "given": "Thomas J.",
            "sequence": "additional"
        },
        {
            "family": "Longhurst",
            "given": "Christopher A.",
            "sequence": "additional"
        },
        {
            "family": "Sinsky",
            "given": "Christine A.",
            "sequence": "additional"
        },
        {
            "family": "Millen",
            "given": "Marlene",
            "sequence": "additional"
        },
        {
            "family": "Tai-Seale",
            "given": "Ming",
            "sequence": "additional"
        }
    ],
    "ctr": 0.1,
    "custom_score": 1.0,
    "id": {
        "dois": [
            "10.1001/jamanetworkopen.2022.44363"
        ]
    },
    "issued_at": 1669766400,
    "languages": [
        "en"
    ],
    "metadata": {
        "container_title": "JAMA Network Open",
        "first_page": 2244363,
        "issns": [
            "2574-3805"
        ],
        "issue": "11",
        "publisher": "American Medical Association (AMA)",
        "volume": "5"
    },
    "page_rank": 0.15490383,
    "referenced_by_count": 3,
    "references": [
        {
            "doi": "10.1016/j.mayocp.2015.08.023",
            "type": "reference"
        },
        {
            "doi": "10.1056/nejmp1716845",
            "type": "reference"
        },
        {
            "doi": "10.1016/j.mayocp.2018.10.023",
            "type": "reference"
        },
        {
            "doi": "10.1016/j.mayocp.2021.11.021",
            "type": "reference"
        },
        {
            "doi": "10.1371/journal.pone.0237301",
            "type": "reference"
        },
        {
            "doi": "10.3390/healthcare8040421",
            "type": "reference"
        },
        {
            "doi": "10.1056/nejmp2003149",
            "type": "reference"
        },
        {
            "doi": "10.1016/j.mayocp.2022.09.002",
            "type": "reference"
        },
        {
            "doi": "10.7326/m16-0961",
            "type": "reference"
        },
        {
            "doi": "10.1370/afm.2121",
            "type": "reference"
        },
        {
            "doi": "10.1377/hlthaff.2016.0811",
            "type": "reference"
        },
        {
            "doi": "10.1016/j.healthpol.2018.05.014",
            "type": "reference"
        },
        {
            "doi": "10.1136/amiajnl-2013-001875",
            "type": "reference"
        },
        {
            "doi": "10.1001/jamainternmed.2016.0209",
            "type": "reference"
        },
        {
            "doi": "10.1377/hlthaff.2018.05509",
            "type": "reference"
        },
        {
            "doi": "10.2196/24014",
            "type": "reference"
        },
        {
            "doi": "10.1001/jamanetworkopen.2021.29553",
            "type": "reference"
        },
        {
            "doi": "10.1056/nejmp2003539",
            "type": "reference"
        },
        {
            "doi": "10.1093/jamia/ocaa067",
            "type": "reference"
        },
        {
            "doi": "10.1093/jamia/ocab268",
            "type": "reference"
        },
        {
            "doi": "10.1177/2056305116664220",
            "type": "reference"
        },
        {
            "doi": "10.1080/13527266.2013.797778",
            "type": "reference"
        },
        {
            "doi": "10.1001/jama.2013.281053",
            "type": "reference"
        },
        {
            "doi": "10.1002/(issn)1532-2998",
            "type": "reference"
        },
        {
            "doi": "10.1007/s40596-017-0849-3",
            "type": "reference"
        },
        {
            "doi": "10.1377/hlthaff.2020.02391",
            "type": "reference"
        },
        {
            "doi": "10.1007/s11606-021-06661-4",
            "type": "reference"
        },
        {
            "doi": "10.1007/s11606-021-07278-3",
            "type": "reference"
        },
        {
            "doi": "10.1001/jamanetworkopen.2020.28111",
            "type": "reference"
        },
        {
            "doi": "10.1001/jamanetworkopen.2020.12762",
            "type": "reference"
        },
        {
            "doi": "10.1111/joim.2018.283.issue-6",
            "type": "reference"
        },
        {
            "doi": "10.1016/j.mayocp.2018.05.014",
            "type": "reference"
        },
        {
            "doi": "10.1007/s12630-016-0781-0",
            "type": "reference"
        },
        {
            "doi": "10.1001/jamanetworkopen.2020.28780",
            "type": "reference"
        },
        {
            "doi": "10.5811/westjem",
            "type": "reference"
        },
        {
            "doi": "10.1136/bmjopen-2020-042752",
            "type": "reference"
        },
        {
            "doi": "10.1177/2470547020977891",
            "type": "reference"
        },
        {
            "doi": "10.1016/j.mayocpiqo.2021.01.005",
            "type": "reference"
        },
        {
            "doi": "10.1503/cmaj.109-5644",
            "type": "reference"
        },
        {
            "doi": "10.4300/jgme-d-16-00123.1",
            "type": "reference"
        },
        {
            "doi": "10.1111/j.1525-1497.2005.0163.x",
            "type": "reference"
        },
        {
            "doi": "10.1111/jep.2009.15.issue-4",
            "type": "reference"
        },
        {
            "doi": "10.1177/1833358316689481",
            "type": "reference"
        },
        {
            "doi": "10.4338/aci-2015-10-ra-0129",
            "type": "reference"
        },
        {
            "doi": "10.2196/23382",
            "type": "reference"
        },
        {
            "doi": "10.1093/jamia/ocaa092",
            "type": "reference"
        },
        {
            "doi": "10.1093/jamia/ocab009",
            "type": "reference"
        },
        {
            "doi": "10.1148/rg.2016150080",
            "type": "reference"
        },
        {
            "doi": "10.1158/0008-5472.can-17-0615",
            "type": "reference"
        },
        {
            "doi": "10.1109/tcbb.2018.2849968",
            "type": "reference"
        },
        {
            "doi": "10.1136/amiajnl-2011-000501",
            "type": "reference"
        },
        {
            "doi": "10.2196/20346",
            "type": "reference"
        },
        {
            "doi": "10.1002/hec.v30.6",
            "type": "reference"
        },
        {
            "doi": "10.5847/wjem.j.1920-8642.2021.02.005",
            "type": "reference"
        },
        {
            "doi": "10.1001/jamanetworkopen.2022.13080",
            "type": "reference"
        },
        {
            "doi": "10.1308/rcsann.2020.0040",
            "type": "reference"
        },
        {
            "doi": "10.1186/s12909-020-02072-x",
            "type": "reference"
        },
        {
            "doi": "10.1007/s11606-019-05381-0",
            "type": "reference"
        },
        {
            "doi": "10.1097/jom.0000000000002263",
            "type": "reference"
        },
        {
            "doi": "10.1016/j.mayocp.2021.11.021",
            "type": "reference"
        },
        {
            "doi": "10.1609/icwsm.v8i1.14550",
            "type": "reference"
        }
    ],
    "tags": [
        "General Medicine"
    ],
    "title": "Association of Electronic Health Record Inbasket Message Characteristics With Physician Burnout",
    "type": "journal-article",
    "updated_at": 1694572482
}