{
    "authors": [
        {
            "family": "Windover",
            "given": "Amy K."
        },
        {
            "family": "Martinez",
            "given": "Kathryn"
        },
        {
            "family": "Mercer",
            "given": "Mary Beth"
        },
        {
            "family": "Neuendorf",
            "given": "Katie"
        },
        {
            "family": "Boissy",
            "given": "Adrienne"
        },
        {
            "family": "Rothberg",
            "given": "Michael B."
        }
    ],
    "ctr": 0.1,
    "custom_score": 1.0,
    "id": {
        "dois": [
            "10.1001/jamainternmed.2018.0019"
        ]
    },
    "issued_at": 1527811200,
    "languages": [
        "en"
    ],
    "metadata": {
        "container_title": "JAMA Internal Medicine",
        "first_page": 856,
        "issns": [
            "2168-6106"
        ],
        "issue": "6",
        "volume": "178"
    },
    "page_rank": 0.1994272,
    "referenced_by_count": 62,
    "references": [
        {
            "doi": "10.1016/j.mayocp.2015.08.023",
            "type": "reference"
        },
        {
            "doi": "10.1001/jamainternmed.2016.7674",
            "type": "reference"
        },
        {
            "doi": "10.1097/mlr.0b013e31826cbc0d",
            "type": "reference"
        },
        {
            "doi": "10.1016/j.mayocp.2016.02.001",
            "type": "reference"
        }
    ],
    "tags": [
        "Internal Medicine"
    ],
    "title": "Correlates and Outcomes of Physician Burnout Within a Large Academic Medical Center",
    "type": "journal-article",
    "updated_at": 1693670527
}