{
    "authors": [
        {
            "family": "Humikowski",
            "given": "Catherine A."
        }
    ],
    "ctr": 0.1,
    "custom_score": 1.0,
    "id": {
        "dois": [
            "10.1001/jama.2018.9910"
        ]
    },
    "issued_at": 1532390400,
    "languages": [
        "en"
    ],
    "metadata": {
        "container_title": "JAMA",
        "first_page": 343,
        "issns": [
            "0098-7484"
        ],
        "issue": "4",
        "volume": "320"
    },
    "page_rank": 0.19581783,
    "referenced_by_count": 4,
    "tags": [
        "General Medicine"
    ],
    "title": "Beyond Burnout",
    "type": "journal-article",
    "updated_at": 1693670236
}