{
    "authors": [
        {
            "family": "Yang",
            "given": "Jie",
            "sequence": "first"
        },
        {
            "family": "Lian",
            "given": "John W.",
            "sequence": "additional"
        },
        {
            "family": "Chin",
            "given": "Yen-Po (Harvey)",
            "sequence": "additional"
        },
        {
            "family": "Wang",
            "given": "Liqin",
            "sequence": "additional"
        },
        {
            "family": "Lian",
            "given": "Anna",
            "sequence": "additional"
        },
        {
            "family": "Murphy",
            "given": "George F.",
            "sequence": "additional"
        },
        {
            "family": "Zhou",
            "given": "Li",
            "sequence": "additional"
        }
    ],
    "ctr": 0.1,
    "custom_score": 1.0,
    "id": {
        "dois": [
            "10.1001/jamanetworkopen.2021.26337"
        ]
    },
    "issued_at": 1632268800,
    "languages": [
        "en"
    ],
    "metadata": {
        "container_title": "JAMA Network Open",
        "first_page": 2126337,
        "issns": [
            "2574-3805"
        ],
        "issue": "9",
        "publisher": "American Medical Association (AMA)",
        "volume": "4"
    },
    "page_rank": 0.16063002,
    "referenced_by_count": 16,
    "references": [
        {
            "doi": "10.1002/ijc.29210",
            "type": "reference"
        },
        {
            "doi": "10.1007/s40257-017-0325-6",
            "type": "reference"
        },
        {
            "doi": "10.3322/caac.v70.1",
            "type": "reference"
        },
        {
            "doi": "10.1200/jco.2016.66.7220",
            "type": "reference"
        },
        {
            "doi": "10.1158/1078-0432.ccr-14-3073",
            "type": "reference"
        },
        {
            "doi": "10.6004/jnccn.2019.0018",
            "type": "reference"
        },
        {
            "doi": "10.1200/jco.2013.51.3002",
            "type": "reference"
        },
        {
            "doi": "10.1007/s00262-015-1726-0",
            "type": "reference"
        },
        {
            "doi": "10.1097/pas.0000000000000848",
            "type": "reference"
        },
        {
            "doi": "10.12659/msm.905862",
            "type": "reference"
        },
        {
            "doi": "10.1002/(issn)1097-0142",
            "type": "reference"
        },
        {
            "doi": "10.1371/journal.pone.0148160",
            "type": "reference"
        },
        {
            "doi": "10.1200/jco.2011.37.8539",
            "type": "reference"
        },
        {
            "doi": "10.1177/000313481107700219",
            "type": "reference"
        },
        {
            "doi": "10.1002/(issn)1097-0142",
            "type": "reference"
        },
        {
            "doi": "10.1016/j.jaad.2018.02.066",
            "type": "reference"
        },
        {
            "doi": "10.1080/2162402x.2019.1593806",
            "type": "reference"
        },
        {
            "doi": "10.1200/cci.19.00006",
            "type": "reference"
        },
        {
            "doi": "10.1001/jamaoncol.2016.0213",
            "type": "reference"
        },
        {
            "doi": "10.1093/jamia/ocv180",
            "type": "reference"
        },
        {
            "doi": "10.1016/j.jbi.2017.07.012",
            "type": "reference"
        },
        {
            "doi": "10.1016/s0006-3223(98)00043-2",
            "type": "reference"
        },
        {
            "doi": "10.1016/0197-2456(96)00075-x",
            "type": "reference"
        },
        {
            "doi": "10.1016/j.humpath.2016.07.008",
            "type": "reference"
        },
        {
            "doi": "10.1097/cmr.0000000000000164",
            "type": "reference"
        },
        {
            "doi": "10.1245/s10434-013-3086-3",
            "type": "reference"
        },
        {
            "doi": "10.1073/pnas.0905139106",
            "type": "reference"
        },
        {
            "doi": "10.1080/07357907.2017.1351984",
            "type": "reference"
        },
        {
            "doi": "10.1111/pcmr.12340",
            "type": "reference"
        },
        {
            "doi": "10.1016/j.ejca.2017.03.012",
            "type": "reference"
        },
        {
            "doi": "10.1007/s00262-017-2072-1",
            "type": "reference"
        },
        {
            "doi": "10.1016/j.ejca.2009.05.034",
            "type": "reference"
        },
        {
            "doi": "10.1200/jco.2006.08.9755",
            "type": "reference"
        },
        {
            "doi": "10.1016/j.jim.2018.08.005",
            "type": "reference"
        },
        {
            "doi": "10.1309/g6ek-y6eh-0lgy-6d6p",
            "type": "reference"
        }
    ],
    "tags": [
        "General Medicine"
    ],
    "title": "Assessing the Prognostic Significance of Tumor-Infiltrating Lymphocytes in Patients With Melanoma Using Pathologic Features Identified by Natural Language Processing",
    "type": "journal-article",
    "updated_at": 1694290815
}