{
    "authors": [
        {
            "family": "Olson",
            "given": "Carin M."
        }
    ],
    "ctr": 0.1,
    "custom_score": 1.0,
    "id": {
        "dois": [
            "10.1001/jama.287.21.2825"
        ]
    },
    "issued_at": 1023235200,
    "languages": [
        "en"
    ],
    "metadata": {
        "container_title": "JAMA",
        "first_page": 2825,
        "issns": [
            "0098-7484"
        ],
        "issue": "21",
        "publisher": "American Medical Association (AMA)",
        "volume": "287"
    },
    "page_rank": 0.45030326,
    "referenced_by_count": 238,
    "tags": [
        "General Medicine"
    ],
    "title": "Publication Bias in Editorial Decision Making",
    "type": "journal-article",
    "updated_at": 1694757243
}