{
    "abstract": "<abstract><section><p>To the Editor The randomized controlled trial of early parenteral nutrition in patients with critical illness 1 targeted calories, but the nutrient that is most lacking in critical illness and whose provision is most likely to be of benefit is protein. When hydrated, free amino acid mixtures provide 17% less protein substrate than formed dietary proteins. 2   It can be calculated from Figure <ref type=\"figure\">2C</ref> in the article and by using the supplementary data that protein provision in the intervention group barely reached 47 g/d on days 4 through 7 of therapy. This is less than half the current recommendation of 1.5 g/kg/d for critically ill patients, 3 and less than the 56 g/d (0.8 g/kg) required by a healthy person without catabolism weighing 70 kg.</p>\n<p>The hypothesis tested by this trial was that critically ill patients urgently need more calories, but not much protein, when in fact nearly all the participants had adequate fat reserves, and most of them were overweight or obese. In contrast, extensive metabolic data (and some clinical trial evidence) suggest that early provision of 1.5 to 2.5 g of protein/kg/d could improve both short-term and long-term outcomes in patients with critical illness. 4  Even as little as approximately 84 g/d of protein (1.2 g/kg) might be enough to improve some clinical outcome parameters. 5    </p></section></abstract>",
    "authors": [
        {
            "family": "Emdin",
            "given": "Connor A."
        },
        {
            "family": "Rahimi",
            "given": "Kazem"
        },
        {
            "family": "Neal",
            "given": "Bruce"
        },
        {
            "family": "Callender",
            "given": "Thomas"
        },
        {
            "family": "Perkovic",
            "given": "Vlado"
        },
        {
            "family": "Patel",
            "given": "Anushka"
        }
    ],
    "content": "<content><section><p>1. Doig GS, Simpson F, Sweetman EA, et al; Early PN Investigators of the ANZICS Clinical Trials Group. Early parenteral nutrition in critically ill patients with short-term relative contraindications to early enteral nutrition: a randomized controlled trial. JAMA. 2013;309(20):2130-2138.</p>\n<p>2. Hoffer LJ. How much protein do parenteral amino acid mixtures provide? Am J Clin Nutr. 2011;94(6):1396-1398.</p>\n<p>3. Ziegler TR. Parenteral nutrition in the critically ill patient. N Engl J Med.  2009;361(11):1088-1097.</p></section>\n<section><header>4.</header>\n<p>Hoffer LJ, Bistrian BR. Appropriate protein provision in critical illness: a systematic and narrative review. Am J Clin Nutr. 2012;96(3):591-600.</p></section>\n<section><header>5.</header>\n<p>Heidegger CP, Berger MM, Graf S, et al. Optimisation of energy provision with supplemental parenteral nutrition in critically ill patients: a randomised controlled clinical trial. Lancet. 2013;381(9864):385-393.</p>\n<p>To the Editor Dr Doig and colleagues 1 highlighted how the provision of adequate calorie support during the first 7 days of stay in the intensive care unit (ICU) may be critical. Although previous research suggested that starvation is associated with worse outcome and nutritional support should be considered during the highly catabolic state of critical illness, recent trials 2,3 have emphasized that early is not always better in the ICU.</p>\n<p>Timing and amount of nutrients administered by the parenteral route should be balanced for benefits and harms. There is evidence that overzealous parenteral nutrition and overfeeding should be avoided because delayed and targeted calorie support results in better outcomes. <ref type=\"bibr\">2,</ref><ref type=\"bibr\">3</ref> For example, supplemental parenteral nutrition starting 4 days after ICU admission resulted in reduced nosocomial infections. 2 However, the lack of positive effects in this study on most end points may be explained not by calories but by fluids.</p>\n<p>In the study by Doig et al, 1 nutritional support was provided as early as in the Early Parenteral Nutrition Completing Enteral Nutrition in Adult Critically Ill Patients (EPaNIC) trial, which showed higher rates of complications and mortality in patients receiving early parenteral nutrition. 3 However, in the first 2 days, nutritional support was not limited to glucose infusions, as in the EPaNIC trial, thus improving glucose control and nitrogen balance and reducing the adverse effects of hyperglycemia. <ref type=\"bibr\">4</ref> It is likely that patients allocated to early parenteral nutrition received higher amounts of intravenous fluids than those in the control group receiving standard care. It would be interesting to look at the data on fluid loads and the use of vasopressors.</p>\n<p>One study of elderly patients 5 with gastrointestinal cancer and perioperative fluid restriction suggests that during acute stress conditions, fluid restriction results in better cellular immunity and reduced complication rates. The positive effects of nutritional support may have been masked by the negative effects of a higher fluid load.  In Reply We agree with Dr Hoffer that more evidence from largescale clinical trials is needed to investigate appropriate protein dosing in patients with critical illness. Figure <ref type=\"figure\">2C</ref> in the article showed patients allocated to receive early parenteral nutrition achieved a mean protein intake of 50 to 60 g/d by study day 3 or 4, which was significantly higher than standard care patients, who received 20 to 30 g/d by study day 3 or 4.</p>\n<p>The protein intake achieved in the intervention group of our clinical trial is similar to the protein intake routinely achieved by usual care delivered in Australia and New Zealand. <ref type=\"bibr\">1</ref> The benefits of higher protein doses merit further study.</p>\n<p>We acknowledge the point made by Dr Cereda and colleagues that we did not standardize fluid management in our clinical trial. Our trial asked a pragmatic question and allowed clinicians to set their own fluid management goals based on each patient's individual needs.</p>\n<p>Previous large-scale clinical trials have shown that Australian and New Zealand intensive care specialists are fastidious with regard to fluid balance, 2 and in situations in which large-scale clinical trials have established statistically significant differences in fluid intake and balance, these differences in processes of care have not translated into differences in clinical outcomes. <ref type=\"bibr\">3</ref> Instead of focusing on the collection of data relating to a complex process of care, we focused on the collection of clinically important outcomes related to that process of care.</p>\n<p>Our primary measures of cardiovascular stability and renal function (assessed using the Brussels table organ dysfunction scale of Bernard et al 4 ) did not differ between treatment groups (Table <ref type=\"table\">3</ref> in the article). In addition, the most relevant clinical trial comparing different fluid intakes in critically ill patients (conducted by the Acute Respiratory Distress Syndrome Clinical Trials Network 5 ) demonstrated that patients who received more fluid required a longer duration of ventilation, which was opposite to our finding of a significantly shorter duration of ventilation in patients allocated to receive early parenteral nutrition. Thus, although it is possible the positive effects of nutritional support may have been masked by negative effects of a higher fluid load, we believe any such masking of effects would likely be minor.</p>\n<p>Gordon S. Doig, PhD Fiona Simpson, MND</p></section>\n<section><header>Statin Therapy for Hyperlipidemia</header>\n<p>To the Editor We are concerned that a JAMA Patient Page 1 regarding statin therapy for hyperlipidemia sent the wrong message to patients. We found this piece to be unbalanced. The authors failed to mention anything about the unequivocal benefit of statins in secondary prevention settings, but devoted a full paragraph to adverse effects.</p>\n<p>In addition, at the end of the adverse effects paragraph, the last 2 sentences of the Patient Page discussed the controversial aspects of primary prevention: \"a 2010 analysis combined the results of 11 studies and found that taking statins did not lower the death rate for people who did not have heart disease. If your physician recommends taking a statin, talk to him or her about the risks and benefits for your individual situation.\"</p>\n<p>These recommendations are particularly concerning given the high nonadherence rates among patients who might benefit from statin therapy. There is strong evidence that patients with hyperlipidemia and other cardiovascular risk factors should be considered for statin use if they are classified as intermediate or high risk.</p>\n<p>It is true that the meta-analysis mentioned by the authors reported that statins may not improve all-cause mortality in primary prevention. 2 However, this meta-analysis did not evaluate nonfatal events, and clinical trial data have demonstrated significant reductions in myocardial infarction, stroke, and arterial revascularization. <ref type=\"bibr\">3</ref> In addition, this particular metaanalysis is contentious because other meta-analyses demonstrate that statins do improve all-cause mortality in individuals at risk for cardiac disease. <ref type=\"bibr\">4</ref> Reduced all-cause mortality was also demonstrated in a recent report by the Cholesterol Treatment Trialists' Collaborators, which is the largest study to date addressing the effects of statins in primary prevention. This comprehensive analysis of 134 537 individuals from 22 trials found that using statins for primary prevention reduced all-cause mortality by</p></section></content>",
    "ctr": 0.1,
    "custom_score": 1.0,
    "id": {
        "dois": [
            "10.1001/jama.2014.18574"
        ]
    },
    "issued_at": 1423526400,
    "languages": [
        "en"
    ],
    "links": [
        {
            "cid": "bafkr4idwfgx475e2si6lmarxtkydamdklckwic6ipmfrbvvwmbekehvttu",
            "extension": "pdf",
            "filesize": 58473,
            "md5": "ce5cedc6df7aefb48a4087ee9faf76e7",
            "type": "primary"
        }
    ],
    "metadata": {
        "container_title": "JAMA",
        "first_page": 603,
        "issns": [
            "0098-7484"
        ],
        "issue": "6",
        "volume": "313"
    },
    "page_rank": 0.21774128,
    "referenced_by_count": 545,
    "tags": [
        "General Medicine"
    ],
    "title": "Blood Pressure Lowering in Type 2 Diabetes: A Systematic Review and Meta-analysis",
    "type": "journal-article",
    "updated_at": 1693678662
}