{
    "authors": [
        {
            "family": "Pine",
            "given": "Michael"
        },
        {
            "family": "Jordan",
            "given": "Harmon S."
        },
        {
            "family": "Elixhauser",
            "given": "Anne"
        },
        {
            "family": "Fry",
            "given": "Donald E."
        },
        {
            "family": "Hoaglin",
            "given": "David C."
        },
        {
            "family": "Jones",
            "given": "Barbara"
        },
        {
            "family": "Meimban",
            "given": "Roger"
        },
        {
            "family": "Warner",
            "given": "David"
        },
        {
            "family": "Gonzales",
            "given": "Junius"
        }
    ],
    "ctr": 0.1,
    "custom_score": 1.0,
    "id": {
        "dois": [
            "10.1001/jama.297.1.71"
        ]
    },
    "issued_at": 1167782400,
    "languages": [
        "en"
    ],
    "metadata": {
        "container_title": "JAMA",
        "first_page": 71,
        "issns": [
            "0098-7484"
        ],
        "issue": "1",
        "publisher": "American Medical Association (AMA)",
        "volume": "297"
    },
    "page_rank": 0.66437966,
    "referenced_by_count": 217,
    "tags": [
        "General Medicine"
    ],
    "title": "Enhancement of Claims Data to Improve Risk Adjustment of Hospital Mortality",
    "type": "journal-article",
    "updated_at": 1695015687
}