{
    "authors": [
        {
            "family": "Sanderson",
            "given": "Susan L."
        }
    ],
    "ctr": 0.1,
    "custom_score": 1.0,
    "id": {
        "dois": [
            "10.1001/jama.1991.03460140086032"
        ]
    },
    "issued_at": 671241600,
    "languages": [
        "co"
    ],
    "metadata": {
        "container_title": "JAMA: The Journal of the American Medical Association",
        "first_page": 1858,
        "issns": [
            "0098-7484"
        ],
        "issue": "14",
        "volume": "265"
    },
    "page_rank": 0.18216777,
    "referenced_by_count": 32,
    "tags": [
        "General Medicine"
    ],
    "title": "Successful Hyperlipemic Pregnancy",
    "type": "journal-article",
    "updated_at": 1693702335
}