{
    "ctr": 0.1,
    "custom_score": 1.0,
    "id": {
        "dois": [
            "10.1001/archopht.123.11.1484"
        ]
    },
    "issued_at": 1130803200,
    "languages": [
        "en"
    ],
    "metadata": {
        "container_title": "Archives of Ophthalmology",
        "first_page": 1484,
        "issns": [
            "0003-9950"
        ],
        "issue": "11",
        "volume": "123"
    },
    "page_rank": 0.25041083,
    "referenced_by_count": 435,
    "tags": [
        "Ophthalmology"
    ],
    "title": "The Age-Related Eye Disease Study Severity Scale for Age-Related Macular Degeneration: AREDS Report No. 17",
    "type": "journal-article",
    "updated_at": 1693693619
}