{
    "authors": [
        {
            "family": "McCarthy",
            "given": "Cian P."
        },
        {
            "family": "McEvoy",
            "given": "John W."
        }
    ],
    "ctr": 0.1,
    "custom_score": 1.0,
    "id": {
        "dois": [
            "10.1001/jama.2015.13570"
        ]
    },
    "issued_at": 1449532800,
    "languages": [
        "en"
    ],
    "metadata": {
        "container_title": "JAMA",
        "first_page": 2347,
        "issns": [
            "0098-7484"
        ],
        "issue": "22",
        "volume": "314"
    },
    "page_rank": 0.21174476,
    "referenced_by_count": 25,
    "tags": [
        "General Medicine"
    ],
    "title": "Pimping in Medical Education: Lacking Evidence and Under Threat",
    "type": "journal-article",
    "updated_at": 1693677023
}