{
    "authors": [
        {
            "family": "Otsuka",
            "given": "Ryo",
            "sequence": "first"
        }
    ],
    "ctr": 0.1,
    "custom_score": 1.0,
    "id": {
        "dois": [
            "10.1001/jama.286.4.436"
        ]
    },
    "issued_at": 996019200,
    "languages": [
        "en"
    ],
    "metadata": {
        "container_title": "JAMA",
        "first_page": 436,
        "issns": [
            "0098-7484"
        ],
        "issue": "4",
        "publisher": "American Medical Association (AMA)",
        "volume": "286"
    },
    "page_rank": 0.19309498,
    "referenced_by_count": 263,
    "tags": [
        "General Medicine"
    ],
    "title": "Acute Effects of Passive Smoking on the Coronary Circulation in Healthy Young Adults",
    "type": "journal-article",
    "updated_at": 1694725370
}