{
    "authors": [
        {
            "family": "Rotenstein",
            "given": "Lisa S.",
            "sequence": "first"
        },
        {
            "family": "Holmgren",
            "given": "A. Jay",
            "sequence": "additional"
        },
        {
            "family": "Downing",
            "given": "N. Lance",
            "sequence": "additional"
        },
        {
            "family": "Bates",
            "given": "David W.",
            "sequence": "additional"
        }
    ],
    "ctr": 0.1,
    "custom_score": 1.0,
    "id": {
        "dois": [
            "10.1001/jamainternmed.2021.0256"
        ]
    },
    "issued_at": 1622505600,
    "languages": [
        "en"
    ],
    "metadata": {
        "container_title": "JAMA Internal Medicine",
        "first_page": 863,
        "issns": [
            "2168-6106"
        ],
        "issue": "6",
        "publisher": "American Medical Association (AMA)",
        "volume": "181"
    },
    "page_rank": 0.1544134,
    "referenced_by_count": 29,
    "references": [
        {
            "doi": "10.1377/hlthaff.2017.1658",
            "type": "reference"
        },
        {
            "doi": "10.1136/amiajnl-2012-001241",
            "type": "reference"
        },
        {
            "doi": "10.7326/m18-3684",
            "type": "reference"
        },
        {
            "doi": "10.1001/jamainternmed.2020.7071",
            "type": "reference"
        }
    ],
    "tags": [
        "Internal Medicine"
    ],
    "title": "Differences in Total and After-hours Electronic Health Record Time Across Ambulatory Specialties",
    "type": "journal-article",
    "updated_at": 1693659268
}