{
    "authors": [
        {
            "family": "Malik",
            "given": "Shaista"
        },
        {
            "family": "Zhao",
            "given": "Yanglu"
        },
        {
            "family": "Budoff",
            "given": "Matthew"
        },
        {
            "family": "Nasir",
            "given": "Khurram"
        },
        {
            "family": "Blumenthal",
            "given": "Roger S."
        },
        {
            "family": "Bertoni",
            "given": "Alain G."
        },
        {
            "family": "Wong",
            "given": "Nathan D."
        }
    ],
    "ctr": 0.1,
    "custom_score": 1.0,
    "id": {
        "dois": [
            "10.1001/jamacardio.2017.4191"
        ]
    },
    "issued_at": 1512086400,
    "languages": [
        "en"
    ],
    "metadata": {
        "container_title": "JAMA Cardiology",
        "first_page": 1332,
        "issns": [
            "2380-6583"
        ],
        "issue": "12",
        "volume": "2"
    },
    "page_rank": 0.20706938,
    "referenced_by_count": 127,
    "tags": [
        "Cardiology and Cardiovascular Medicine"
    ],
    "title": "Coronary Artery Calcium Score for Long-term Risk Classification in Individuals With Type 2 Diabetes and Metabolic Syndrome From the Multi-Ethnic Study of Atherosclerosis",
    "type": "journal-article",
    "updated_at": 1693672097
}