{
    "authors": [
        {
            "family": "McGlynn",
            "given": "Elizabeth A."
        },
        {
            "family": "McDonald",
            "given": "Kathryn M."
        },
        {
            "family": "Cassel",
            "given": "Christine K."
        }
    ],
    "ctr": 0.1,
    "custom_score": 1.0,
    "id": {
        "dois": [
            "10.1001/jama.2015.13453"
        ]
    },
    "issued_at": 1450137600,
    "languages": [
        "en"
    ],
    "metadata": {
        "container_title": "JAMA",
        "first_page": 2501,
        "issns": [
            "0098-7484"
        ],
        "issue": "23",
        "volume": "314"
    },
    "page_rank": 0.15346172,
    "referenced_by_count": 54,
    "tags": [
        "General Medicine"
    ],
    "title": "Measurement Is Essential for Improving Diagnosis and Reducing Diagnostic Error: A Report From the Institute of Medicine",
    "type": "journal-article",
    "updated_at": 1693677004
}