{
    "abstract": "<abstract><section><p>TATIN THERAPY SIGNIFICANTLY reduces cardiovascular events among individuals with and without a history of diabetes mellitus compared with placebo. <ref target=\"#b0\" type=\"bibr\">1,</ref><ref target=\"#b1\" type=\"bibr\">2</ref> Intensive-dose statin therapy has also been shown to further reduce cardiovascular events compared with moderate-dose statin therapy. 1,3 A recent meta-analysis of 13 randomized placebo and standard care controlled trials involving 91 140 individuals reported that among patients treated with statins, the risk of developing diabetes was 9% higher (95% confidence interval [CI], 2%-17%) over a 4-year period compared with patients randomized to placebo or standard care. <ref target=\"#b3\" type=\"bibr\">4</ref> Recently, findings of 3 large end-point trials comparing intensive-to moderate-dose See also Patient Page.</p>\n<p>CME available online at www.jamaarchivescme.com and questions on p 2584.</p></section></abstract>",
    "authors": [
        {
            "family": "Preiss",
            "given": "David"
        }
    ],
    "content": "<content><section><p>statin therapy have suggested an excess risk of incident diabetes among those treated with intensive statin regimens. <ref target=\"#b4\" type=\"bibr\">5,</ref><ref target=\"#b5\" type=\"bibr\">6</ref> However, 2 of these trials used nonstandard diagnostic criteria previously used to define incident diabetes. <ref target=\"#b6\" type=\"bibr\">7</ref> Additionally, published data from a fourth large clinical trial suggested the possibility of a deterioration in glucose control in patients receiving intensive statin therapy, <ref target=\"#b7\" type=\"bibr\">8</ref> and a recent report of 220 patients with hypercholesterolemia treated with placebo or different doses of atorvastatin and followed up for only 2 months found that those receiving the highest dose developed greater insulin resistance, higher insulin levels, and higher hemoglobin A 1c levels compared with those receiving the lowest dose or placebo, <ref target=\"#b8\" type=\"bibr\">9</ref> suggesting a potential dose effect. Although no significant relationship was observed between the extent of decreasing low-density lipoprotein (LDL) cholesterol values and new-onset diabetes in the meta-analysis of placebo and standard care controlled trials, <ref target=\"#b3\" type=\"bibr\">4</ref> most of those trials used modestintensity statins and trial populations also differed greatly, which may have obscured any meaningful association.</p>\n<p>Confidence in the observed association between statin therapy and the development of diabetes would be enhanced by providing further largescale evidence of a dose-dependent association. <ref target=\"#b3\" type=\"bibr\">4</ref> Given the cardiovascular benefits of statins and the likely increasing use of intensive statin regimens, it is important to quantify any potential long-term risks to enable physicians and patients to make informed choices. Furthermore, it would be of value to investigate whether any specific group of patients is at higher risk of diabetes when receiving intensive statin therapy than others. We therefore examined the associations of intensive-dose statin therapy vs moderate-dose therapy with the development of diabetes and the occurrence of major cardiovascular events, respectively, by conducting a collaborative meta-analysis of pub-lished and unpublished data from relevant clinical trials.</p></section>\n<section><header>Methods</header>\n<p>We gathered data from large randomized end-point statin trials primarily designed to assess the effect of intensivedose statin treatment compared with moderate-dose therapy on cardiovascular outcomes. Inclusion criteria included trials of 1000 or more participants exposed to statin therapy with a minimum mean follow-up of 1 year. Length of follow-up in both treatment groups was required to be identical to avoid bias in ascertainment of newonset diabetes. We searched MEDLINE, EMBASE, and the Cochrane Central Register of Controlled Trials with the terms statin and HMG CoA reductase inhibitor and names of individual statins as title words and keywords and combined these with a search for the keywords intensive or aggressive to identify trials performed in adult patients (initial search date, January 8, 2010; updated April 4, 2011) and published in English from January 1, 1996, until March 31, 2011 (FIGURE <ref target=\"#fig_0\" type=\"figure\">1</ref>). Abstracts and manuscripts were reviewed independently by 2 readers (D.P. and P.W.). A third reviewer (N.S.) settled discrepancies. After the full articles were reviewed, 5 trials were excluded, <ref target=\"#b9\" type=\"bibr\">[10]</ref><ref target=\"#b10\" type=\"bibr\">[11]</ref><ref target=\"#b11\" type=\"bibr\">[12]</ref><ref target=\"#b12\" type=\"bibr\">[13]</ref><ref target=\"#b13\" type=\"bibr\">[14]</ref> and 5 trials were included in the analysis: the Treating to New Targets (TNT) trial, <ref type=\"bibr\">1 5</ref> the Incremental Decrease in End Points Through Aggressive Lipid Lowering (IDEAL) trial, <ref target=\"#b15\" type=\"bibr\">16</ref> the Aggrastat to Zocor (A to Z) trial, <ref target=\"#b16\" type=\"bibr\">17</ref> the Pravastatin or Atorvastatin Evaluation and Infection Therapy-Thrombolysis in Myocardial Infarction (PROVE IT-TIMI 22) trial, <ref target=\"#b17\" type=\"bibr\">18</ref> and the Study of the Effectiveness of Additional Reductions in Cholesterol and Homocysteine (SEARCH). 5</p></section>\n<section><header>Data Sources</header>\n<p>Investigators from all 5 trials provided data for incident diabetes and major cardiovascular events according to a standard data query sheet (eFigure 1, available at http://www.jama.com). To ascertain whether any specific patient subgroups were at greater risk of de-  For the 2 trials with data published using nonstandard diabetes criteria (as in the third criterion but also requiring a Ն36-mg/dL increase in FPG from baseline), <ref target=\"#b5\" type=\"bibr\">6</ref> we performed a reanalysis of the data using the standard diagnostic criteria but also included a sensitivity analysis using the nonstandard criteria previously used in the West of Scotland Coronary Prevention Study. <ref target=\"#b6\" type=\"bibr\">7</ref> We also collected data on a composite cardiovascular end point consisting of cardiovascular death, nonfatal myocardial infarction, nonfatal stroke, coronary artery bypass surgery, and percutaneous coronary intervention as well as data for specific cardiovascular events and all-cause mortality. For trials that recruited patients shortly after an acute coronary syndrome (ACS), we used the prespecified trial definitions that included only those revascularization procedures not linked to the prerandomization index event. These consisted of procedures performed more than 30 days after randomization in the PROVE IT-TIMI 22 study and only ischemiadriven procedures in the A to Z study.</p></section>\n<section><header>Statistical Analysis</header>\n<p>To identify potential associations of intensive-dose vs moderate-dose statin therapy with incident diabetes and cardiovascular events, we calculated odds ratios (ORs) and 95% CIs from the available data for the number of patients who did not have diabetes at baseline and those who developed diabetes and cardiovascular events during follow-up. Study-specific ORs were pooled using a random-effects model meta-analysis to account for betweenstudy heterogeneity that may have been introduced by the differing methods for diagnosing diabetes available in the trials and different trial populations. Statistical heterogeneity across studies was quantified using the 2 (or Cochran Q statistic) and I 2 statistics, with PϾ.10 considered statistically nonsignificant. The I 2 statistic is derived from the</p>\n<formula xml:id=\"formula_0\">Q statistic ([Q-df/Q] ϫ100</formula>\n<p>) and provides a measure of the proportion of the overall variation attributable to between-study heterogeneity. <ref target=\"#b20\" type=\"bibr\">21</ref> Although we used both published and unpublished information in our metaanalysis, we nevertheless assessed the potential for publication bias through formal tests, namely the funnel plot and Egger test. To evaluate the effect of statins across clinically relevant subgroups, we calculated stratumspecific ORs for incident diabetes and major cardiovascular events and combined them using random-effects metaanalysis. In exploratory analyses, we compared results in patients with recent ACS with those with stable coronary heart disease and also compared results for trials in which simvastatin 80 mg and atorvastatin 80 mg were the respective intensive regimens. All P values were 2-sided and PϽ .05 was considered statistically significant. Analyses were conducted using Stata version 10.1 (StataCorp, College Station, Texas).</p></section>\n<section><header>Results</header>\n<p>Five randomized clinical trials provided data on 32 752 nondiabetic participants over a weighted mean (SD) follow-up of 4.9 (1.9) years. </p></section>\n<section><header>New-Onset Diabetes</header>\n<p>In the combined data set, there were 149 more cases of incident diabetes in participants assigned to intensive statin treatment than in those receiving moderate therapy (OR, 1.12; 95% CI, 1.04-1.22) (Figure <ref target=\"#fig_1\" type=\"figure\">2</ref>). In absolute terms, there were 2.0 additional cases of diabetes per 1000 patient-years among those receiving intensive-dose therapy (mean [SD] 18.9 [5.2] cases per 1000 patient-years with high-dose statin treatment vs 16.9 [5.5] cases per 1000 patient-years with moderate-dose therapy), corresponding to a number needed to harm of 498 per year. There was no significant heterogeneity between trials for new-onset diabetes ( 2 for heterogeneity=2.59; P=.60; I 2 =0% [95% CI, 0%-79%]). Likewise, there was no evidence of publication bias (P =.54) (eFigure 2).</p></section>\n<section><header>Cardiovascular Benefit</header>\n<p>In the combined data set, there were 416 fewer patients with cardiovascular events who received intensivedose therapy (OR, 0.84; 95% CI, 0.75-0.94) (Figure <ref target=\"#fig_1\" type=\"figure\">2</ref>). In absolute terms, there were 6.5 fewer first major cardiovascular events per 1000 patient-years among those receiving intensive statin therapy (mean [SD] 44.5 [20.4]   c For baseline FPG level, there were 315 results from the PROVE IT-TIMI 22 participants, which were similarly distributed between treatment groups. d Excluded patients with known diabetes, FPG level of 126 mg/dL or greater, or both at baseline. e Nonfasting.</p>\n<p>rates of noncardiovascular death as compared with moderate-dose statin therapy (OR, 0.98; 95% CI, 0.87-1.10; 559 cases/16 408 patients receiving intensive therapy vs 571 cases/16 342 patients receiving moderate doses). There was no significant heterogeneity between trials for all-cause mortality ( 2 for heterogeneity = 7.06; P=.13; I 2 =43% [95% CI, 0%-79%]) or for noncardiovascular death ( 2 for heterogeneity = 3.41; P = .49; I 2 = 0% [95% CI, 0%-79%]).</p></section>\n<section><header>Subgroup Analyses</header>\n<p>Cardiovascular benefit was consistent across all subgroups of participants, including those defined by age, HDL cholesterol level, triglyceride concentration, BMI (assessed in 4 trials <ref target=\"#b4\" type=\"bibr\">5,</ref><ref target=\"#b14\" type=\"bibr\">15,</ref><ref target=\"#b15\" type=\"bibr\">16,</ref><ref target=\"#b17\" type=\"bibr\">18</ref> ; n=29 036; 6192 events), and FPG level (assessed in 3 trials <ref target=\"#b14\" type=\"bibr\">15,</ref><ref target=\"#b15\" type=\"bibr\">16,</ref><ref target=\"#b17\" type=\"bibr\">18</ref> ; n=16 352; 3436 events) above and below the trial medians at baseline (FIGURE <ref target=\"#fig_2\" type=\"figure\">3</ref>). The odds of developing diabetes among participants receiving intensive compared with moderate statin therapy was also similar for patients differing by age, HDL cholesterol level, BMI (2626 events), and FPG level (1302 events) at baseline but was higher in those with triglyceride concentrations below the median compared with those with higher triglyceride levels. The trialspecific medians of these variables are provided in the eTable.</p></section>\n<section><header>Statin Type and Trial Population</header>\n<p>The difference in relative LDL cholesterol reduction between the more-and less-intensive statin groups was 12% to 15% in the 2 trials (n=14 301) <ref target=\"#b4\" type=\"bibr\">5,</ref><ref target=\"#b16\" type=\"bibr\">17</ref> that studied simvastatin 80 mg and 16% to 22% in the 3 trials (n = 18 451) <ref target=\"#b14\" type=\"bibr\">15,</ref><ref target=\"#b15\" type=\"bibr\">16,</ref><ref target=\"#b17\" type=\"bibr\">18</ref> that studied atorvastatin 80 mg. The odds of developing diabetes was comparable with simvastatin 80 mg (OR, 1.13; 95% CI, 0.93-1.38; I 2 = 0%; 690 cases/7166 patients receiving simvastatin 80 mg vs 634 cases/7135 patients with moderate-dose statins) and atorvastatin 80 mg (OR, 1.15; 95% CI, 1.03-1.28; I 2 =0%; 759 cases/ 9242 patients with atorvastatin 80 mg vs 666 cases/9209 patients with moderate-dose statin) (P = .56 for interaction) (eFigure 3). In contrast, there was no significant cardiovascular benefit over moderate-dose therapy in the trials of simvastatin 80 mg (OR, 0.95; 95% CI, 0.88-1.03; I 2 =0%; 1396 events/7166 patients with simvastatin   Abbreviations: CI, confidence interval; NNT, number needed to treat; OR, odds ratio. a Event rate is the number of events per 1000 patient-years. b Includes fatal and nonfatal strokes from the IDEAL study. <ref target=\"#b15\" type=\"bibr\">16</ref> 80 mg vs 1448 cases/7135 patients with moderate-dose statin therapy), whereas there was a significant benefit for atorvastatin 80 mg (OR, 0.78; 95% CI, 0.73-0.85; I 2 = 14%; 1738 events/9242 patients with atorvastatin 80 mg vs 2102 events/9209 patients with moderatedose statin therapy) (P Ͻ .001 for interaction). Three trials were conducted in patients with stable coronary heart disease (n=25 853) <ref target=\"#b4\" type=\"bibr\">5,</ref><ref target=\"#b14\" type=\"bibr\">15,</ref><ref target=\"#b15\" type=\"bibr\">16</ref> and 2 in patients following recent ACS (n=6899). <ref target=\"#b16\" type=\"bibr\">17,</ref><ref target=\"#b17\" type=\"bibr\">18</ref> Intensive statin therapy was associated with higher odds of incident diabetes following ACS (OR, 1.15; 95% CI, 0.85-1.54; 166 cases/ 3475 patients with intensive therapy vs 146 cases/3424 patients with moderatedose therapy) and in stable coronary heart disease (OR, 1.12; 95% CI, 1.03-1.22; 1283 cases/12 933 patients with intensive therapy vs 1154 cases/ 12 920 patients with moderate-dose therapy), while cardiovascular events were lower in both conditions (OR, 0.86; 95% CI, 0.76-0.98; 527 events/ 3475 patients vs 589 events/3424 patients; and OR, 0.83; 95% CI, 0.70-0.98; 2607 events/12 933 patients vs 2961/12 920 patients, respectively) (eFigure 4); there was no significant heterogeneity for these outcomes by study cohort.</p></section>\n<section><header>Sensitivity Analyses</header>\n<p>In sensitivity analyses, the overall risk of developing diabetes (assessed in 3 trials <ref target=\"#b4\" type=\"bibr\">5,</ref><ref target=\"#b14\" type=\"bibr\">15,</ref><ref target=\"#b15\" type=\"bibr\">16</ref> ) and the reduction in cardiovascular events (assessed in 5 trials), calculated by combining trialspecific hazard ratios, produced similar results to the primary analysis (eFig-ure <ref type=\"figure\">5</ref>). The risk of developing diabetes for patients receiving intensive statin therapy using nonstandard diagnostic criteria in 2 trials, namely TNT <ref target=\"#b14\" type=\"bibr\">15</ref> and IDEAL, <ref target=\"#b15\" type=\"bibr\">16</ref> was also qualitatively similar to the primary analysis in which standard diagnostic criteria were used (OR, 1.11; 95% CI, 1.03-1.21) (eFigure <ref type=\"figure\">6</ref>). Fixed-effects model metaanalysis produced similar results to random-effects model meta-analysis for new-onset diabetes when pooling data from the 5 trials.</p></section>\n<section><header>COMMENT</header>\n<p>This study demonstrates that use of intensive-dose statin therapy compared with moderate-dose statin therapy was associated with a higher incidence of new-onset diabetes (OR, 1.12). However, intensive statin  Data were available for age, high-density lipoprotein (HDL) cholesterol levels, and triglyceride concentrations in all trials; for body mass index (BMI) in 4 trials; and for fasting plasma glucose levels in 3 trials. The medians of the variables are per-trial medians, which are provided in the eTable. P values apply to heterogeneity between groups. Data marker size indicates relative weight of the studies; OR, odds ratio; and CI, confidence interval. therapy was associated with fewer major cardiovascular events (OR, 0.84). In this combined trial population, although the risk of new-onset diabetes and the benefit of cardiovascular event reduction for patients receiving intensive therapy were similar in relative terms, when expressed in absolute terms there was 1 additional case of diabetes for every 498 patients treated for 1 year compared with 1 fewer patient experiencing a cardiovascular event for every 155 patients treated for 1 year. The cardiovascular benefit described here may be a conservative estimate because 3 trials have demonstrated that intensive statin therapy also reduces multiple cardiovascular events if intensive statin therapy is c o n t i n u e d . <ref type=\"bibr\">2 2 -2 4</ref> T h e s e f i n d i n g s complement the recent observation of excess risk of developing diabetes among patients treated with statins compared with those receiving placebo. <ref target=\"#b3\" type=\"bibr\">4</ref> The benefits of statin therapy were consistent across all subgroups and for each component of the primary efficacy end point, including cardiovascular death. Analyses of all-cause mortality were consistent with observations for cardiovascular death, although the generalizability of these findings to other populations is less clear because these depend on the relative contributions of cardiovascular death (modified by statins) and noncardiovascular death (nonmodifiable by statins) in those populations. For new-onset diabetes, however, there was some evidence that the odds of new-onset diabetes was higher among individuals with triglyceride concentrations below the median level of distribution with intensive statin treatment, which, in the absence of a biologically plausible mechanism, may be a chance finding given the modest statistical significance in the context of multiple statistical tests. The higher incidence of new-onset diabetes and lower incidence of cardiovascular events were similar in patients fol-lowing recent ACS and those with stable coronary disease. In the trials we studied whose control groups were different but comparable, the relative LDL-cholesterol reduction was greater in those that used atorvastatin 80 mg than in those that used simvastatin 80 mg. <ref target=\"#b24\" type=\"bibr\">25</ref> Whereas the odds of developing diabetes was similar on both, there was a significantly lower odds of cardiovascular events in the trials with high-dose atorvastatin but not with high-dose simvastatin. <ref target=\"#b0\" type=\"bibr\">1</ref> Important questions remain. First, a potential mechanism to explain the findings of a higher incidence of diabetes with statin therapy compared with placebo, and intensive-dose therapy compared with moderatedose therapy, has not been identified. Possibilities include a direct and offtarget effect. For example, statins may influence muscle or liver insulin action directly, resulting in higher diabetes risk. Data from an animal model suggest that statin-induced myopathy is associated with the development of muscle insulin resistance, providing a potential mechanism. <ref target=\"#b25\" type=\"bibr\">26</ref> Second, it remains unclear whether statin therapy is associated with a generalized tendency for an increase in diabetes risk in many who take statins or whether there is a specific group of individuals at particular risk. Analysis of data from subgroups did not provide conclusive data. Third, although statin therapy is associated with a higher incidence of diabetes, to what extent this may carry with it the important associated long-term risks of developing microvascular disease is unknown. To date, no large clinical studies have examined the associations of statin therapy with microvascular disease. In contrast, fibrate therapy is associated with lower rates of microvascular complications. <ref target=\"#b26\" type=\"bibr\">27,</ref><ref target=\"#b27\" type=\"bibr\">28</ref> We hypothesize that given that cardiovascular risk from diabetes is modest in the first decade after diagnosis, <ref target=\"#b28\" type=\"bibr\">29</ref> and as the benefit of statin therapy increases over time and in absolute terms with increasing age, <ref target=\"#b29\" type=\"bibr\">30</ref> net cardiovascular benefit in highrisk individuals will still strongly favor statin therapy. Finally, it would be of interest to investigate the impact of intensive statin therapy on glycemic control and treatment requirements in patients with established diabetes. One consideration to help quantify potential concerns is the establishment of a registry to examine these issues of long-term risk. Our findings suggest that clinicians should be vigilant for the development of diabetes in patients receiving intensive statin therapy.</p>\n<p>Strengths of this meta-analysis include the following: first, we were able to include data from all the relevant clinical trials and thereby provide adequate power to detect potentially modest effects. Second, access to trial data allowed relevant subgroup analyses. And third, it was possible to provide a comparison of the potential risk of new-onset diabetes with cardiovascular benefit, thereby providing clinically useful information. Potential weaknesses include the following: first, different methods for diagnosing diabetes were available for the 5 trials, and the trials were not designed to assess new-onset diabetes. However, the low heterogeneity in new-onset diabetes as well as the very similar sensitivity analysis using the nonstandard criteria in 2 trials provides confidence in the results obtained. Second, analyses of incident diabetes were not prespecified in the trial designs and only 1 trial (TNT <ref target=\"#b14\" type=\"bibr\">15</ref> ) included regular measurement of FPG as a consequence. Because undiagnosed diabetes is relatively common, <ref target=\"#b30\" type=\"bibr\">31</ref> it is possible that we may have somewhat underestimated the risk of incident diabetes in the trial participants. Third, because all 5 trials specifically included participants with established coronary disease at high risk of future cardiovascular events rather than diabetes, our findings may not necessarily be generalizable to populations at higher risk of incident diabetes. Fourth, analyses were conducted without access to individual participant data. Fifth, we cannot exclude the possibility that intensive statin therapy may have caused more adverse effects and therefore led to differences in routine clinical care between those treated with intensive-and moderate-dose regimens, resulting in detection bias.</p>\n<p>In conclusion, this meta-analysis extends earlier findings of an increased incidence of diabetes with statin therapy by providing evidence of a dosedependent association.</p></section>\n<section><p>Dr Ray had full access to all of the data in the study and takes responsibility for the integrity of the data and the accuracy of the data analysis. Drs Preiss</p></section></content>",
    "ctr": 0.1,
    "custom_score": 1.0,
    "id": {
        "dois": [
            "10.1001/jama.2011.860"
        ]
    },
    "issued_at": 1308700800,
    "languages": [
        "en"
    ],
    "links": [
        {
            "cid": "bafkr4igpzqfkdhsslccrnxmyrkmp2l44w6ygc24nsnkrbanztlja6edryu",
            "extension": "pdf",
            "filesize": 426421,
            "md5": "f8c8f6f6f419b6e1a91f899d303ea8d3",
            "type": "primary"
        }
    ],
    "metadata": {
        "container_title": "JAMA",
        "first_page": 2556,
        "issns": [
            "0098-7484"
        ],
        "issue": "24",
        "publisher": "American Medical Association (AMA)",
        "volume": "305"
    },
    "page_rank": 0.27500868,
    "referenced_by_count": 1031,
    "tags": [
        "General Medicine"
    ],
    "title": "Risk of Incident Diabetes With Intensive-Dose Compared With Moderate-Dose Statin Therapy: A Meta-analysis",
    "type": "journal-article",
    "updated_at": 1695567622
}