{
    "abstract": "<abstract><section><header>OBJECTIVE</header>\n<p>To test the hypothesis that an intervention involving a facilitated physician small-group curriculum would result in improvement in well-being.</p>\n<p>DESIGN, SETTING, AND PARTICIPANTS Randomized clinical trial of 74 practicing physicians in the Department of Medicine at the Mayo Clinic in Rochester, Minnesota, conducted between September 2010 and June 2012. Additional data were collected on 350 nontrial participants responding to annual surveys timed to coincide with the trial surveys.</p></section>\n<section><header>INTERVENTIONS</header>\n<p>The intervention involved 19 biweekly facilitated physician discussion groups incorporating elements of mindfulness, reflection, shared experience, and small-group learning for 9 months. Protected time (1 hour of paid time every other week) for participants was provided by the institution.</p></section>\n<section><header>MAIN OUTCOMES AND MEASURES</header>\n<p>Meaning in work, empowerment and engagement in work, burnout, symptoms of depression, quality of life, and job satisfaction assessed using validated metrics.</p></section>\n<section><header>Results</header>\n<p>Empowerment and engagement at work increased by 5.3 points in the intervention arm vs a 0.5-point decline in the control arm by 3 months after the study (P = .04), an improvement sustained at 12 months (+5.5 vs +1.3 points; P = .03). Rates of high depersonalization at 3 months had decreased by 15.5% in the intervention arm vs a 0.8% increase in the control arm (P = .004). This difference was also sustained at 12 months (9.6% vs 1.5% decrease; P = .02). No statistically significant differences in stress, symptoms of depression, overall quality of life, or job satisfaction were seen. In additional comparisons including the nontrial physician cohort, the proportion of participants strongly agreeing that their work was meaningful increased 6.3% in the study intervention arm but decreased 6.3% in the study control arm and 13.4% in the nonstudy cohort (P = .04). Rates of depersonalization, emotional exhaustion, and overall burnout decreased substantially in the trial intervention arm, decreased slightly in the trial control arm, and increased in the nontrial cohort (P = .03, .007, and .002 for each outcome, respectively).</p></section>\n<section><header>CONCLUSIONS AND RELEVANCE</header>\n<p>An intervention for physicians based on a facilitated small-group curriculum improved meaning and engagement in work and reduced depersonalization, with sustained results at 12 months after the study.</p>\n<p>TRIAL REGISTRATION clinicaltrials.gov Identifier: NCT01159977</p></section></abstract>",
    "authors": [
        {
            "family": "West",
            "given": "Colin P."
        },
        {
            "family": "Dyrbye",
            "given": "Liselotte N."
        },
        {
            "family": "Rabatin",
            "given": "Jeff T."
        },
        {
            "family": "Call",
            "given": "Tim G."
        },
        {
            "family": "Davidson",
            "given": "John H."
        },
        {
            "family": "Multari",
            "given": "Adamarie"
        },
        {
            "family": "Romanski",
            "given": "Susan A."
        },
        {
            "family": "Hellyer",
            "given": "Joan M. Henriksen"
        },
        {
            "family": "Sloan",
            "given": "Jeff A."
        },
        {
            "family": "Shanafelt",
            "given": "Tait D."
        }
    ],
    "content": "<content><section><header>D</header>\n<p>istress among physicians is a significant problem in modern medicine. Burnout affects nearly half of medical students, <ref target=\"#b0\" type=\"bibr\">1</ref> residents, <ref target=\"#b1\" type=\"bibr\">2</ref> and practicing physicians in the United States. <ref target=\"#b2\" type=\"bibr\">3,</ref><ref target=\"#b3\" type=\"bibr\">4</ref> In addition, symptoms of depression are common among physicians, <ref target=\"#b3\" type=\"bibr\">4</ref> who report high rates of dissatisfaction with quality of life and work-life balance. <ref target=\"#b1\" type=\"bibr\">2,</ref><ref target=\"#b3\" type=\"bibr\">4</ref> These issues are important because they have potential for serious consequences on patient care, <ref target=\"#b4\" type=\"bibr\">[5]</ref><ref target=\"#b5\" type=\"bibr\">[6]</ref><ref target=\"#b6\" type=\"bibr\">[7]</ref> professionalism, <ref target=\"#b7\" type=\"bibr\">8,</ref><ref target=\"#b8\" type=\"bibr\">9</ref> physicians' own care and safety, <ref target=\"#b9\" type=\"bibr\">10,</ref><ref target=\"#b10\" type=\"bibr\">11</ref> and the viability of the health care system. <ref target=\"#b11\" type=\"bibr\">12</ref> Despite the prevalence and ramifications of physician distress, few studies have tested interventions to address the problem. Most studies have evaluated individual-focused strategies (eg, personal stress reduction and resilience training) conducted on participants' personal time and have provided limited information to indicate efficacy. <ref target=\"#b12\" type=\"bibr\">[13]</ref><ref target=\"#b13\" type=\"bibr\">[14]</ref><ref target=\"#b14\" type=\"bibr\">[15]</ref> Other studies have suggested that fostering self-awareness can help physicians identify what they value and connect with what is most meaningful in their work. <ref target=\"#b15\" type=\"bibr\">16</ref> Such mindfulness-oriented training is intended to promote patient-oriented care and physician well-being through attention, awareness, intention, and self-reflection. <ref target=\"#b16\" type=\"bibr\">[17]</ref><ref target=\"#b17\" type=\"bibr\">[18]</ref><ref target=\"#b18\" type=\"bibr\">[19]</ref><ref target=\"#b19\" type=\"bibr\">[20]</ref> Additional approaches include Balint groups, in which physician groups explore the physicianpatient relationship in discussions prompted by a specific patient interaction, <ref target=\"#b15\" type=\"bibr\">16</ref> and informal Doctoring to Heal physician discussion groups, which may foster greater personal awareness and increase physician satisfaction. <ref target=\"#b17\" type=\"bibr\">18</ref> Outcome measures from these approaches are scarce, and application of validated instruments in such studies has been limited. In addition, studies of these approaches have almost exclusively applied single-arm, nonrandomized designs.</p>\n<p>Given the effect of physician distress on quality of care and turnover, physicians and health care employers have a shared responsibility to promote physician well-being. <ref target=\"#b20\" type=\"bibr\">21</ref> We report the results of a randomized clinical trial testing an intervention with protected time (1 hour of paid time every other week, equal to 0.9% full-time equivalent) provided by the institution to promote well-being and reduce distress in physicians. Building on previous literature, <ref target=\"#b12\" type=\"bibr\">[13]</ref><ref target=\"#b13\" type=\"bibr\">[14]</ref><ref target=\"#b14\" type=\"bibr\">[15]</ref><ref target=\"#b15\" type=\"bibr\">[16]</ref><ref target=\"#b16\" type=\"bibr\">[17]</ref><ref target=\"#b17\" type=\"bibr\">[18]</ref><ref target=\"#b18\" type=\"bibr\">[19]</ref><ref target=\"#b19\" type=\"bibr\">[20]</ref> this intervention involved facilitated physician discussion groups organized around a curriculum incorporating elements of mindfulness, reflection, shared experience, and small-group learning intended to promote collegiality and community at work among participants. We hypothesized that this intervention would result in improved meaning in work and positively affect well-being domains most closely tied to meaning, including burnout.</p></section>\n<section><header>Methods</header></section>\n<section><header>Study Design, Setting, and Participants</header>\n<p>This was a single-center, randomized clinical trial with a planned enrollment of 90 practicing physicians in the Department of Medicine at the Mayo Clinic in Rochester, Minnesota. The study was conducted between September 2010 and June 2012. Participants were recruited through electronic departmental communications, mailings, and announcements at departmental and division meetings. All volunteers provided written informed consent for participation in the trial. In addition, data on the cohort of nontrial participants who provided responses to departmental surveys conducted annually and coinciding with the trial baseline surveys were evaluated. This study was approved by the Mayo Clinic Institutional Review Board.</p></section>\n<section><header>Randomization, Allocation Concealment, and Follow-up</header>\n<p>Participants were randomized in a concealed fashion into 2 groups via a computer-generated algorithm. Randomization was stratified by sex and specialty (general internal medicine or other internal medicine specialty) using permuted blocks. Participants were evaluated at baseline, every 3 months through the 9-month study intervention, and at 3 and 12 months following the study.</p></section>\n<section><header>Study Arms</header>\n<p>Volunteers in both arms of the trial received 1 hour of protected time every other week to allow their participation during the workday in place of clinical activities. Those in the control arm could schedule and use this hour of protected time in any manner they believed was most useful but did not participate in the formal curriculum.</p>\n<p>Participants randomized to the intervention arm engaged in a facilitated small-group curriculum administered at 1-hour meetings occurring once every 2 weeks for 9 months, for a total of 19 sessions. The 37 intervention arm participants were divided into 4 small groups (8-10 physicians each) with similar compositions by sex and specialty. Topics addressed during these sessions were organized into modules entitled \"self,\" \"patient,\" and \"balance\" and included meaning in work, personal and professional balance, medical mistakes, community, caring for patients, and other topics relevant to the work experiences of practicing physicians (eAppendix 1 in the Supplement). Each session followed the same general structure: (1) check-in and welcome, (2) preparing the environment (eg, journaling and reflective exercise), (3) facilitated group discussion, (4) learned skills and solutions, and (5) checkout and summary (eAppendix 2 in the Supplement).</p>\n<p>The study facilitators were practicing internal medicine physicians with specific expertise in communication and teaching courses involving small-group facilitation. These individuals, who completed an additional 4-hour training session specific to the study curriculum before commencement of the small-group sessions, also participated in 1-hour, biweekly facilitator meetings to debrief and prepare for the next session.</p></section>\n<section><header>Study Outcomes</header>\n<p>Multiple validated instruments were used to measure domains of meaning in work, well-being, and distress in the randomized and nontrial groups. Surveys were administered to trial participants electronically by the Mayo Clinic Survey Research Center at baseline and every 3 months throughout the study, as well as 3 and 12 months after the conclusion of the intervention. The baseline and 3-month poststudy surveys were timed to coincide with department-wide electronic surveys of physician well-being also administered by the Mayo Clinic Survey Research Center to allow comparison of study participants with other eligible physicians electing not to participate in the trial.</p>\n<p>In the randomized arms of the study, we applied the Physician Job Satisfaction Scale <ref target=\"#b21\" type=\"bibr\">22</ref> (an average of 12 items on a 1-5 scale ranging from strongly disagree to strongly agree; range, 1-5) to measure satisfaction at work and the Empowerment at Work Scale <ref target=\"#b22\" type=\"bibr\">23</ref> (a total of 12 items on a 1-7 scale ranging from very strongly disagree to very strongly agree; range, 12-84) to measure empowerment, engagement, and meaning at work. Quality of life (QOL) and fatigue were measured by single-item linear analog scale assessment questions with a response range from 0 (as bad as it can be) to 10 (as good as it can be). <ref target=\"#b23\" type=\"bibr\">24</ref> Poor QOL was defined by a score of 5 or less since this threshold correlates with poor outcomes in clinical studies. <ref target=\"#b24\" type=\"bibr\">25</ref> In addition, we used the Medical Outcomes Study Short-Form Health Survey, which has 8 items with 5-and 6-point Likert-type scales. This instrument generates norm-based scores, calibrated to a mean score of 50, which are assigned to domains of mental and physical health. <ref target=\"#b26\" type=\"bibr\">26</ref> Burnout, a syndrome encompassing 3 domains (depersonalization, emotional exhaustion, and a sense of low personal accomplishment) that is associated with decreased work performance, was measured with the Maslach Burnout Inventory, using established thresholds to define high levels of burnout in each domain. <ref target=\"#b27\" type=\"bibr\">27</ref> Stress was measured using the Perceived Stress Scale (a total of 10 items scored on a 0-4 scale ranging from never to very often; range, 0-40). <ref target=\"#b28\" type=\"bibr\">28</ref> Depression screening used the 2-question approach described by Spitzer et al <ref target=\"#b29\" type=\"bibr\">29</ref> and validated by Whooley et al. <ref target=\"#b30\" type=\"bibr\">30</ref> Empathy was measured using the Jefferson Scale of Physician Empathy (a total of 20 items on a 1-7 scale ranging from strongly disagree to strongly agree; range, 20-140). <ref target=\"#b31\" type=\"bibr\">31</ref> Each of these metrics has been validated across a wide range of medical conditions and populations, including physicians.</p>\n<p>In the nontrial cohort, an abbreviated survey was used. This survey included a single item measuring meaning at work drawn from the Empowerment at Work Scale, <ref target=\"#b22\" type=\"bibr\">23</ref> single-item measures of depersonalization and emotional exhaustion, <ref target=\"#b32\" type=\"bibr\">32,</ref><ref target=\"#b33\" type=\"bibr\">33</ref> and the single-item linear analog scale assessment QOL item. <ref target=\"#b23\" type=\"bibr\">24</ref> </p></section>\n<section><header>Statistical Analysis</header>\n<p>Standard univariate statistics were used to characterize the sample. The changes in each well-being metric from study baseline to study end, as well as at 3 and 12 months following the study, were analyzed according to the intent-to-treat principle using generalized estimating equations to account for the repeated-measures design. Because of baseline differences across groups for several variables, all analyses were adjusted for levels of distress at study onset. All tests were 2-sided (α = 0.05). Statistical analyses were performed using SAS, version 9.2 (SAS Institute, Inc).</p></section>\n<section><header>Results</header></section>\n<section><header>Sample Characteristics and Baseline Measures</header>\n<p>Of 565 practicing physicians in the Mayo Clinic Department of Medicine, 74 consenting volunteers were randomized equally to the 2 arms of the intervention study (Figure <ref target=\"#fig_0\" type=\"figure\">1</ref>). As described, participants were randomized in blocks by sex and medical subspecialization. Baseline characteristics of the 2 trial groups were generally similar, with no statistically signifi-cant differences observed, although the intervention arm had slightly higher rates of high emotional exhaustion and overall burnout. The 350 members of the nontrial cohort included fewer women and general internists than did the trial groups but had rates of baseline distress similar to those of the trial participants (Table <ref target=\"#tab_1\" type=\"table\">1</ref>).</p>\n<p>Of the 37 participants in each arm of the study, 34 (91.9%) provided survey responses. With this sample size, power was 80% to detect a moderate Cohen f 2 effect size of 0.15. Of the 491 nonstudy participants, 350 (71.3%) provided survey responses. With this sample size, power was 80% to detect a small Cohen f 2 effect size of 0.02.</p></section>\n<section><header>Randomized Arms</header>\n<p>The 35 participants analyzed in the intervention arm attended a mean of 11.7 of 19 facilitated small-group sessions. Outcomes comparing the randomized arms of the study are shown in Table <ref target=\"#tab_2\" type=\"table\">2</ref>. At the end of the 9-month intervention period, empowerment and engagement at work rose by 2.6 points in the intervention arm vs 0.8 points in the control arm (P = .33). Three months after the study, empowerment and engagement at work had increased by 5.3 points in the intervention arm vs a 0.5point decline in the control arm (P = .04), a difference sustained at 12 months (+5.5 vs +1.3 points; P = .03). Differences in rates of emotional exhaustion and overall burnout were small, but the rate of high depersonalization 3 months following the study had decreased by 15.5% in the intervention arm vs a 0.8% increase in the control arm (P = .004). This difference was also sustained at 12 months (9.6% vs 1.5% decrease; P = .02).</p>\n<p>No statistically significant differences in stress, symptoms of depression, overall QOL, or job satisfaction were seen. Differences in mental and physical well-being, fatigue, and empathy were also small and not statistically significant (data not shown).  </p></section>\n<section><header>Comparisons With the Nontrial Cohort</header>\n<p>Comparison of outcomes in the eligible physicians who chose not to participate (nontrial cohort) with those in the randomized arms of the study is shown in Figure <ref type=\"figure\">2</ref>. The proportion of participants strongly agreeing that their work was meaningful increased in the trial intervention arm but decreased in the trial control arm and the nonstudy cohort (P = .04). Rates of burnout dropped sub-stantially in the trial intervention arm, declined slightly in the trial control arm and increased in the nonstudy cohort (P = .03, .007, and .002 for depersonalization, emotional exhaustion, and overall burnout, respectively). Rates of poor QOL improved most in the trial intervention arm (15.2% vs 0.6% decrease in the trial control arm and 7.3% increase in the nontrial cohort), but these differences were not statistically significant (P = .57).  </p></section>\n<section><header>Discussion</header>\n<p>To our knowledge, this study is the first randomized clinical trial evaluating an initiative with employer-provided protected time designed to promote meaning in work and reduce distress among physicians. This trial evaluated whether a facilitated small-group curriculum was an effective way to use employer-provided protected time and compared participants in both active arms of the trial with eligible nonparticipants. Participants in the facilitated small-group intervention experienced significant improvements in meaning, empowerment, and engagement in work beyond that seen in the physicians receiving only protected time. These differences, which became most apparent toward the end of the study period, were sustained for 12 months after the end of the intervention period. In addition, rates of depersonalization decreased markedly in the intervention arm of the study compared with the control arm, a result that was also sustained for 12 months following the study. These findings suggest that although receiving unstructured protected time offered some benefits by itself, the advantages of the small-group curriculum were greater and persisted after the intervention concluded, particularly for meaning and the closely associated interpersonal aspects of burnout. <ref target=\"#b20\" type=\"bibr\">21</ref> Differences in other domains of burnout and distress were not found between the trial arms, although compared with the nontrial participants, the facilitated small-group intervention resulted in improvements more broadly, including across all domains of burnout. The observed improvements in some but not all domains of well-being suggest that approaches to physician distress likely must be directed at specific targets. The intervention in this study was primarily designed to promote meaning at work through collegiality, community, shared experience, and reflection centered on discussions of topics related to the experience of being a physician, within the safety of a confidential small group. The topics covered in the curriculum included a focus on skills in reflection, self-awareness, and mindfulness, with this combination of community building and skill acquisition expected to promote a sense of connectedness and meaning in one's work. <ref target=\"#b34\" type=\"bibr\">34</ref> Additional interventions designed to more specifically address other elements of distress may be necessary to affect those domains, including those extending beyond the workplace, such as QOL and symptoms of depression.</p>\n<p>The results of this study illustrate the potential of institutional commitments to physician well-being programs to offer at least partial solutions to the current crisis of physician burnout and dissatisfaction. Given the shared responsibility of physicians and health care organizations to promote physician well-being, <ref target=\"#b20\" type=\"bibr\">21</ref> maximal benefit is likely to require coupling institutional approaches (both institutionally supported individual efforts and restructuring of the institutional environment) with existing individual strategies to promote wellness such as mindfulness and resilience training. <ref target=\"#b14\" type=\"bibr\">15,</ref><ref target=\"#b18\" type=\"bibr\">19</ref> Such a comprehensive approach has the potential to replace a culture of distress among physicians with a culture of thriving and flourishing. <ref target=\"#b35\" type=\"bibr\">35</ref> This study is subject to a number of limitations. First, the sample size in the randomized portion of the study was small. Second, the trial participants reflect a self-selected group of physician volunteers. Therefore, although comparisons between the trial and nontrial participants were adjusted for differences in measured demographic factors and baseline levels of distress, it is possible other important differences existed between these groups. Third, all participants were internal medicine physicians from a single academic medical center.</p>\n<p>The baseline well-being and distress levels in this study were generally similar to those reported in previous studies of physicians, <ref target=\"#b2\" type=\"bibr\">3,</ref><ref target=\"#b3\" type=\"bibr\">4</ref> but these results may not be fully generalizable to other practices. For these reasons, the effectiveness of this intervention should be replicated in additional samples of physicians in other practice settings. Finally, it is not known which elements of this curriculum had the greatest effect on each outcome or if the full curriculum is necessary to achieve the benefits found in this trial, so future work should address the influence of specific aspects of the curriculum on physician well-being. More broadly, additional research using rigorous comparative designs is needed to better understand which interventions are most useful in improving well-being across its many dimensions, as well as which physicians would benefit the most from specific approaches.</p></section>\n<section><header>Conclusions</header>\n<p>This randomized clinical trial demonstrates that a facilitated small-group curriculum for physicians with protected time provided by the institution can improve elements of physician wellbeing, including meaning, empowerment, and engagement in work, and reduce distress, including depersonalization. This intervention is not a panacea for physician distress but represents an important addition to the medical profession's understanding of and ability to meaningfully promote physician well-being.</p></section>\n<section><header>Invited Commentary</header>\n<p>Physician Well-being Addressing Downstream Effects, but Looking Upstream Lara Goitein, MD In this issue of JAMA Internal Medicine, West et al <ref target=\"#b0\" type=\"bibr\">1</ref> report results of a randomized clinical trial of an intervention to improve physicians' psychological well-being. The intervention-a series of small-group discussionsshowed success in 2 indicators of distress. But the results also constitute a warning about the growing demoralization of physicians.</p>\n<p>The participants were 74 internal medicine physicians at the Mayo Clinic. West et al 1 studied whether facilitated discussions in small groups, related to physician well-being and work experience, could reduce burnout and influence other measures of psychological health. (Burnout, characterized by a loss of enthusiasm for work, cynicism, and feelings of low accomplishment, is reported to affect almost half of US physicians. <ref target=\"#b1\" type=\"bibr\">2</ref> ) The physicians from both the intervention and control arms received 1 hour of paid time every 2 weeks, taken from clinical activities, to use for the discussions-or, in the control group, for any purpose they chose. The intervention lasted 9 months, with 1 year of follow-up.</p>\n<p>Compared with the control group, the intervention group showed a substantial and sustained reduction in depersonalization (one of the subscales assessing burnout), which is manifested as a sense of alienation from patients, and better scores on the Empowerment at Work Scale, which measures a sense of control, participation, and meaning. No significant difference was observed in the other measures tested.</p>\n<p>Why was the intervention successful, albeit narrowly? There is some evidence that fostering reflection and selfawareness can improve physicians' sense of well-being. <ref target=\"#b2\" type=\"bibr\">3</ref> In addition, collegiality is associated with physicians' professional satisfaction, and these small groups may have created an important sense of community. <ref target=\"#b3\" type=\"bibr\">4</ref> In any case, the small-group sessions appear to have been effective in reconnecting many physicians to their patients, and to the worth of their work.</p>\n<p>It is interesting to consider the differences between the measures of well-being that did improve compared with the control arm, and the measures that did not. Depersonalization was ascertained by responses to statements such as, \"I've become more callous toward people since I took this job,\" and \"I feel I treat some recipients as if they were impersonal objects.\" The Empowerment at Work Scale consists of statements such as, \"The work I do is meaningful to me.\" Both measures could be construed as representing fairly downstream effects of the work environment. In contrast, measures such as emotional exhaustion (which did not differ between the study groups), assessed with statements such as \"I feel I'm working too hard on my job,\" may more directly represent Related article page 527</p></section>\n<section><p>Dr West had full access to all the data in the study and takes responsibility for the integrity of the data and the accuracy of the data analysis.</p></section>\n<section><header>Conflict of Interest Disclosures: None reported.</header>\n<p>Funding/Support: This study was supported by the Mayo Clinic Program on Professionalism and Ethics and the Department of Medicine at Mayo Clinic Rochester.</p></section>\n<section><header>Role of the Sponsors:</header>\n<p>The funding source had no role in the design and conduct of the study; collection, management, analysis, or interpretation of the data; preparation, review, or approval of the manuscript; and decision to submit the manuscript for publication.</p></section></content>",
    "ctr": 0.1,
    "custom_score": 1.0,
    "id": {
        "dois": [
            "10.1001/jamainternmed.2013.14387"
        ]
    },
    "issued_at": 1396310400,
    "languages": [
        "en"
    ],
    "links": [
        {
            "cid": "bafkr4iecd3tuv6xrhftbavsdyjmpsrmyumv4gltvlu7qzwt2juafphgbfi",
            "extension": "pdf",
            "filesize": 323306,
            "md5": "7cf6ae02dd5638ec3e5986a69e0b9501",
            "type": "primary"
        }
    ],
    "metadata": {
        "container_title": "JAMA Internal Medicine",
        "first_page": 527,
        "issns": [
            "2168-6106"
        ],
        "issue": "4",
        "volume": "174"
    },
    "page_rank": 0.27454895,
    "referenced_by_count": 470,
    "tags": [
        "Internal Medicine"
    ],
    "title": "Intervention to Promote Physician Well-being, Job Satisfaction, and Professionalism: A Randomized Clinical Trial",
    "type": "journal-article",
    "updated_at": 1693680568
}